component_id,lot_id,component_type,test_id,timestamp,temperature,voltage,current,leakage_current,propagation_delay,measurement_time_hours,nominal_limit,safe_drift_limit,synthetic_profile,dataset_source
C1001,LOT_2026_01,OPAMP_LM741,TEST_LOT_2026_01_0H,2026-08-09 08:00:00,25.0,15.0972,1.877,10.0824,354.2217,0,50.0,25.0,NORMAL,Synthetic / Demonstration Dataset
C1001,LOT_2026_01,OPAMP_LM741,TEST_LOT_2026_01_24H,2026-08-10 08:00:00,125.0,15.2369,1.8612,12.2827,354.4982,24,50.0,25.0,NORMAL,Synthetic / Demonstration Dataset
C1001,LOT_2026_01,OPAMP_LM741,TEST_LOT_2026_01_96H,2026-08-13 08:00:00,125.0,14.9305,1.8033,12.6542,357.174,96,50.0,25.0,NORMAL,Synthetic / Demonstration Dataset
C1001,LOT_2026_01,OPAMP_LM741,TEST_LOT_2026_01_168H,2026-08-16 08:00:00,85.0,14.7413,1.7807,10.8832,351.8967,168,50.0,25.0,NORMAL,Synthetic / Demonstration Dataset
C1002,LOT_2026_01,OPAMP_LM741,TEST_LOT_2026_01_0H,2026-08-05 08:00:00,25.0,14.8638,1.7356,10.6255,360.4425,0,50.0,25.0,NORMAL,Synthetic / Demonstration Dataset
C1002,LOT_2026_01,OPAMP_LM741,TEST_LOT_2026_01_24H,2026-08-06 08:00:00,125.0,15.0101,1.7581,12.9364,354.5628,24,50.0,25.0,NORMAL,Synthetic / Demonstration Dataset
C1002,LOT_2026_01,OPAMP_LM741,TEST_LOT_2026_01_96H,2026-08-09 08:00:00,125.0,14.8274,1.8503,13.1505,354.473,96,50.0,25.0,NORMAL,Synthetic / Demonstration Dataset
C1002,LOT_2026_01,OPAMP_LM741,TEST_LOT_2026_01_168H,2026-08-12 08:00:00,85.0,14.9097,1.9148,12.2178,356.0617,168,50.0,25.0,NORMAL,Synthetic / Demonstration Dataset
C1003,LOT_2026_01,OPAMP_LM741,TEST_LOT_2026_01_0H,2026-08-03 08:00:00,25.0,15.1234,1.7287,8.9791,355.2206,0,50.0,25.0,NORMAL,Synthetic / Demonstration Dataset
C1003,LOT_2026_01,OPAMP_LM741,TEST_LOT_2026_01_24H,2026-08-04 08:00:00,125.0,14.8008,1.8153,10.5446,357.8569,24,50.0,25.0,NORMAL,Synthetic / Demonstration Dataset
C1003,LOT_2026_01,OPAMP_LM741,TEST_LOT_2026_01_96H,2026-08-07 08:00:00,125.0,14.9827,1.7969,11.1966,350.4235,96,50.0,25.0,NORMAL,Synthetic / Demonstration Dataset
C1003,LOT_2026_01,OPAMP_LM741,TEST_LOT_2026_01_168H,2026-08-10 08:00:00,85.0,14.9309,1.8547,10.1821,356.2937,168,50.0,25.0,NORMAL,Synthetic / Demonstration Dataset
C1004,LOT_2026_01,OPAMP_LM741,TEST_LOT_2026_01_0H,2026-08-02 08:00:00,25.0,15.0486,1.7621,8.1327,351.6971,0,50.0,25.0,NORMAL,Synthetic / Demonstration Dataset
C1004,LOT_2026_01,OPAMP_LM741,TEST_LOT_2026_01_24H,2026-08-03 08:00:00,125.0,15.1546,1.848,10.1461,352.1358,24,50.0,25.0,NORMAL,Synthetic / Demonstration Dataset
C1004,LOT_2026_01,OPAMP_LM741,TEST_LOT_2026_01_96H,2026-08-06 08:00:00,125.0,15.0497,1.8489,10.0079,353.3269,96,50.0,25.0,NORMAL,Synthetic / Demonstration Dataset
C1004,LOT_2026_01,OPAMP_LM741,TEST_LOT_2026_01_168H,2026-08-09 08:00:00,85.0,14.834,1.7349,9.4735,357.5806,168,50.0,25.0,NORMAL,Synthetic / Demonstration Dataset
C1005,LOT_2026_01,OPAMP_LM741,TEST_LOT_2026_01_0H,2026-08-07 08:00:00,25.0,14.9892,1.8689,11.8758,357.2036,0,50.0,25.0,NORMAL,Synthetic / Demonstration Dataset
C1005,LOT_2026_01,OPAMP_LM741,TEST_LOT_2026_01_24H,2026-08-08 08:00:00,125.0,15.0542,1.9203,14.3362,357.0427,24,50.0,25.0,NORMAL,Synthetic / Demonstration Dataset
C1005,LOT_2026_01,OPAMP_LM741,TEST_LOT_2026_01_96H,2026-08-11 08:00:00,125.0,14.607,1.8928,15.1743,357.8918,96,50.0,25.0,NORMAL,Synthetic / Demonstration Dataset
C1005,LOT_2026_01,OPAMP_LM741,TEST_LOT_2026_01_168H,2026-08-14 08:00:00,85.0,15.0138,1.7368,13.615,356.0386,168,50.0,25.0,NORMAL,Synthetic / Demonstration Dataset
C1006,LOT_2026_01,OPAMP_LM741,TEST_LOT_2026_01_0H,2026-08-01 08:00:00,25.0,15.2217,1.7809,10.6769,352.5087,0,50.0,25.0,NORMAL,Synthetic / Demonstration Dataset
C1006,LOT_2026_01,OPAMP_LM741,TEST_LOT_2026_01_24H,2026-08-02 08:00:00,125.0,15.1373,1.8458,12.9318,354.6118,24,50.0,25.0,NORMAL,Synthetic / Demonstration Dataset
C1006,LOT_2026_01,OPAMP_LM741,TEST_LOT_2026_01_96H,2026-08-05 08:00:00,125.0,15.0146,1.882,13.357,354.2213,96,50.0,25.0,NORMAL,Synthetic / Demonstration Dataset
C1006,LOT_2026_01,OPAMP_LM741,TEST_LOT_2026_01_168H,2026-08-08 08:00:00,85.0,14.9412,1.7494,12.2593,357.1661,168,50.0,25.0,NORMAL,Synthetic / Demonstration Dataset
C1007,LOT_2026_01,OPAMP_LM741,TEST_LOT_2026_01_0H,2026-08-14 08:00:00,25.0,15.0008,1.7939,10.5616,350.327,0,50.0,25.0,NORMAL,Synthetic / Demonstration Dataset
C1007,LOT_2026_01,OPAMP_LM741,TEST_LOT_2026_01_24H,2026-08-15 08:00:00,125.0,14.9486,1.788,12.813,355.842,24,50.0,25.0,NORMAL,Synthetic / Demonstration Dataset
C1007,LOT_2026_01,OPAMP_LM741,TEST_LOT_2026_01_96H,2026-08-18 08:00:00,125.0,15.2829,1.8405,13.1794,357.4911,96,50.0,25.0,NORMAL,Synthetic / Demonstration Dataset
C1007,LOT_2026_01,OPAMP_LM741,TEST_LOT_2026_01_168H,2026-08-21 08:00:00,85.0,14.7122,1.8211,12.2437,356.3326,168,50.0,25.0,NORMAL,Synthetic / Demonstration Dataset
C1008,LOT_2026_01,OPAMP_LM741,TEST_LOT_2026_01_0H,2026-08-09 08:00:00,25.0,14.9711,1.8471,13.2042,356.4806,0,50.0,25.0,NORMAL,Synthetic / Demonstration Dataset
C1008,LOT_2026_01,OPAMP_LM741,TEST_LOT_2026_01_24H,2026-08-10 08:00:00,125.0,15.1714,1.8956,15.8046,360.6709,24,50.0,25.0,NORMAL,Synthetic / Demonstration Dataset
C1008,LOT_2026_01,OPAMP_LM741,TEST_LOT_2026_01_96H,2026-08-13 08:00:00,125.0,15.2104,1.7887,15.8777,359.9929,96,50.0,25.0,NORMAL,Synthetic / Demonstration Dataset
C1008,LOT_2026_01,OPAMP_LM741,TEST_LOT_2026_01_168H,2026-08-16 08:00:00,85.0,14.8514,1.8339,16.2181,358.4578,168,50.0,25.0,NORMAL,Synthetic / Demonstration Dataset
C1009,LOT_2026_01,OPAMP_LM741,TEST_LOT_2026_01_0H,2026-08-01 08:00:00,25.0,14.9245,1.7754,15.2884,357.8841,0,50.0,25.0,LOT_ANOMALY,Synthetic / Demonstration Dataset
C1009,LOT_2026_01,OPAMP_LM741,TEST_LOT_2026_01_24H,2026-08-02 08:00:00,125.0,15.071,1.8397,18.5636,364.7066,24,50.0,25.0,LOT_ANOMALY,Synthetic / Demonstration Dataset
C1009,LOT_2026_01,OPAMP_LM741,TEST_LOT_2026_01_96H,2026-08-05 08:00:00,125.0,14.9517,1.9324,19.1701,355.277,96,50.0,25.0,LOT_ANOMALY,Synthetic / Demonstration Dataset
C1009,LOT_2026_01,OPAMP_LM741,TEST_LOT_2026_01_168H,2026-08-08 08:00:00,85.0,15.1961,1.8089,18.9303,360.1114,168,50.0,25.0,LOT_ANOMALY,Synthetic / Demonstration Dataset
C1010,LOT_2026_01,OPAMP_LM741,TEST_LOT_2026_01_0H,2026-08-06 08:00:00,25.0,15.1173,1.7438,10.5602,350.6585,0,50.0,25.0,NORMAL,Synthetic / Demonstration Dataset
C1010,LOT_2026_01,OPAMP_LM741,TEST_LOT_2026_01_24H,2026-08-07 08:00:00,125.0,15.0445,1.8429,13.0375,357.7313,24,50.0,25.0,NORMAL,Synthetic / Demonstration Dataset
C1010,LOT_2026_01,OPAMP_LM741,TEST_LOT_2026_01_96H,2026-08-10 08:00:00,125.0,15.0348,1.8425,12.7875,353.8935,96,50.0,25.0,NORMAL,Synthetic / Demonstration Dataset
C1010,LOT_2026_01,OPAMP_LM741,TEST_LOT_2026_01_168H,2026-08-13 08:00:00,85.0,15.0711,1.7715,13.1113,358.8536,168,50.0,25.0,NORMAL,Synthetic / Demonstration Dataset
C1011,LOT_2026_01,OPAMP_LM741,TEST_LOT_2026_01_0H,2026-08-11 08:00:00,25.0,15.1181,1.8487,9.0787,351.667,0,50.0,25.0,NORMAL,Synthetic / Demonstration Dataset
C1011,LOT_2026_01,OPAMP_LM741,TEST_LOT_2026_01_24H,2026-08-12 08:00:00,125.0,15.0619,1.8548,11.3657,362.3216,24,50.0,25.0,NORMAL,Synthetic / Demonstration Dataset
C1011,LOT_2026_01,OPAMP_LM741,TEST_LOT_2026_01_96H,2026-08-15 08:00:00,125.0,14.8869,1.7672,11.1661,352.7277,96,50.0,25.0,NORMAL,Synthetic / Demonstration Dataset
C1011,LOT_2026_01,OPAMP_LM741,TEST_LOT_2026_01_168H,2026-08-18 08:00:00,85.0,15.0512,1.8197,10.5816,358.186,168,50.0,25.0,NORMAL,Synthetic / Demonstration Dataset
C1012,LOT_2026_01,OPAMP_LM741,TEST_LOT_2026_01_0H,2026-08-07 08:00:00,25.0,15.218,1.7894,10.264,364.6526,0,50.0,25.0,NORMAL,Synthetic / Demonstration Dataset
C1012,LOT_2026_01,OPAMP_LM741,TEST_LOT_2026_01_24H,2026-08-08 08:00:00,125.0,14.8714,1.7735,12.7069,358.0421,24,50.0,25.0,NORMAL,Synthetic / Demonstration Dataset
C1012,LOT_2026_01,OPAMP_LM741,TEST_LOT_2026_01_96H,2026-08-11 08:00:00,125.0,15.1071,1.8496,12.5963,356.0433,96,50.0,25.0,NORMAL,Synthetic / Demonstration Dataset
C1012,LOT_2026_01,OPAMP_LM741,TEST_LOT_2026_01_168H,2026-08-14 08:00:00,85.0,14.7728,1.7933,11.5643,358.7795,168,50.0,25.0,NORMAL,Synthetic / Demonstration Dataset
C1013,LOT_2026_01,OPAMP_LM741,TEST_LOT_2026_01_0H,2026-08-11 08:00:00,25.0,14.8131,1.8137,10.5053,356.6012,0,50.0,25.0,SENSOR_NOISE,Synthetic / Demonstration Dataset
C1013,LOT_2026_01,OPAMP_LM741,TEST_LOT_2026_01_24H,2026-08-12 08:00:00,125.0,37.5576,1.8293,12.6342,352.3167,24,50.0,25.0,SENSOR_NOISE,Synthetic / Demonstration Dataset
C1013,LOT_2026_01,OPAMP_LM741,TEST_LOT_2026_01_96H,2026-08-15 08:00:00,125.0,15.0841,1.8851,,360.2359,96,50.0,25.0,SENSOR_NOISE,Synthetic / Demonstration Dataset
C1013,LOT_2026_01,OPAMP_LM741,TEST_LOT_2026_01_168H,2026-08-18 08:00:00,85.0,14.8593,1.8417,11.5967,357.5966,168,50.0,25.0,SENSOR_NOISE,Synthetic / Demonstration Dataset
C1014,LOT_2026_01,OPAMP_LM741,TEST_LOT_2026_01_0H,2026-08-12 08:00:00,25.0,15.5779,1.8372,10.8664,359.4077,0,50.0,25.0,NORMAL,Synthetic / Demonstration Dataset
C1014,LOT_2026_01,OPAMP_LM741,TEST_LOT_2026_01_24H,2026-08-13 08:00:00,125.0,15.0977,1.8193,13.5087,359.4107,24,50.0,25.0,NORMAL,Synthetic / Demonstration Dataset
C1014,LOT_2026_01,OPAMP_LM741,TEST_LOT_2026_01_96H,2026-08-16 08:00:00,125.0,14.9645,1.8069,13.1215,356.8473,96,50.0,25.0,NORMAL,Synthetic / Demonstration Dataset
C1014,LOT_2026_01,OPAMP_LM741,TEST_LOT_2026_01_168H,2026-08-19 08:00:00,85.0,14.7199,1.8709,13.6554,351.1832,168,50.0,25.0,NORMAL,Synthetic / Demonstration Dataset
C1015,LOT_2026_01,OPAMP_LM741,TEST_LOT_2026_01_0H,2026-08-02 08:00:00,25.0,15.1633,1.8,9.682,351.0689,0,50.0,25.0,NORMAL,Synthetic / Demonstration Dataset
C1015,LOT_2026_01,OPAMP_LM741,TEST_LOT_2026_01_24H,2026-08-03 08:00:00,125.0,15.1019,1.7803,11.6868,356.601,24,50.0,25.0,NORMAL,Synthetic / Demonstration Dataset
C1015,LOT_2026_01,OPAMP_LM741,TEST_LOT_2026_01_96H,2026-08-06 08:00:00,125.0,14.9023,1.9271,11.9949,358.2161,96,50.0,25.0,NORMAL,Synthetic / Demonstration Dataset
C1015,LOT_2026_01,OPAMP_LM741,TEST_LOT_2026_01_168H,2026-08-09 08:00:00,85.0,15.028,1.7708,10.3846,358.1758,168,50.0,25.0,NORMAL,Synthetic / Demonstration Dataset
C1016,LOT_2026_01,OPAMP_LM741,TEST_LOT_2026_01_0H,2026-08-04 08:00:00,25.0,14.9828,1.8182,9.2973,357.6788,0,50.0,25.0,NORMAL,Synthetic / Demonstration Dataset
C1016,LOT_2026_01,OPAMP_LM741,TEST_LOT_2026_01_24H,2026-08-05 08:00:00,125.0,14.9498,1.7873,11.1087,353.2677,24,50.0,25.0,NORMAL,Synthetic / Demonstration Dataset
C1016,LOT_2026_01,OPAMP_LM741,TEST_LOT_2026_01_96H,2026-08-08 08:00:00,125.0,15.0607,1.7585,12.1524,359.2887,96,50.0,25.0,NORMAL,Synthetic / Demonstration Dataset
C1016,LOT_2026_01,OPAMP_LM741,TEST_LOT_2026_01_168H,2026-08-11 08:00:00,85.0,15.1549,1.7421,11.8117,354.211,168,50.0,25.0,NORMAL,Synthetic / Demonstration Dataset
C1017,LOT_2026_01,OPAMP_LM741,TEST_LOT_2026_01_0H,2026-08-13 08:00:00,25.0,14.9644,2.2898,49.6195,374.7417,0,50.0,25.0,SEVERE_FAILURE,Synthetic / Demonstration Dataset
C1017,LOT_2026_01,OPAMP_LM741,TEST_LOT_2026_01_24H,2026-08-14 08:00:00,125.0,14.8601,2.4093,77.4063,388.3353,24,50.0,25.0,SEVERE_FAILURE,Synthetic / Demonstration Dataset
C1017,LOT_2026_01,OPAMP_LM741,TEST_LOT_2026_01_96H,2026-08-17 08:00:00,125.0,14.7008,2.7068,107.178,408.9897,96,50.0,25.0,SEVERE_FAILURE,Synthetic / Demonstration Dataset
C1017,LOT_2026_01,OPAMP_LM741,TEST_LOT_2026_01_168H,2026-08-20 08:00:00,85.0,15.1985,3.0829,138.9345,417.8374,168,50.0,25.0,SEVERE_FAILURE,Synthetic / Demonstration Dataset
C1018,LOT_2026_01,OPAMP_LM741,TEST_LOT_2026_01_0H,2026-08-10 08:00:00,25.0,15.3522,1.8234,10.3186,358.3434,0,50.0,25.0,NORMAL,Synthetic / Demonstration Dataset
C1018,LOT_2026_01,OPAMP_LM741,TEST_LOT_2026_01_24H,2026-08-11 08:00:00,125.0,15.0091,1.8581,12.5737,356.7282,24,50.0,25.0,NORMAL,Synthetic / Demonstration Dataset
C1018,LOT_2026_01,OPAMP_LM741,TEST_LOT_2026_01_96H,2026-08-14 08:00:00,125.0,15.1921,1.7898,12.0592,363.4192,96,50.0,25.0,NORMAL,Synthetic / Demonstration Dataset
C1018,LOT_2026_01,OPAMP_LM741,TEST_LOT_2026_01_168H,2026-08-17 08:00:00,85.0,15.0106,1.8451,12.3125,355.7765,168,50.0,25.0,NORMAL,Synthetic / Demonstration Dataset
C1019,LOT_2026_01,OPAMP_LM741,TEST_LOT_2026_01_0H,2026-08-12 08:00:00,25.0,14.927,1.8633,15.2884,360.7416,0,50.0,25.0,LOT_ANOMALY,Synthetic / Demonstration Dataset
C1019,LOT_2026_01,OPAMP_LM741,TEST_LOT_2026_01_24H,2026-08-13 08:00:00,125.0,14.9067,1.87,18.7788,362.7214,24,50.0,25.0,LOT_ANOMALY,Synthetic / Demonstration Dataset
C1019,LOT_2026_01,OPAMP_LM741,TEST_LOT_2026_01_96H,2026-08-16 08:00:00,125.0,15.0543,1.9315,20.2433,357.9177,96,50.0,25.0,LOT_ANOMALY,Synthetic / Demonstration Dataset
C1019,LOT_2026_01,OPAMP_LM741,TEST_LOT_2026_01_168H,2026-08-19 08:00:00,85.0,15.0828,1.8574,19.2939,353.3901,168,50.0,25.0,LOT_ANOMALY,Synthetic / Demonstration Dataset
C1020,LOT_2026_01,OPAMP_LM741,TEST_LOT_2026_01_0H,2026-08-03 08:00:00,25.0,14.8996,1.8459,8.7837,359.8268,0,50.0,25.0,NORMAL,Synthetic / Demonstration Dataset
C1020,LOT_2026_01,OPAMP_LM741,TEST_LOT_2026_01_24H,2026-08-04 08:00:00,125.0,14.9388,1.8198,10.6749,355.38,24,50.0,25.0,NORMAL,Synthetic / Demonstration Dataset
C1020,LOT_2026_01,OPAMP_LM741,TEST_LOT_2026_01_96H,2026-08-07 08:00:00,125.0,14.9215,1.8598,11.2355,354.7805,96,50.0,25.0,NORMAL,Synthetic / Demonstration Dataset
C1020,LOT_2026_01,OPAMP_LM741,TEST_LOT_2026_01_168H,2026-08-10 08:00:00,85.0,14.9593,1.776,10.6683,362.0273,168,50.0,25.0,NORMAL,Synthetic / Demonstration Dataset
C1021,LOT_2026_01,OPAMP_LM741,TEST_LOT_2026_01_0H,2026-08-08 08:00:00,25.0,14.7312,1.7929,11.5266,359.9805,0,50.0,25.0,NORMAL,Synthetic / Demonstration Dataset
C1021,LOT_2026_01,OPAMP_LM741,TEST_LOT_2026_01_24H,2026-08-09 08:00:00,125.0,15.1156,1.8712,13.7848,354.4454,24,50.0,25.0,NORMAL,Synthetic / Demonstration Dataset
C1021,LOT_2026_01,OPAMP_LM741,TEST_LOT_2026_01_96H,2026-08-12 08:00:00,125.0,14.6865,1.9304,14.1888,356.0126,96,50.0,25.0,NORMAL,Synthetic / Demonstration Dataset
C1021,LOT_2026_01,OPAMP_LM741,TEST_LOT_2026_01_168H,2026-08-15 08:00:00,85.0,15.0921,1.9051,13.7179,355.3424,168,50.0,25.0,NORMAL,Synthetic / Demonstration Dataset
C1022,LOT_2026_01,OPAMP_LM741,TEST_LOT_2026_01_0H,2026-08-03 08:00:00,25.0,15.0839,1.8486,10.4929,359.2867,0,50.0,25.0,NORMAL,Synthetic / Demonstration Dataset
C1022,LOT_2026_01,OPAMP_LM741,TEST_LOT_2026_01_24H,2026-08-04 08:00:00,125.0,14.9004,1.8952,12.717,349.2287,24,50.0,25.0,NORMAL,Synthetic / Demonstration Dataset
C1022,LOT_2026_01,OPAMP_LM741,TEST_LOT_2026_01_96H,2026-08-07 08:00:00,125.0,14.9547,1.8349,13.5167,354.3702,96,50.0,25.0,NORMAL,Synthetic / Demonstration Dataset
C1022,LOT_2026_01,OPAMP_LM741,TEST_LOT_2026_01_168H,2026-08-10 08:00:00,85.0,15.1907,1.8603,12.1785,357.8137,168,50.0,25.0,NORMAL,Synthetic / Demonstration Dataset
C1023,LOT_2026_01,OPAMP_LM741,TEST_LOT_2026_01_0H,2026-08-04 08:00:00,25.0,14.7832,1.7613,10.355,353.9763,0,50.0,25.0,GRADUAL_DEGRADE,Synthetic / Demonstration Dataset
C1023,LOT_2026_01,OPAMP_LM741,TEST_LOT_2026_01_24H,2026-08-05 08:00:00,125.0,15.0687,1.8843,17.305,358.6966,24,50.0,25.0,GRADUAL_DEGRADE,Synthetic / Demonstration Dataset
C1023,LOT_2026_01,OPAMP_LM741,TEST_LOT_2026_01_96H,2026-08-08 08:00:00,125.0,15.071,1.9052,20.2484,368.0894,96,50.0,25.0,GRADUAL_DEGRADE,Synthetic / Demonstration Dataset
C1023,LOT_2026_01,OPAMP_LM741,TEST_LOT_2026_01_168H,2026-08-11 08:00:00,85.0,15.0609,2.1506,34.2895,364.459,168,50.0,25.0,GRADUAL_DEGRADE,Synthetic / Demonstration Dataset
C1024,LOT_2026_01,OPAMP_LM741,TEST_LOT_2026_01_0H,2026-08-15 08:00:00,25.0,15.0275,1.9224,11.2951,352.8185,0,50.0,25.0,NORMAL,Synthetic / Demonstration Dataset
C1024,LOT_2026_01,OPAMP_LM741,TEST_LOT_2026_01_24H,2026-08-16 08:00:00,125.0,14.9101,1.7297,13.5926,354.9562,24,50.0,25.0,NORMAL,Synthetic / Demonstration Dataset
C1024,LOT_2026_01,OPAMP_LM741,TEST_LOT_2026_01_96H,2026-08-19 08:00:00,125.0,15.0226,1.8535,13.6409,363.387,96,50.0,25.0,NORMAL,Synthetic / Demonstration Dataset
C1024,LOT_2026_01,OPAMP_LM741,TEST_LOT_2026_01_168H,2026-08-22 08:00:00,85.0,14.9135,1.7903,13.5243,358.4839,168,50.0,25.0,NORMAL,Synthetic / Demonstration Dataset
C1025,LOT_2026_01,OPAMP_LM741,TEST_LOT_2026_01_0H,2026-08-12 08:00:00,25.0,15.2747,1.8456,8.6641,352.6899,0,50.0,25.0,NORMAL,Synthetic / Demonstration Dataset
C1025,LOT_2026_01,OPAMP_LM741,TEST_LOT_2026_01_24H,2026-08-13 08:00:00,125.0,15.2031,1.7965,10.2257,359.4452,24,50.0,25.0,NORMAL,Synthetic / Demonstration Dataset
C1025,LOT_2026_01,OPAMP_LM741,TEST_LOT_2026_01_96H,2026-08-16 08:00:00,125.0,14.9101,1.8021,10.1829,355.2559,96,50.0,25.0,NORMAL,Synthetic / Demonstration Dataset
C1025,LOT_2026_01,OPAMP_LM741,TEST_LOT_2026_01_168H,2026-08-19 08:00:00,85.0,15.0934,1.7461,9.9501,354.4767,168,50.0,25.0,NORMAL,Synthetic / Demonstration Dataset
C1026,LOT_2026_01,OPAMP_LM741,TEST_LOT_2026_01_0H,2026-08-12 08:00:00,25.0,15.0772,1.8395,10.3927,351.2601,0,50.0,25.0,NORMAL,Synthetic / Demonstration Dataset
C1026,LOT_2026_01,OPAMP_LM741,TEST_LOT_2026_01_24H,2026-08-13 08:00:00,125.0,15.1917,1.84,12.3431,353.5518,24,50.0,25.0,NORMAL,Synthetic / Demonstration Dataset
C1026,LOT_2026_01,OPAMP_LM741,TEST_LOT_2026_01_96H,2026-08-16 08:00:00,125.0,15.0174,1.8929,13.3897,356.9311,96,50.0,25.0,NORMAL,Synthetic / Demonstration Dataset
C1026,LOT_2026_01,OPAMP_LM741,TEST_LOT_2026_01_168H,2026-08-19 08:00:00,85.0,15.2633,1.8177,13.0111,359.906,168,50.0,25.0,NORMAL,Synthetic / Demonstration Dataset
C1027,LOT_2026_01,OPAMP_LM741,TEST_LOT_2026_01_0H,2026-08-09 08:00:00,25.0,15.2053,1.762,11.0228,357.9126,0,50.0,25.0,NORMAL,Synthetic / Demonstration Dataset
C1027,LOT_2026_01,OPAMP_LM741,TEST_LOT_2026_01_24H,2026-08-10 08:00:00,125.0,14.7362,1.7781,13.7214,349.7234,24,50.0,25.0,NORMAL,Synthetic / Demonstration Dataset
C1027,LOT_2026_01,OPAMP_LM741,TEST_LOT_2026_01_96H,2026-08-13 08:00:00,125.0,15.1076,1.91,13.4904,357.0045,96,50.0,25.0,NORMAL,Synthetic / Demonstration Dataset
C1027,LOT_2026_01,OPAMP_LM741,TEST_LOT_2026_01_168H,2026-08-16 08:00:00,85.0,14.793,1.7501,13.5232,356.5672,168,50.0,25.0,NORMAL,Synthetic / Demonstration Dataset
C1028,LOT_2026_01,OPAMP_LM741,TEST_LOT_2026_01_0H,2026-08-03 08:00:00,25.0,14.9951,1.7037,10.7092,355.0427,0,50.0,25.0,NORMAL,Synthetic / Demonstration Dataset
C1028,LOT_2026_01,OPAMP_LM741,TEST_LOT_2026_01_24H,2026-08-04 08:00:00,125.0,15.1005,1.8461,12.778,353.0994,24,50.0,25.0,NORMAL,Synthetic / Demonstration Dataset
C1028,LOT_2026_01,OPAMP_LM741,TEST_LOT_2026_01_96H,2026-08-07 08:00:00,125.0,14.8411,1.8271,13.0261,359.856,96,50.0,25.0,NORMAL,Synthetic / Demonstration Dataset
C1028,LOT_2026_01,OPAMP_LM741,TEST_LOT_2026_01_168H,2026-08-10 08:00:00,85.0,15.0756,1.7935,12.0007,353.2253,168,50.0,25.0,NORMAL,Synthetic / Demonstration Dataset
C1029,LOT_2026_01,OPAMP_LM741,TEST_LOT_2026_01_0H,2026-08-06 08:00:00,25.0,14.8447,1.7735,10.1199,350.8674,0,50.0,25.0,NORMAL,Synthetic / Demonstration Dataset
C1029,LOT_2026_01,OPAMP_LM741,TEST_LOT_2026_01_24H,2026-08-07 08:00:00,125.0,15.0053,1.7936,12.8554,357.1766,24,50.0,25.0,NORMAL,Synthetic / Demonstration Dataset
C1029,LOT_2026_01,OPAMP_LM741,TEST_LOT_2026_01_96H,2026-08-10 08:00:00,125.0,14.9669,1.8553,12.4635,358.883,96,50.0,25.0,NORMAL,Synthetic / Demonstration Dataset
C1029,LOT_2026_01,OPAMP_LM741,TEST_LOT_2026_01_168H,2026-08-13 08:00:00,85.0,14.9136,1.8017,11.5446,347.7156,168,50.0,25.0,NORMAL,Synthetic / Demonstration Dataset
C1030,LOT_2026_01,OPAMP_LM741,TEST_LOT_2026_01_0H,2026-08-08 08:00:00,25.0,15.205,1.8665,8.4301,353.3434,0,50.0,25.0,NORMAL,Synthetic / Demonstration Dataset
C1030,LOT_2026_01,OPAMP_LM741,TEST_LOT_2026_01_24H,2026-08-09 08:00:00,125.0,15.0467,1.9589,10.4945,359.1658,24,50.0,25.0,NORMAL,Synthetic / Demonstration Dataset
C1030,LOT_2026_01,OPAMP_LM741,TEST_LOT_2026_01_96H,2026-08-12 08:00:00,125.0,14.8567,1.724,10.4301,355.9272,96,50.0,25.0,NORMAL,Synthetic / Demonstration Dataset
C1030,LOT_2026_01,OPAMP_LM741,TEST_LOT_2026_01_168H,2026-08-15 08:00:00,85.0,14.7867,1.7632,9.5509,350.99,168,50.0,25.0,NORMAL,Synthetic / Demonstration Dataset
C1031,LOT_2026_01,OPAMP_LM741,TEST_LOT_2026_01_0H,2026-08-13 08:00:00,25.0,15.1322,1.8223,12.2729,361.3163,0,50.0,25.0,NORMAL,Synthetic / Demonstration Dataset
C1031,LOT_2026_01,OPAMP_LM741,TEST_LOT_2026_01_24H,2026-08-14 08:00:00,125.0,14.8708,1.926,14.9861,359.3792,24,50.0,25.0,NORMAL,Synthetic / Demonstration Dataset
C1031,LOT_2026_01,OPAMP_LM741,TEST_LOT_2026_01_96H,2026-08-17 08:00:00,125.0,14.9714,1.8034,14.7141,352.5173,96,50.0,25.0,NORMAL,Synthetic / Demonstration Dataset
C1031,LOT_2026_01,OPAMP_LM741,TEST_LOT_2026_01_168H,2026-08-20 08:00:00,85.0,15.2864,1.7762,14.6086,359.2747,168,50.0,25.0,NORMAL,Synthetic / Demonstration Dataset
C1032,LOT_2026_01,OPAMP_LM741,TEST_LOT_2026_01_0H,2026-08-08 08:00:00,25.0,14.9269,1.7651,9.4676,351.7098,0,50.0,25.0,NORMAL,Synthetic / Demonstration Dataset
C1032,LOT_2026_01,OPAMP_LM741,TEST_LOT_2026_01_24H,2026-08-09 08:00:00,125.0,14.8754,1.8297,11.6127,355.6305,24,50.0,25.0,NORMAL,Synthetic / Demonstration Dataset
C1032,LOT_2026_01,OPAMP_LM741,TEST_LOT_2026_01_96H,2026-08-12 08:00:00,125.0,14.8639,1.7875,11.6351,358.4614,96,50.0,25.0,NORMAL,Synthetic / Demonstration Dataset
C1032,LOT_2026_01,OPAMP_LM741,TEST_LOT_2026_01_168H,2026-08-15 08:00:00,85.0,14.8534,1.8177,11.2761,358.2679,168,50.0,25.0,NORMAL,Synthetic / Demonstration Dataset
C1033,LOT_2026_01,OPAMP_LM741,TEST_LOT_2026_01_0H,2026-08-02 08:00:00,25.0,15.0815,1.7493,8.2451,356.1196,0,50.0,25.0,NORMAL,Synthetic / Demonstration Dataset
C1033,LOT_2026_01,OPAMP_LM741,TEST_LOT_2026_01_24H,2026-08-03 08:00:00,125.0,14.7293,1.7181,9.9509,355.1437,24,50.0,25.0,NORMAL,Synthetic / Demonstration Dataset
C1033,LOT_2026_01,OPAMP_LM741,TEST_LOT_2026_01_96H,2026-08-06 08:00:00,125.0,14.8644,1.8354,10.3476,349.3585,96,50.0,25.0,NORMAL,Synthetic / Demonstration Dataset
C1033,LOT_2026_01,OPAMP_LM741,TEST_LOT_2026_01_168H,2026-08-09 08:00:00,85.0,14.8183,1.7639,9.6529,354.9923,168,50.0,25.0,NORMAL,Synthetic / Demonstration Dataset
C1034,LOT_2026_01,OPAMP_LM741,TEST_LOT_2026_01_0H,2026-08-02 08:00:00,25.0,14.9423,1.8425,9.2159,352.5888,0,50.0,25.0,NORMAL,Synthetic / Demonstration Dataset
C1034,LOT_2026_01,OPAMP_LM741,TEST_LOT_2026_01_24H,2026-08-03 08:00:00,125.0,14.8305,1.8415,11.4996,360.7953,24,50.0,25.0,NORMAL,Synthetic / Demonstration Dataset
C1034,LOT_2026_01,OPAMP_LM741,TEST_LOT_2026_01_96H,2026-08-06 08:00:00,125.0,14.8805,1.8341,10.5292,354.554,96,50.0,25.0,NORMAL,Synthetic / Demonstration Dataset
C1034,LOT_2026_01,OPAMP_LM741,TEST_LOT_2026_01_168H,2026-08-09 08:00:00,85.0,14.9094,1.8137,10.936,354.9231,168,50.0,25.0,NORMAL,Synthetic / Demonstration Dataset
C1035,LOT_2026_01,OPAMP_LM741,TEST_LOT_2026_01_0H,2026-08-13 08:00:00,25.0,15.1752,1.8656,15.2884,358.8258,0,50.0,25.0,LOT_ANOMALY,Synthetic / Demonstration Dataset
C1035,LOT_2026_01,OPAMP_LM741,TEST_LOT_2026_01_24H,2026-08-14 08:00:00,125.0,14.9269,1.8663,18.7978,360.7795,24,50.0,25.0,LOT_ANOMALY,Synthetic / Demonstration Dataset
C1035,LOT_2026_01,OPAMP_LM741,TEST_LOT_2026_01_96H,2026-08-17 08:00:00,125.0,15.0435,1.9972,19.344,362.7209,96,50.0,25.0,LOT_ANOMALY,Synthetic / Demonstration Dataset
C1035,LOT_2026_01,OPAMP_LM741,TEST_LOT_2026_01_168H,2026-08-20 08:00:00,85.0,15.1802,1.8658,18.6204,352.1768,168,50.0,25.0,LOT_ANOMALY,Synthetic / Demonstration Dataset
C1036,LOT_2026_01,OPAMP_LM741,TEST_LOT_2026_01_0H,2026-08-07 08:00:00,25.0,14.7194,1.7728,9.0387,354.5838,0,50.0,25.0,NORMAL,Synthetic / Demonstration Dataset
C1036,LOT_2026_01,OPAMP_LM741,TEST_LOT_2026_01_24H,2026-08-08 08:00:00,125.0,15.049,1.8039,11.4887,358.6473,24,50.0,25.0,NORMAL,Synthetic / Demonstration Dataset
C1036,LOT_2026_01,OPAMP_LM741,TEST_LOT_2026_01_96H,2026-08-11 08:00:00,125.0,15.0353,1.8426,10.4104,350.0301,96,50.0,25.0,NORMAL,Synthetic / Demonstration Dataset
C1036,LOT_2026_01,OPAMP_LM741,TEST_LOT_2026_01_168H,2026-08-14 08:00:00,85.0,15.0508,1.7901,11.0837,357.7566,168,50.0,25.0,NORMAL,Synthetic / Demonstration Dataset
C1037,LOT_2026_01,OPAMP_LM741,TEST_LOT_2026_01_0H,2026-08-11 08:00:00,25.0,15.0273,1.8421,12.9732,354.8788,0,50.0,25.0,SUDDEN_DEGRADE,Synthetic / Demonstration Dataset
C1037,LOT_2026_01,OPAMP_LM741,TEST_LOT_2026_01_24H,2026-08-12 08:00:00,125.0,14.8725,1.9428,16.7331,359.7737,24,50.0,25.0,SUDDEN_DEGRADE,Synthetic / Demonstration Dataset
C1037,LOT_2026_01,OPAMP_LM741,TEST_LOT_2026_01_96H,2026-08-15 08:00:00,125.0,15.1556,2.2411,56.6637,377.3873,96,50.0,25.0,SUDDEN_DEGRADE,Synthetic / Demonstration Dataset
C1037,LOT_2026_01,OPAMP_LM741,TEST_LOT_2026_01_168H,2026-08-18 08:00:00,85.0,14.8532,2.5062,82.7619,389.4467,168,50.0,25.0,SUDDEN_DEGRADE,Synthetic / Demonstration Dataset
C1038,LOT_2026_01,OPAMP_LM741,TEST_LOT_2026_01_0H,2026-08-16 08:00:00,25.0,15.146,1.8833,11.405,359.2326,0,50.0,25.0,NORMAL,Synthetic / Demonstration Dataset
C1038,LOT_2026_01,OPAMP_LM741,TEST_LOT_2026_01_24H,2026-08-17 08:00:00,125.0,15.0421,1.7824,13.5342,354.9719,24,50.0,25.0,NORMAL,Synthetic / Demonstration Dataset
C1038,LOT_2026_01,OPAMP_LM741,TEST_LOT_2026_01_96H,2026-08-20 08:00:00,125.0,15.1253,1.7965,14.1074,348.9172,96,50.0,25.0,NORMAL,Synthetic / Demonstration Dataset
C1038,LOT_2026_01,OPAMP_LM741,TEST_LOT_2026_01_168H,2026-08-23 08:00:00,85.0,15.3965,1.8229,13.3025,356.8154,168,50.0,25.0,NORMAL,Synthetic / Demonstration Dataset
C1039,LOT_2026_01,OPAMP_LM741,TEST_LOT_2026_01_0H,2026-08-15 08:00:00,25.0,15.0885,1.8347,12.387,357.7409,0,50.0,25.0,NORMAL,Synthetic / Demonstration Dataset
C1039,LOT_2026_01,OPAMP_LM741,TEST_LOT_2026_01_24H,2026-08-16 08:00:00,125.0,14.829,1.7846,15.1644,364.1861,24,50.0,25.0,NORMAL,Synthetic / Demonstration Dataset
C1039,LOT_2026_01,OPAMP_LM741,TEST_LOT_2026_01_96H,2026-08-19 08:00:00,125.0,15.015,1.8484,15.2905,360.379,96,50.0,25.0,NORMAL,Synthetic / Demonstration Dataset
C1039,LOT_2026_01,OPAMP_LM741,TEST_LOT_2026_01_168H,2026-08-22 08:00:00,85.0,15.0786,1.8252,15.4587,357.2625,168,50.0,25.0,NORMAL,Synthetic / Demonstration Dataset
C1040,LOT_2026_01,OPAMP_LM741,TEST_LOT_2026_01_0H,2026-08-05 08:00:00,25.0,14.9126,1.8579,11.5336,347.6442,0,50.0,25.0,NORMAL,Synthetic / Demonstration Dataset
C1040,LOT_2026_01,OPAMP_LM741,TEST_LOT_2026_01_24H,2026-08-06 08:00:00,125.0,15.0942,1.9038,14.0251,354.1479,24,50.0,25.0,NORMAL,Synthetic / Demonstration Dataset
C1040,LOT_2026_01,OPAMP_LM741,TEST_LOT_2026_01_96H,2026-08-09 08:00:00,125.0,14.9609,1.7803,13.6593,356.308,96,50.0,25.0,NORMAL,Synthetic / Demonstration Dataset
C1040,LOT_2026_01,OPAMP_LM741,TEST_LOT_2026_01_168H,2026-08-12 08:00:00,85.0,14.8021,1.8738,13.3626,356.1311,168,50.0,25.0,NORMAL,Synthetic / Demonstration Dataset
C1041,LOT_2026_01,OPAMP_LM741,TEST_LOT_2026_01_0H,2026-08-09 08:00:00,25.0,14.7233,1.7646,11.5449,357.5808,0,50.0,25.0,NORMAL,Synthetic / Demonstration Dataset
C1041,LOT_2026_01,OPAMP_LM741,TEST_LOT_2026_01_24H,2026-08-10 08:00:00,125.0,14.9753,1.8391,13.9021,357.5049,24,50.0,25.0,NORMAL,Synthetic / Demonstration Dataset
C1041,LOT_2026_01,OPAMP_LM741,TEST_LOT_2026_01_96H,2026-08-13 08:00:00,125.0,15.0224,1.8006,13.97,359.345,96,50.0,25.0,NORMAL,Synthetic / Demonstration Dataset
C1041,LOT_2026_01,OPAMP_LM741,TEST_LOT_2026_01_168H,2026-08-16 08:00:00,85.0,15.0233,1.9618,13.3268,352.7886,168,50.0,25.0,NORMAL,Synthetic / Demonstration Dataset
C1042,LOT_2026_01,OPAMP_LM741,TEST_LOT_2026_01_0H,2026-08-14 08:00:00,25.0,14.6011,1.7152,11.9147,351.6151,0,50.0,25.0,NORMAL,Synthetic / Demonstration Dataset
C1042,LOT_2026_01,OPAMP_LM741,TEST_LOT_2026_01_24H,2026-08-15 08:00:00,125.0,15.0306,1.857,14.255,356.2356,24,50.0,25.0,NORMAL,Synthetic / Demonstration Dataset
C1042,LOT_2026_01,OPAMP_LM741,TEST_LOT_2026_01_96H,2026-08-18 08:00:00,125.0,15.0792,1.8877,14.6036,352.6589,96,50.0,25.0,NORMAL,Synthetic / Demonstration Dataset
C1042,LOT_2026_01,OPAMP_LM741,TEST_LOT_2026_01_168H,2026-08-21 08:00:00,85.0,14.9896,1.8606,13.6303,354.1108,168,50.0,25.0,NORMAL,Synthetic / Demonstration Dataset
C1043,LOT_2026_01,OPAMP_LM741,TEST_LOT_2026_01_0H,2026-08-13 08:00:00,25.0,15.0045,1.7662,10.1413,352.5215,0,50.0,25.0,GRADUAL_DEGRADE,Synthetic / Demonstration Dataset
C1043,LOT_2026_01,OPAMP_LM741,TEST_LOT_2026_01_24H,2026-08-14 08:00:00,125.0,14.9213,1.8869,16.2388,353.8419,24,50.0,25.0,GRADUAL_DEGRADE,Synthetic / Demonstration Dataset
C1043,LOT_2026_01,OPAMP_LM741,TEST_LOT_2026_01_96H,2026-08-17 08:00:00,125.0,15.1069,1.9402,19.9553,356.6862,96,50.0,25.0,GRADUAL_DEGRADE,Synthetic / Demonstration Dataset
C1043,LOT_2026_01,OPAMP_LM741,TEST_LOT_2026_01_168H,2026-08-20 08:00:00,85.0,14.9459,2.1083,35.0352,363.7339,168,50.0,25.0,GRADUAL_DEGRADE,Synthetic / Demonstration Dataset
C1044,LOT_2026_01,OPAMP_LM741,TEST_LOT_2026_01_0H,2026-08-05 08:00:00,25.0,15.089,1.7944,10.9875,356.6352,0,50.0,25.0,NORMAL,Synthetic / Demonstration Dataset
C1044,LOT_2026_01,OPAMP_LM741,TEST_LOT_2026_01_24H,2026-08-06 08:00:00,125.0,15.1386,1.822,13.1247,354.7328,24,50.0,25.0,NORMAL,Synthetic / Demonstration Dataset
C1044,LOT_2026_01,OPAMP_LM741,TEST_LOT_2026_01_96H,2026-08-09 08:00:00,125.0,14.8943,1.7688,13.9226,351.5131,96,50.0,25.0,NORMAL,Synthetic / Demonstration Dataset
C1044,LOT_2026_01,OPAMP_LM741,TEST_LOT_2026_01_168H,2026-08-12 08:00:00,85.0,14.8079,1.918,13.0255,349.226,168,50.0,25.0,NORMAL,Synthetic / Demonstration Dataset
C1045,LOT_2026_01,OPAMP_LM741,TEST_LOT_2026_01_0H,2026-08-03 08:00:00,25.0,15.0317,1.818,12.2841,354.2348,0,50.0,25.0,NORMAL,Synthetic / Demonstration Dataset
C1045,LOT_2026_01,OPAMP_LM741,TEST_LOT_2026_01_24H,2026-08-04 08:00:00,125.0,14.9944,1.9059,15.0767,357.9382,24,50.0,25.0,NORMAL,Synthetic / Demonstration Dataset
C1045,LOT_2026_01,OPAMP_LM741,TEST_LOT_2026_01_96H,2026-08-07 08:00:00,125.0,14.9455,1.8487,15.155,358.6548,96,50.0,25.0,NORMAL,Synthetic / Demonstration Dataset
C1045,LOT_2026_01,OPAMP_LM741,TEST_LOT_2026_01_168H,2026-08-10 08:00:00,85.0,14.7978,1.8716,13.44,357.318,168,50.0,25.0,NORMAL,Synthetic / Demonstration Dataset
C1046,LOT_2026_01,OPAMP_LM741,TEST_LOT_2026_01_0H,2026-08-04 08:00:00,25.0,15.0028,1.8177,10.0276,353.1246,0,50.0,25.0,NORMAL,Synthetic / Demonstration Dataset
C1046,LOT_2026_01,OPAMP_LM741,TEST_LOT_2026_01_24H,2026-08-05 08:00:00,125.0,15.0294,1.7719,12.0863,357.472,24,50.0,25.0,NORMAL,Synthetic / Demonstration Dataset
C1046,LOT_2026_01,OPAMP_LM741,TEST_LOT_2026_01_96H,2026-08-08 08:00:00,125.0,15.1544,1.8414,11.7802,356.7862,96,50.0,25.0,NORMAL,Synthetic / Demonstration Dataset
C1046,LOT_2026_01,OPAMP_LM741,TEST_LOT_2026_01_168H,2026-08-11 08:00:00,85.0,15.2498,1.8719,12.1191,349.6165,168,50.0,25.0,NORMAL,Synthetic / Demonstration Dataset
C1047,LOT_2026_01,OPAMP_LM741,TEST_LOT_2026_01_0H,2026-08-06 08:00:00,25.0,14.9063,1.7884,8.7129,356.1682,0,50.0,25.0,NORMAL,Synthetic / Demonstration Dataset
C1047,LOT_2026_01,OPAMP_LM741,TEST_LOT_2026_01_24H,2026-08-07 08:00:00,125.0,15.028,1.7674,10.5213,353.1203,24,50.0,25.0,NORMAL,Synthetic / Demonstration Dataset
C1047,LOT_2026_01,OPAMP_LM741,TEST_LOT_2026_01_96H,2026-08-10 08:00:00,125.0,14.8615,1.7355,10.309,351.739,96,50.0,25.0,NORMAL,Synthetic / Demonstration Dataset
C1047,LOT_2026_01,OPAMP_LM741,TEST_LOT_2026_01_168H,2026-08-13 08:00:00,85.0,14.8576,1.9384,10.6784,357.0658,168,50.0,25.0,NORMAL,Synthetic / Demonstration Dataset
C1048,LOT_2026_01,OPAMP_LM741,TEST_LOT_2026_01_0H,2026-08-14 08:00:00,25.0,15.0277,1.81,15.2884,360.0953,0,50.0,25.0,LOT_ANOMALY,Synthetic / Demonstration Dataset
C1048,LOT_2026_01,OPAMP_LM741,TEST_LOT_2026_01_24H,2026-08-15 08:00:00,125.0,15.0183,2.0154,18.7388,359.0332,24,50.0,25.0,LOT_ANOMALY,Synthetic / Demonstration Dataset
C1048,LOT_2026_01,OPAMP_LM741,TEST_LOT_2026_01_96H,2026-08-18 08:00:00,125.0,14.8945,1.8992,20.0977,366.2466,96,50.0,25.0,LOT_ANOMALY,Synthetic / Demonstration Dataset
C1048,LOT_2026_01,OPAMP_LM741,TEST_LOT_2026_01_168H,2026-08-21 08:00:00,85.0,15.2719,1.9199,18.4519,357.2573,168,50.0,25.0,LOT_ANOMALY,Synthetic / Demonstration Dataset
C1049,LOT_2026_01,OPAMP_LM741,TEST_LOT_2026_01_0H,2026-08-13 08:00:00,25.0,15.1459,1.8412,11.0072,350.0078,0,50.0,25.0,NORMAL,Synthetic / Demonstration Dataset
C1049,LOT_2026_01,OPAMP_LM741,TEST_LOT_2026_01_24H,2026-08-14 08:00:00,125.0,14.9629,1.829,13.2742,358.8094,24,50.0,25.0,NORMAL,Synthetic / Demonstration Dataset
C1049,LOT_2026_01,OPAMP_LM741,TEST_LOT_2026_01_96H,2026-08-17 08:00:00,125.0,14.7997,1.8553,13.6327,358.9534,96,50.0,25.0,NORMAL,Synthetic / Demonstration Dataset
C1049,LOT_2026_01,OPAMP_LM741,TEST_LOT_2026_01_168H,2026-08-20 08:00:00,85.0,15.1621,1.872,13.0269,358.1206,168,50.0,25.0,NORMAL,Synthetic / Demonstration Dataset
C1050,LOT_2026_01,OPAMP_LM741,TEST_LOT_2026_01_0H,2026-08-15 08:00:00,25.0,14.7509,1.8231,10.1642,355.809,0,50.0,25.0,NORMAL,Synthetic / Demonstration Dataset
C1050,LOT_2026_01,OPAMP_LM741,TEST_LOT_2026_01_24H,2026-08-16 08:00:00,125.0,14.8085,1.771,12.5022,359.9371,24,50.0,25.0,NORMAL,Synthetic / Demonstration Dataset
C1050,LOT_2026_01,OPAMP_LM741,TEST_LOT_2026_01_96H,2026-08-19 08:00:00,125.0,15.1022,1.8268,12.5428,356.3755,96,50.0,25.0,NORMAL,Synthetic / Demonstration Dataset
C1050,LOT_2026_01,OPAMP_LM741,TEST_LOT_2026_01_168H,2026-08-22 08:00:00,85.0,14.9226,1.8273,12.2522,354.5081,168,50.0,25.0,NORMAL,Synthetic / Demonstration Dataset
C1051,LOT_2026_01,OPAMP_LM741,TEST_LOT_2026_01_0H,2026-08-01 08:00:00,25.0,14.9536,1.8084,9.727,353.1879,0,50.0,25.0,NORMAL,Synthetic / Demonstration Dataset
C1051,LOT_2026_01,OPAMP_LM741,TEST_LOT_2026_01_24H,2026-08-02 08:00:00,125.0,14.8658,1.8128,12.2137,354.5678,24,50.0,25.0,NORMAL,Synthetic / Demonstration Dataset
C1051,LOT_2026_01,OPAMP_LM741,TEST_LOT_2026_01_96H,2026-08-05 08:00:00,125.0,15.0295,1.8771,12.5533,351.0772,96,50.0,25.0,NORMAL,Synthetic / Demonstration Dataset
C1051,LOT_2026_01,OPAMP_LM741,TEST_LOT_2026_01_168H,2026-08-08 08:00:00,85.0,15.1334,1.8187,11.4618,359.4601,168,50.0,25.0,NORMAL,Synthetic / Demonstration Dataset
C1052,LOT_2026_01,OPAMP_LM741,TEST_LOT_2026_01_0H,2026-08-04 08:00:00,25.0,15.2114,1.9112,9.6276,353.5439,0,50.0,25.0,NORMAL,Synthetic / Demonstration Dataset
C1052,LOT_2026_01,OPAMP_LM741,TEST_LOT_2026_01_24H,2026-08-05 08:00:00,125.0,15.218,1.8958,11.6862,354.0131,24,50.0,25.0,NORMAL,Synthetic / Demonstration Dataset
C1052,LOT_2026_01,OPAMP_LM741,TEST_LOT_2026_01_96H,2026-08-08 08:00:00,125.0,14.9577,1.7504,11.7619,352.6657,96,50.0,25.0,NORMAL,Synthetic / Demonstration Dataset
C1052,LOT_2026_01,OPAMP_LM741,TEST_LOT_2026_01_168H,2026-08-11 08:00:00,85.0,14.8848,1.8061,10.7811,356.2103,168,50.0,25.0,NORMAL,Synthetic / Demonstration Dataset
C1053,LOT_2026_01,OPAMP_LM741,TEST_LOT_2026_01_0H,2026-08-09 08:00:00,25.0,14.8502,1.8703,12.109,355.3055,0,50.0,25.0,NORMAL,Synthetic / Demonstration Dataset
C1053,LOT_2026_01,OPAMP_LM741,TEST_LOT_2026_01_24H,2026-08-10 08:00:00,125.0,15.1012,1.7915,14.7589,358.7179,24,50.0,25.0,NORMAL,Synthetic / Demonstration Dataset
C1053,LOT_2026_01,OPAMP_LM741,TEST_LOT_2026_01_96H,2026-08-13 08:00:00,125.0,15.0739,1.864,14.9507,366.0689,96,50.0,25.0,NORMAL,Synthetic / Demonstration Dataset
C1053,LOT_2026_01,OPAMP_LM741,TEST_LOT_2026_01_168H,2026-08-16 08:00:00,85.0,14.9204,1.8061,13.7243,354.918,168,50.0,25.0,NORMAL,Synthetic / Demonstration Dataset
C1054,LOT_2026_01,OPAMP_LM741,TEST_LOT_2026_01_0H,2026-08-11 08:00:00,25.0,15.1784,1.8659,9.4835,352.7441,0,50.0,25.0,NORMAL,Synthetic / Demonstration Dataset
C1054,LOT_2026_01,OPAMP_LM741,TEST_LOT_2026_01_24H,2026-08-12 08:00:00,125.0,15.0707,1.7866,11.4204,357.9255,24,50.0,25.0,NORMAL,Synthetic / Demonstration Dataset
C1054,LOT_2026_01,OPAMP_LM741,TEST_LOT_2026_01_96H,2026-08-15 08:00:00,125.0,14.7726,1.8955,11.8132,362.1922,96,50.0,25.0,NORMAL,Synthetic / Demonstration Dataset
C1054,LOT_2026_01,OPAMP_LM741,TEST_LOT_2026_01_168H,2026-08-18 08:00:00,85.0,14.9418,1.8222,10.795,356.5681,168,50.0,25.0,NORMAL,Synthetic / Demonstration Dataset
C1055,LOT_2026_01,OPAMP_LM741,TEST_LOT_2026_01_0H,2026-08-14 08:00:00,25.0,15.3015,1.8015,11.0386,352.7253,0,50.0,25.0,NORMAL,Synthetic / Demonstration Dataset
C1055,LOT_2026_01,OPAMP_LM741,TEST_LOT_2026_01_24H,2026-08-15 08:00:00,125.0,14.8904,1.8299,13.1553,362.8586,24,50.0,25.0,NORMAL,Synthetic / Demonstration Dataset
C1055,LOT_2026_01,OPAMP_LM741,TEST_LOT_2026_01_96H,2026-08-18 08:00:00,125.0,15.0336,1.8334,13.42,360.8694,96,50.0,25.0,NORMAL,Synthetic / Demonstration Dataset
C1055,LOT_2026_01,OPAMP_LM741,TEST_LOT_2026_01_168H,2026-08-21 08:00:00,85.0,14.9204,1.815,13.9433,360.6262,168,50.0,25.0,NORMAL,Synthetic / Demonstration Dataset
C1056,LOT_2026_01,OPAMP_LM741,TEST_LOT_2026_01_0H,2026-08-01 08:00:00,25.0,15.277,1.8399,11.0666,354.2758,0,50.0,25.0,NORMAL,Synthetic / Demonstration Dataset
C1056,LOT_2026_01,OPAMP_LM741,TEST_LOT_2026_01_24H,2026-08-02 08:00:00,125.0,15.1663,1.8776,13.6617,358.6063,24,50.0,25.0,NORMAL,Synthetic / Demonstration Dataset
C1056,LOT_2026_01,OPAMP_LM741,TEST_LOT_2026_01_96H,2026-08-05 08:00:00,125.0,15.1754,1.9093,14.024,359.2825,96,50.0,25.0,NORMAL,Synthetic / Demonstration Dataset
C1056,LOT_2026_01,OPAMP_LM741,TEST_LOT_2026_01_168H,2026-08-08 08:00:00,85.0,15.022,1.888,12.7678,353.5246,168,50.0,25.0,NORMAL,Synthetic / Demonstration Dataset
C1057,LOT_2026_01,OPAMP_LM741,TEST_LOT_2026_01_0H,2026-08-09 08:00:00,25.0,14.941,1.8083,10.6908,359.82,0,50.0,25.0,SENSOR_NOISE,Synthetic / Demonstration Dataset
C1057,LOT_2026_01,OPAMP_LM741,TEST_LOT_2026_01_24H,2026-08-10 08:00:00,125.0,15.007,1.7632,13.1148,359.1693,24,50.0,25.0,SENSOR_NOISE,Synthetic / Demonstration Dataset
C1057,LOT_2026_01,OPAMP_LM741,TEST_LOT_2026_01_96H,2026-08-13 08:00:00,125.0,15.3245,1.8188,13.4213,357.4777,96,50.0,25.0,SENSOR_NOISE,Synthetic / Demonstration Dataset
C1057,LOT_2026_01,OPAMP_LM741,TEST_LOT_2026_01_168H,2026-08-16 08:00:00,85.0,15.2366,1.8206,12.5334,357.2433,168,50.0,25.0,SENSOR_NOISE,Synthetic / Demonstration Dataset
C1058,LOT_2026_01,OPAMP_LM741,TEST_LOT_2026_01_0H,2026-08-04 08:00:00,25.0,15.028,1.7875,10.9778,356.1682,0,50.0,25.0,NORMAL,Synthetic / Demonstration Dataset
C1058,LOT_2026_01,OPAMP_LM741,TEST_LOT_2026_01_24H,2026-08-05 08:00:00,125.0,14.846,1.8434,13.6711,354.3851,24,50.0,25.0,NORMAL,Synthetic / Demonstration Dataset
C1058,LOT_2026_01,OPAMP_LM741,TEST_LOT_2026_01_96H,2026-08-08 08:00:00,125.0,14.7715,1.8117,13.9636,358.302,96,50.0,25.0,NORMAL,Synthetic / Demonstration Dataset
C1058,LOT_2026_01,OPAMP_LM741,TEST_LOT_2026_01_168H,2026-08-11 08:00:00,85.0,14.9901,1.8067,13.4445,363.3063,168,50.0,25.0,NORMAL,Synthetic / Demonstration Dataset
C1059,LOT_2026_01,OPAMP_LM741,TEST_LOT_2026_01_0H,2026-08-10 08:00:00,25.0,14.6702,1.8071,8.5107,352.4982,0,50.0,25.0,GRADUAL_DEGRADE,Synthetic / Demonstration Dataset
C1059,LOT_2026_01,OPAMP_LM741,TEST_LOT_2026_01_24H,2026-08-11 08:00:00,125.0,15.1683,1.9023,13.6724,356.0577,24,50.0,25.0,GRADUAL_DEGRADE,Synthetic / Demonstration Dataset
C1059,LOT_2026_01,OPAMP_LM741,TEST_LOT_2026_01_96H,2026-08-14 08:00:00,125.0,14.828,1.9943,20.1954,356.3524,96,50.0,25.0,GRADUAL_DEGRADE,Synthetic / Demonstration Dataset
C1059,LOT_2026_01,OPAMP_LM741,TEST_LOT_2026_01_168H,2026-08-17 08:00:00,85.0,15.1347,1.9488,25.9088,360.4663,168,50.0,25.0,GRADUAL_DEGRADE,Synthetic / Demonstration Dataset
C1060,LOT_2026_01,OPAMP_LM741,TEST_LOT_2026_01_0H,2026-08-07 08:00:00,25.0,15.0111,1.783,9.4454,358.0495,0,50.0,25.0,GRADUAL_DEGRADE,Synthetic / Demonstration Dataset
C1060,LOT_2026_01,OPAMP_LM741,TEST_LOT_2026_01_24H,2026-08-08 08:00:00,125.0,14.9486,1.8639,14.6741,358.9357,24,50.0,25.0,GRADUAL_DEGRADE,Synthetic / Demonstration Dataset
C1060,LOT_2026_01,OPAMP_LM741,TEST_LOT_2026_01_96H,2026-08-11 08:00:00,125.0,15.069,1.9467,21.6304,357.5099,96,50.0,25.0,GRADUAL_DEGRADE,Synthetic / Demonstration Dataset
C1060,LOT_2026_01,OPAMP_LM741,TEST_LOT_2026_01_168H,2026-08-14 08:00:00,85.0,15.0485,1.9665,25.6645,365.3138,168,50.0,25.0,GRADUAL_DEGRADE,Synthetic / Demonstration Dataset
C1061,LOT_2026_01,OPAMP_LM741,TEST_LOT_2026_01_0H,2026-08-06 08:00:00,25.0,15.216,1.7676,10.1407,361.3736,0,50.0,25.0,NORMAL,Synthetic / Demonstration Dataset
C1061,LOT_2026_01,OPAMP_LM741,TEST_LOT_2026_01_24H,2026-08-07 08:00:00,125.0,14.7854,1.8304,12.3992,353.8159,24,50.0,25.0,NORMAL,Synthetic / Demonstration Dataset
C1061,LOT_2026_01,OPAMP_LM741,TEST_LOT_2026_01_96H,2026-08-10 08:00:00,125.0,14.9021,1.806,12.8314,349.8023,96,50.0,25.0,NORMAL,Synthetic / Demonstration Dataset
C1061,LOT_2026_01,OPAMP_LM741,TEST_LOT_2026_01_168H,2026-08-13 08:00:00,85.0,14.6364,1.7368,11.6029,358.4629,168,50.0,25.0,NORMAL,Synthetic / Demonstration Dataset
C1062,LOT_2026_01,OPAMP_LM741,TEST_LOT_2026_01_0H,2026-08-01 08:00:00,25.0,15.0638,1.7636,11.1913,355.4287,0,50.0,25.0,NORMAL,Synthetic / Demonstration Dataset
C1062,LOT_2026_01,OPAMP_LM741,TEST_LOT_2026_01_24H,2026-08-02 08:00:00,125.0,14.8262,1.9119,13.6687,359.9051,24,50.0,25.0,NORMAL,Synthetic / Demonstration Dataset
C1062,LOT_2026_01,OPAMP_LM741,TEST_LOT_2026_01_96H,2026-08-05 08:00:00,125.0,15.004,1.8475,13.71,349.7089,96,50.0,25.0,NORMAL,Synthetic / Demonstration Dataset
C1062,LOT_2026_01,OPAMP_LM741,TEST_LOT_2026_01_168H,2026-08-08 08:00:00,85.0,14.8977,1.7786,12.8715,355.4519,168,50.0,25.0,NORMAL,Synthetic / Demonstration Dataset
C1063,LOT_2026_01,OPAMP_LM741,TEST_LOT_2026_01_0H,2026-08-16 08:00:00,25.0,15.0961,1.7955,12.4056,358.2068,0,50.0,25.0,NORMAL,Synthetic / Demonstration Dataset
C1063,LOT_2026_01,OPAMP_LM741,TEST_LOT_2026_01_24H,2026-08-17 08:00:00,125.0,15.1387,1.8576,15.4625,355.467,24,50.0,25.0,NORMAL,Synthetic / Demonstration Dataset
C1063,LOT_2026_01,OPAMP_LM741,TEST_LOT_2026_01_96H,2026-08-20 08:00:00,125.0,15.059,1.8997,15.4981,359.9721,96,50.0,25.0,NORMAL,Synthetic / Demonstration Dataset
C1063,LOT_2026_01,OPAMP_LM741,TEST_LOT_2026_01_168H,2026-08-23 08:00:00,85.0,14.9197,1.914,14.8125,358.0978,168,50.0,25.0,NORMAL,Synthetic / Demonstration Dataset
C1064,LOT_2026_01,OPAMP_LM741,TEST_LOT_2026_01_0H,2026-08-12 08:00:00,25.0,14.8966,1.9142,12.7387,357.062,0,50.0,25.0,NORMAL,Synthetic / Demonstration Dataset
C1064,LOT_2026_01,OPAMP_LM741,TEST_LOT_2026_01_24H,2026-08-13 08:00:00,125.0,14.9274,1.8377,15.3701,359.1696,24,50.0,25.0,NORMAL,Synthetic / Demonstration Dataset
C1064,LOT_2026_01,OPAMP_LM741,TEST_LOT_2026_01_96H,2026-08-16 08:00:00,125.0,14.9139,1.8571,15.8346,365.4153,96,50.0,25.0,NORMAL,Synthetic / Demonstration Dataset
C1064,LOT_2026_01,OPAMP_LM741,TEST_LOT_2026_01_168H,2026-08-19 08:00:00,85.0,15.0654,1.8568,15.4892,358.1647,168,50.0,25.0,NORMAL,Synthetic / Demonstration Dataset
C1065,LOT_2026_01,OPAMP_LM741,TEST_LOT_2026_01_0H,2026-08-10 08:00:00,25.0,14.8466,1.797,10.9846,349.6522,0,50.0,25.0,GRADUAL_DEGRADE,Synthetic / Demonstration Dataset
C1065,LOT_2026_01,OPAMP_LM741,TEST_LOT_2026_01_24H,2026-08-11 08:00:00,125.0,15.1399,1.9247,18.1068,352.5282,24,50.0,25.0,GRADUAL_DEGRADE,Synthetic / Demonstration Dataset
C1065,LOT_2026_01,OPAMP_LM741,TEST_LOT_2026_01_96H,2026-08-14 08:00:00,125.0,14.8648,1.9417,23.0467,365.1882,96,50.0,25.0,GRADUAL_DEGRADE,Synthetic / Demonstration Dataset
C1065,LOT_2026_01,OPAMP_LM741,TEST_LOT_2026_01_168H,2026-08-17 08:00:00,85.0,14.9842,2.1275,33.8435,361.2064,168,50.0,25.0,GRADUAL_DEGRADE,Synthetic / Demonstration Dataset
C1066,LOT_2026_01,OPAMP_LM741,TEST_LOT_2026_01_0H,2026-08-08 08:00:00,25.0,15.1201,1.8046,9.561,356.6455,0,50.0,25.0,NORMAL,Synthetic / Demonstration Dataset
C1066,LOT_2026_01,OPAMP_LM741,TEST_LOT_2026_01_24H,2026-08-09 08:00:00,125.0,15.2065,1.853,11.4123,357.1119,24,50.0,25.0,NORMAL,Synthetic / Demonstration Dataset
C1066,LOT_2026_01,OPAMP_LM741,TEST_LOT_2026_01_96H,2026-08-12 08:00:00,125.0,15.0486,1.8013,11.5864,350.0165,96,50.0,25.0,NORMAL,Synthetic / Demonstration Dataset
C1066,LOT_2026_01,OPAMP_LM741,TEST_LOT_2026_01_168H,2026-08-15 08:00:00,85.0,14.9765,1.8645,11.1338,347.7464,168,50.0,25.0,NORMAL,Synthetic / Demonstration Dataset
C1067,LOT_2026_01,OPAMP_LM741,TEST_LOT_2026_01_0H,2026-08-03 08:00:00,25.0,14.8267,1.8213,10.5306,356.5753,0,50.0,25.0,GRADUAL_DEGRADE,Synthetic / Demonstration Dataset
C1067,LOT_2026_01,OPAMP_LM741,TEST_LOT_2026_01_24H,2026-08-04 08:00:00,125.0,14.987,1.7934,15.8165,361.9711,24,50.0,25.0,GRADUAL_DEGRADE,Synthetic / Demonstration Dataset
C1067,LOT_2026_01,OPAMP_LM741,TEST_LOT_2026_01_96H,2026-08-07 08:00:00,125.0,14.7666,1.9277,24.1284,354.7312,96,50.0,25.0,GRADUAL_DEGRADE,Synthetic / Demonstration Dataset
C1067,LOT_2026_01,OPAMP_LM741,TEST_LOT_2026_01_168H,2026-08-10 08:00:00,85.0,15.0381,1.9834,36.1271,366.5651,168,50.0,25.0,GRADUAL_DEGRADE,Synthetic / Demonstration Dataset
C1068,LOT_2026_01,OPAMP_LM741,TEST_LOT_2026_01_0H,2026-08-16 08:00:00,25.0,15.1275,1.8031,12.0493,354.8022,0,50.0,25.0,NORMAL,Synthetic / Demonstration Dataset
C1068,LOT_2026_01,OPAMP_LM741,TEST_LOT_2026_01_24H,2026-08-17 08:00:00,125.0,15.3115,1.8653,14.6219,358.8161,24,50.0,25.0,NORMAL,Synthetic / Demonstration Dataset
C1068,LOT_2026_01,OPAMP_LM741,TEST_LOT_2026_01_96H,2026-08-20 08:00:00,125.0,15.0358,1.8389,15.19,356.9078,96,50.0,25.0,NORMAL,Synthetic / Demonstration Dataset
C1068,LOT_2026_01,OPAMP_LM741,TEST_LOT_2026_01_168H,2026-08-23 08:00:00,85.0,14.9944,1.8755,13.9111,357.1374,168,50.0,25.0,NORMAL,Synthetic / Demonstration Dataset
C1069,LOT_2026_01,OPAMP_LM741,TEST_LOT_2026_01_0H,2026-08-05 08:00:00,25.0,15.1099,1.8488,15.2884,357.9194,0,50.0,25.0,LOT_ANOMALY,Synthetic / Demonstration Dataset
C1069,LOT_2026_01,OPAMP_LM741,TEST_LOT_2026_01_24H,2026-08-06 08:00:00,125.0,15.1374,1.8996,18.2267,362.6064,24,50.0,25.0,LOT_ANOMALY,Synthetic / Demonstration Dataset
C1069,LOT_2026_01,OPAMP_LM741,TEST_LOT_2026_01_96H,2026-08-09 08:00:00,125.0,15.3133,1.8746,18.1558,362.9566,96,50.0,25.0,LOT_ANOMALY,Synthetic / Demonstration Dataset
C1069,LOT_2026_01,OPAMP_LM741,TEST_LOT_2026_01_168H,2026-08-12 08:00:00,85.0,15.0919,1.8295,18.2206,356.9271,168,50.0,25.0,LOT_ANOMALY,Synthetic / Demonstration Dataset
C1070,LOT_2026_01,OPAMP_LM741,TEST_LOT_2026_01_0H,2026-08-16 08:00:00,25.0,14.9714,1.8363,12.5452,359.3178,0,50.0,25.0,NORMAL,Synthetic / Demonstration Dataset
C1070,LOT_2026_01,OPAMP_LM741,TEST_LOT_2026_01_24H,2026-08-17 08:00:00,125.0,15.0226,1.8724,15.4132,366.1186,24,50.0,25.0,NORMAL,Synthetic / Demonstration Dataset
C1070,LOT_2026_01,OPAMP_LM741,TEST_LOT_2026_01_96H,2026-08-20 08:00:00,125.0,15.0302,1.9065,15.3935,361.5661,96,50.0,25.0,NORMAL,Synthetic / Demonstration Dataset
C1070,LOT_2026_01,OPAMP_LM741,TEST_LOT_2026_01_168H,2026-08-23 08:00:00,85.0,15.0958,1.7932,15.0304,363.2322,168,50.0,25.0,NORMAL,Synthetic / Demonstration Dataset
C1071,LOT_2026_01,OPAMP_LM741,TEST_LOT_2026_01_0H,2026-08-06 08:00:00,25.0,15.0454,1.751,8.8727,354.2119,0,50.0,25.0,SENSOR_NOISE,Synthetic / Demonstration Dataset
C1071,LOT_2026_01,OPAMP_LM741,TEST_LOT_2026_01_24H,2026-08-07 08:00:00,125.0,37.6205,1.8308,10.9662,361.1311,24,50.0,25.0,SENSOR_NOISE,Synthetic / Demonstration Dataset
C1071,LOT_2026_01,OPAMP_LM741,TEST_LOT_2026_01_96H,2026-08-10 08:00:00,125.0,14.9634,1.8599,11.1706,359.7484,96,50.0,25.0,SENSOR_NOISE,Synthetic / Demonstration Dataset
C1071,LOT_2026_01,OPAMP_LM741,TEST_LOT_2026_01_168H,2026-08-13 08:00:00,85.0,15.0896,1.8334,9.8355,353.8763,168,50.0,25.0,SENSOR_NOISE,Synthetic / Demonstration Dataset
C1072,LOT_2026_01,OPAMP_LM741,TEST_LOT_2026_01_0H,2026-08-07 08:00:00,25.0,14.9775,1.8253,11.8992,355.3439,0,50.0,25.0,NORMAL,Synthetic / Demonstration Dataset
C1072,LOT_2026_01,OPAMP_LM741,TEST_LOT_2026_01_24H,2026-08-08 08:00:00,125.0,14.8356,1.7732,14.5228,362.8422,24,50.0,25.0,NORMAL,Synthetic / Demonstration Dataset
C1072,LOT_2026_01,OPAMP_LM741,TEST_LOT_2026_01_96H,2026-08-11 08:00:00,125.0,14.8513,1.7357,14.3341,354.9307,96,50.0,25.0,NORMAL,Synthetic / Demonstration Dataset
C1072,LOT_2026_01,OPAMP_LM741,TEST_LOT_2026_01_168H,2026-08-14 08:00:00,85.0,15.2463,1.8823,13.1824,354.1827,168,50.0,25.0,NORMAL,Synthetic / Demonstration Dataset
C1073,LOT_2026_01,OPAMP_LM741,TEST_LOT_2026_01_0H,2026-08-07 08:00:00,25.0,15.1473,1.8133,12.9513,347.7277,0,50.0,25.0,SUDDEN_DEGRADE,Synthetic / Demonstration Dataset
C1073,LOT_2026_01,OPAMP_LM741,TEST_LOT_2026_01_24H,2026-08-08 08:00:00,125.0,15.3436,1.8057,16.3585,352.8144,24,50.0,25.0,SUDDEN_DEGRADE,Synthetic / Demonstration Dataset
C1073,LOT_2026_01,OPAMP_LM741,TEST_LOT_2026_01_96H,2026-08-11 08:00:00,125.0,15.1534,2.2911,46.9117,378.3008,96,50.0,25.0,SUDDEN_DEGRADE,Synthetic / Demonstration Dataset
C1073,LOT_2026_01,OPAMP_LM741,TEST_LOT_2026_01_168H,2026-08-14 08:00:00,85.0,15.0846,2.517,82.9635,392.8541,168,50.0,25.0,SUDDEN_DEGRADE,Synthetic / Demonstration Dataset
C1074,LOT_2026_01,OPAMP_LM741,TEST_LOT_2026_01_0H,2026-08-13 08:00:00,25.0,15.083,1.7985,10.0217,351.6846,0,50.0,25.0,NORMAL,Synthetic / Demonstration Dataset
C1074,LOT_2026_01,OPAMP_LM741,TEST_LOT_2026_01_24H,2026-08-14 08:00:00,125.0,14.8524,1.8691,12.0571,353.8675,24,50.0,25.0,NORMAL,Synthetic / Demonstration Dataset
C1074,LOT_2026_01,OPAMP_LM741,TEST_LOT_2026_01_96H,2026-08-17 08:00:00,125.0,15.0595,1.8927,11.6977,358.5546,96,50.0,25.0,NORMAL,Synthetic / Demonstration Dataset
C1074,LOT_2026_01,OPAMP_LM741,TEST_LOT_2026_01_168H,2026-08-20 08:00:00,85.0,14.762,1.8073,11.402,355.1437,168,50.0,25.0,NORMAL,Synthetic / Demonstration Dataset
C1075,LOT_2026_01,OPAMP_LM741,TEST_LOT_2026_01_0H,2026-08-12 08:00:00,25.0,15.0158,2.1945,56.1224,375.9564,0,50.0,25.0,SEVERE_FAILURE,Synthetic / Demonstration Dataset
C1075,LOT_2026_01,OPAMP_LM741,TEST_LOT_2026_01_24H,2026-08-13 08:00:00,125.0,15.048,2.4959,87.5509,395.3171,24,50.0,25.0,SEVERE_FAILURE,Synthetic / Demonstration Dataset
C1075,LOT_2026_01,OPAMP_LM741,TEST_LOT_2026_01_96H,2026-08-16 08:00:00,125.0,14.9971,2.9399,121.2243,411.3958,96,50.0,25.0,SEVERE_FAILURE,Synthetic / Demonstration Dataset
C1075,LOT_2026_01,OPAMP_LM741,TEST_LOT_2026_01_168H,2026-08-19 08:00:00,85.0,15.2046,3.2777,157.1426,427.0684,168,50.0,25.0,SEVERE_FAILURE,Synthetic / Demonstration Dataset
C1076,LOT_2026_01,OPAMP_LM741,TEST_LOT_2026_01_0H,2026-08-15 08:00:00,25.0,15.0815,1.8064,10.3951,355.3396,0,50.0,25.0,NORMAL,Synthetic / Demonstration Dataset
C1076,LOT_2026_01,OPAMP_LM741,TEST_LOT_2026_01_24H,2026-08-16 08:00:00,125.0,14.9006,1.7553,12.5457,362.3963,24,50.0,25.0,NORMAL,Synthetic / Demonstration Dataset
C1076,LOT_2026_01,OPAMP_LM741,TEST_LOT_2026_01_96H,2026-08-19 08:00:00,125.0,14.8961,1.7879,12.3863,359.3254,96,50.0,25.0,NORMAL,Synthetic / Demonstration Dataset
C1076,LOT_2026_01,OPAMP_LM741,TEST_LOT_2026_01_168H,2026-08-22 08:00:00,85.0,15.1872,1.7859,11.9584,356.9557,168,50.0,25.0,NORMAL,Synthetic / Demonstration Dataset
C1077,LOT_2026_01,OPAMP_LM741,TEST_LOT_2026_01_0H,2026-08-08 08:00:00,25.0,15.3218,1.7331,9.2459,355.7073,0,50.0,25.0,NORMAL,Synthetic / Demonstration Dataset
C1077,LOT_2026_01,OPAMP_LM741,TEST_LOT_2026_01_24H,2026-08-09 08:00:00,125.0,15.0621,1.8056,11.4872,355.2892,24,50.0,25.0,NORMAL,Synthetic / Demonstration Dataset
C1077,LOT_2026_01,OPAMP_LM741,TEST_LOT_2026_01_96H,2026-08-12 08:00:00,125.0,14.9779,1.8629,11.4709,363.4723,96,50.0,25.0,NORMAL,Synthetic / Demonstration Dataset
C1077,LOT_2026_01,OPAMP_LM741,TEST_LOT_2026_01_168H,2026-08-15 08:00:00,85.0,14.7945,1.8011,10.5537,364.3058,168,50.0,25.0,NORMAL,Synthetic / Demonstration Dataset
C1078,LOT_2026_01,OPAMP_LM741,TEST_LOT_2026_01_0H,2026-08-01 08:00:00,25.0,15.2459,1.8767,9.2839,352.7044,0,50.0,25.0,NORMAL,Synthetic / Demonstration Dataset
C1078,LOT_2026_01,OPAMP_LM741,TEST_LOT_2026_01_24H,2026-08-02 08:00:00,125.0,15.2443,1.7962,11.5173,355.0461,24,50.0,25.0,NORMAL,Synthetic / Demonstration Dataset
C1078,LOT_2026_01,OPAMP_LM741,TEST_LOT_2026_01_96H,2026-08-05 08:00:00,125.0,14.8478,1.7804,11.2913,351.3619,96,50.0,25.0,NORMAL,Synthetic / Demonstration Dataset
C1078,LOT_2026_01,OPAMP_LM741,TEST_LOT_2026_01_168H,2026-08-08 08:00:00,85.0,14.8845,1.8203,10.8613,349.985,168,50.0,25.0,NORMAL,Synthetic / Demonstration Dataset
C1079,LOT_2026_01,OPAMP_LM741,TEST_LOT_2026_01_0H,2026-08-08 08:00:00,25.0,15.125,1.7068,10.6454,356.6319,0,50.0,25.0,NORMAL,Synthetic / Demonstration Dataset
C1079,LOT_2026_01,OPAMP_LM741,TEST_LOT_2026_01_24H,2026-08-09 08:00:00,125.0,14.8186,1.9167,13.3091,358.1211,24,50.0,25.0,NORMAL,Synthetic / Demonstration Dataset
C1079,LOT_2026_01,OPAMP_LM741,TEST_LOT_2026_01_96H,2026-08-12 08:00:00,125.0,14.9916,1.8567,12.8807,356.7064,96,50.0,25.0,NORMAL,Synthetic / Demonstration Dataset
C1079,LOT_2026_01,OPAMP_LM741,TEST_LOT_2026_01_168H,2026-08-15 08:00:00,85.0,14.8619,1.8346,12.6122,351.3581,168,50.0,25.0,NORMAL,Synthetic / Demonstration Dataset
C1080,LOT_2026_01,OPAMP_LM741,TEST_LOT_2026_01_0H,2026-08-01 08:00:00,25.0,14.8644,1.7644,10.1149,359.3838,0,50.0,25.0,NORMAL,Synthetic / Demonstration Dataset
C1080,LOT_2026_01,OPAMP_LM741,TEST_LOT_2026_01_24H,2026-08-02 08:00:00,125.0,15.0914,1.7718,12.6398,355.2125,24,50.0,25.0,NORMAL,Synthetic / Demonstration Dataset
C1080,LOT_2026_01,OPAMP_LM741,TEST_LOT_2026_01_96H,2026-08-05 08:00:00,125.0,15.0213,1.9453,12.9346,357.8439,96,50.0,25.0,NORMAL,Synthetic / Demonstration Dataset
C1080,LOT_2026_01,OPAMP_LM741,TEST_LOT_2026_01_168H,2026-08-08 08:00:00,85.0,14.9536,1.8253,11.8627,355.3977,168,50.0,25.0,NORMAL,Synthetic / Demonstration Dataset
C1081,LOT_2026_01,OPAMP_LM741,TEST_LOT_2026_01_0H,2026-08-02 08:00:00,25.0,15.1435,1.7717,11.0981,350.8897,0,50.0,25.0,NORMAL,Synthetic / Demonstration Dataset
C1081,LOT_2026_01,OPAMP_LM741,TEST_LOT_2026_01_24H,2026-08-03 08:00:00,125.0,15.0762,1.776,13.117,349.0234,24,50.0,25.0,NORMAL,Synthetic / Demonstration Dataset
C1081,LOT_2026_01,OPAMP_LM741,TEST_LOT_2026_01_96H,2026-08-06 08:00:00,125.0,15.3739,1.8379,13.8176,359.8435,96,50.0,25.0,NORMAL,Synthetic / Demonstration Dataset
C1081,LOT_2026_01,OPAMP_LM741,TEST_LOT_2026_01_168H,2026-08-09 08:00:00,85.0,14.9852,1.8751,12.9145,355.4413,168,50.0,25.0,NORMAL,Synthetic / Demonstration Dataset
C1082,LOT_2026_01,OPAMP_LM741,TEST_LOT_2026_01_0H,2026-08-02 08:00:00,25.0,15.0483,1.7723,10.5692,358.7568,0,50.0,25.0,NORMAL,Synthetic / Demonstration Dataset
C1082,LOT_2026_01,OPAMP_LM741,TEST_LOT_2026_01_24H,2026-08-03 08:00:00,125.0,14.8866,1.8556,12.8811,353.2959,24,50.0,25.0,NORMAL,Synthetic / Demonstration Dataset
C1082,LOT_2026_01,OPAMP_LM741,TEST_LOT_2026_01_96H,2026-08-06 08:00:00,125.0,14.9986,1.8848,13.0532,358.1881,96,50.0,25.0,NORMAL,Synthetic / Demonstration Dataset
C1082,LOT_2026_01,OPAMP_LM741,TEST_LOT_2026_01_168H,2026-08-09 08:00:00,85.0,15.1227,1.8923,12.2743,358.0895,168,50.0,25.0,NORMAL,Synthetic / Demonstration Dataset
C1083,LOT_2026_01,OPAMP_LM741,TEST_LOT_2026_01_0H,2026-08-03 08:00:00,25.0,14.8032,1.7494,10.2608,354.0621,0,50.0,25.0,GRADUAL_DEGRADE,Synthetic / Demonstration Dataset
C1083,LOT_2026_01,OPAMP_LM741,TEST_LOT_2026_01_24H,2026-08-04 08:00:00,125.0,15.0762,1.8595,15.6806,351.5319,24,50.0,25.0,GRADUAL_DEGRADE,Synthetic / Demonstration Dataset
C1083,LOT_2026_01,OPAMP_LM741,TEST_LOT_2026_01_96H,2026-08-07 08:00:00,125.0,14.903,1.875,22.1935,360.5925,96,50.0,25.0,GRADUAL_DEGRADE,Synthetic / Demonstration Dataset
C1083,LOT_2026_01,OPAMP_LM741,TEST_LOT_2026_01_168H,2026-08-10 08:00:00,85.0,15.081,1.9706,33.4725,363.3534,168,50.0,25.0,GRADUAL_DEGRADE,Synthetic / Demonstration Dataset
C1084,LOT_2026_01,OPAMP_LM741,TEST_LOT_2026_01_0H,2026-08-09 08:00:00,25.0,14.8967,1.8044,10.749,353.4017,0,50.0,25.0,NORMAL,Synthetic / Demonstration Dataset
C1084,LOT_2026_01,OPAMP_LM741,TEST_LOT_2026_01_24H,2026-08-10 08:00:00,125.0,14.9449,1.7951,13.0402,357.5787,24,50.0,25.0,NORMAL,Synthetic / Demonstration Dataset
C1084,LOT_2026_01,OPAMP_LM741,TEST_LOT_2026_01_96H,2026-08-13 08:00:00,125.0,15.0024,1.7939,13.0327,351.1463,96,50.0,25.0,NORMAL,Synthetic / Demonstration Dataset
C1084,LOT_2026_01,OPAMP_LM741,TEST_LOT_2026_01_168H,2026-08-16 08:00:00,85.0,15.0749,1.9434,12.8956,352.7939,168,50.0,25.0,NORMAL,Synthetic / Demonstration Dataset
C1085,LOT_2026_01,OPAMP_LM741,TEST_LOT_2026_01_0H,2026-08-07 08:00:00,25.0,14.9807,1.8494,9.9976,353.2239,0,50.0,25.0,NORMAL,Synthetic / Demonstration Dataset
C1085,LOT_2026_01,OPAMP_LM741,TEST_LOT_2026_01_24H,2026-08-08 08:00:00,125.0,15.1812,1.8037,11.9561,359.0533,24,50.0,25.0,NORMAL,Synthetic / Demonstration Dataset
C1085,LOT_2026_01,OPAMP_LM741,TEST_LOT_2026_01_96H,2026-08-11 08:00:00,125.0,14.9955,1.8176,12.6315,354.9453,96,50.0,25.0,NORMAL,Synthetic / Demonstration Dataset
C1085,LOT_2026_01,OPAMP_LM741,TEST_LOT_2026_01_168H,2026-08-14 08:00:00,85.0,15.1295,1.7766,11.6385,356.2002,168,50.0,25.0,NORMAL,Synthetic / Demonstration Dataset
C1086,LOT_2026_01,OPAMP_LM741,TEST_LOT_2026_01_0H,2026-08-16 08:00:00,25.0,14.8509,1.7875,8.906,347.5924,0,50.0,25.0,NORMAL,Synthetic / Demonstration Dataset
C1086,LOT_2026_01,OPAMP_LM741,TEST_LOT_2026_01_24H,2026-08-17 08:00:00,125.0,14.821,1.8122,11.4217,359.7996,24,50.0,25.0,NORMAL,Synthetic / Demonstration Dataset
C1086,LOT_2026_01,OPAMP_LM741,TEST_LOT_2026_01_96H,2026-08-20 08:00:00,125.0,14.6546,1.7851,10.7366,352.3064,96,50.0,25.0,NORMAL,Synthetic / Demonstration Dataset
C1086,LOT_2026_01,OPAMP_LM741,TEST_LOT_2026_01_168H,2026-08-23 08:00:00,85.0,15.0427,1.8044,9.4029,358.6996,168,50.0,25.0,NORMAL,Synthetic / Demonstration Dataset
C1087,LOT_2026_01,OPAMP_LM741,TEST_LOT_2026_01_0H,2026-08-16 08:00:00,25.0,14.7601,1.7687,8.9034,354.1425,0,50.0,25.0,NORMAL,Synthetic / Demonstration Dataset
C1087,LOT_2026_01,OPAMP_LM741,TEST_LOT_2026_01_24H,2026-08-17 08:00:00,125.0,15.2116,1.8722,11.1452,356.5405,24,50.0,25.0,NORMAL,Synthetic / Demonstration Dataset
C1087,LOT_2026_01,OPAMP_LM741,TEST_LOT_2026_01_96H,2026-08-20 08:00:00,125.0,14.9039,1.8217,11.3319,351.4964,96,50.0,25.0,NORMAL,Synthetic / Demonstration Dataset
C1087,LOT_2026_01,OPAMP_LM741,TEST_LOT_2026_01_168H,2026-08-23 08:00:00,85.0,15.0133,1.8906,10.4479,354.4225,168,50.0,25.0,NORMAL,Synthetic / Demonstration Dataset
C1088,LOT_2026_01,OPAMP_LM741,TEST_LOT_2026_01_0H,2026-08-07 08:00:00,25.0,15.0135,1.8647,15.2884,356.0523,0,50.0,25.0,LOT_ANOMALY,Synthetic / Demonstration Dataset
C1088,LOT_2026_01,OPAMP_LM741,TEST_LOT_2026_01_24H,2026-08-08 08:00:00,125.0,15.1948,1.8375,18.6571,354.6809,24,50.0,25.0,LOT_ANOMALY,Synthetic / Demonstration Dataset
C1088,LOT_2026_01,OPAMP_LM741,TEST_LOT_2026_01_96H,2026-08-11 08:00:00,125.0,15.1737,1.8762,19.8726,358.4101,96,50.0,25.0,LOT_ANOMALY,Synthetic / Demonstration Dataset
C1088,LOT_2026_01,OPAMP_LM741,TEST_LOT_2026_01_168H,2026-08-14 08:00:00,85.0,14.8938,1.8505,18.9612,362.5592,168,50.0,25.0,LOT_ANOMALY,Synthetic / Demonstration Dataset
C1089,LOT_2026_01,OPAMP_LM741,TEST_LOT_2026_01_0H,2026-08-14 08:00:00,25.0,15.1967,1.7471,10.9769,353.7298,0,50.0,25.0,NORMAL,Synthetic / Demonstration Dataset
C1089,LOT_2026_01,OPAMP_LM741,TEST_LOT_2026_01_24H,2026-08-15 08:00:00,125.0,14.8612,1.8669,13.4798,361.0261,24,50.0,25.0,NORMAL,Synthetic / Demonstration Dataset
C1089,LOT_2026_01,OPAMP_LM741,TEST_LOT_2026_01_96H,2026-08-18 08:00:00,125.0,15.0058,1.906,13.3223,362.9586,96,50.0,25.0,NORMAL,Synthetic / Demonstration Dataset
C1089,LOT_2026_01,OPAMP_LM741,TEST_LOT_2026_01_168H,2026-08-21 08:00:00,85.0,15.089,1.7881,13.0763,357.7954,168,50.0,25.0,NORMAL,Synthetic / Demonstration Dataset
C1090,LOT_2026_01,OPAMP_LM741,TEST_LOT_2026_01_0H,2026-08-14 08:00:00,25.0,14.9684,1.7794,10.9165,350.9737,0,50.0,25.0,NORMAL,Synthetic / Demonstration Dataset
C1090,LOT_2026_01,OPAMP_LM741,TEST_LOT_2026_01_24H,2026-08-15 08:00:00,125.0,14.7078,1.8582,12.9228,356.9783,24,50.0,25.0,NORMAL,Synthetic / Demonstration Dataset
C1090,LOT_2026_01,OPAMP_LM741,TEST_LOT_2026_01_96H,2026-08-18 08:00:00,125.0,14.9503,1.8434,13.2857,356.0669,96,50.0,25.0,NORMAL,Synthetic / Demonstration Dataset
C1090,LOT_2026_01,OPAMP_LM741,TEST_LOT_2026_01_168H,2026-08-21 08:00:00,85.0,15.137,1.8359,12.074,356.9676,168,50.0,25.0,NORMAL,Synthetic / Demonstration Dataset
C1091,LOT_2026_01,OPAMP_LM741,TEST_LOT_2026_01_0H,2026-08-02 08:00:00,25.0,14.878,1.8732,11.2534,355.1366,0,50.0,25.0,NORMAL,Synthetic / Demonstration Dataset
C1091,LOT_2026_01,OPAMP_LM741,TEST_LOT_2026_01_24H,2026-08-03 08:00:00,125.0,15.1102,1.7876,13.9574,358.7388,24,50.0,25.0,NORMAL,Synthetic / Demonstration Dataset
C1091,LOT_2026_01,OPAMP_LM741,TEST_LOT_2026_01_96H,2026-08-06 08:00:00,125.0,15.0045,1.8351,13.9816,356.6902,96,50.0,25.0,NORMAL,Synthetic / Demonstration Dataset
C1091,LOT_2026_01,OPAMP_LM741,TEST_LOT_2026_01_168H,2026-08-09 08:00:00,85.0,15.0867,1.8357,13.4159,351.4862,168,50.0,25.0,NORMAL,Synthetic / Demonstration Dataset
C1092,LOT_2026_01,OPAMP_LM741,TEST_LOT_2026_01_0H,2026-08-04 08:00:00,25.0,15.1085,1.9234,10.8417,359.1849,0,50.0,25.0,NORMAL,Synthetic / Demonstration Dataset
C1092,LOT_2026_01,OPAMP_LM741,TEST_LOT_2026_01_24H,2026-08-05 08:00:00,125.0,15.0118,1.9185,12.7942,358.5795,24,50.0,25.0,NORMAL,Synthetic / Demonstration Dataset
C1092,LOT_2026_01,OPAMP_LM741,TEST_LOT_2026_01_96H,2026-08-08 08:00:00,125.0,15.135,1.8038,13.4883,358.4175,96,50.0,25.0,NORMAL,Synthetic / Demonstration Dataset
C1092,LOT_2026_01,OPAMP_LM741,TEST_LOT_2026_01_168H,2026-08-11 08:00:00,85.0,14.9971,1.8662,12.4785,352.9957,168,50.0,25.0,NORMAL,Synthetic / Demonstration Dataset
C1093,LOT_2026_01,OPAMP_LM741,TEST_LOT_2026_01_0H,2026-08-11 08:00:00,25.0,14.9366,1.831,11.7939,350.9952,0,50.0,25.0,NORMAL,Synthetic / Demonstration Dataset
C1093,LOT_2026_01,OPAMP_LM741,TEST_LOT_2026_01_24H,2026-08-12 08:00:00,125.0,15.217,1.8199,14.5655,353.397,24,50.0,25.0,NORMAL,Synthetic / Demonstration Dataset
C1093,LOT_2026_01,OPAMP_LM741,TEST_LOT_2026_01_96H,2026-08-15 08:00:00,125.0,15.2182,1.7736,14.6128,353.4343,96,50.0,25.0,NORMAL,Synthetic / Demonstration Dataset
C1093,LOT_2026_01,OPAMP_LM741,TEST_LOT_2026_01_168H,2026-08-18 08:00:00,85.0,14.8769,1.7937,13.4537,349.3974,168,50.0,25.0,NORMAL,Synthetic / Demonstration Dataset
C1094,LOT_2026_01,OPAMP_LM741,TEST_LOT_2026_01_0H,2026-08-04 08:00:00,25.0,15.0884,1.8698,15.2884,351.6982,0,50.0,25.0,LOT_ANOMALY,Synthetic / Demonstration Dataset
C1094,LOT_2026_01,OPAMP_LM741,TEST_LOT_2026_01_24H,2026-08-05 08:00:00,125.0,15.2522,1.8572,19.4706,363.8182,24,50.0,25.0,LOT_ANOMALY,Synthetic / Demonstration Dataset
C1094,LOT_2026_01,OPAMP_LM741,TEST_LOT_2026_01_96H,2026-08-08 08:00:00,125.0,15.0272,1.8509,19.271,367.3854,96,50.0,25.0,LOT_ANOMALY,Synthetic / Demonstration Dataset
C1094,LOT_2026_01,OPAMP_LM741,TEST_LOT_2026_01_168H,2026-08-11 08:00:00,85.0,15.019,1.852,18.6372,365.8332,168,50.0,25.0,LOT_ANOMALY,Synthetic / Demonstration Dataset
C1095,LOT_2026_01,OPAMP_LM741,TEST_LOT_2026_01_0H,2026-08-07 08:00:00,25.0,15.2446,1.8729,12.5123,354.0694,0,50.0,25.0,NORMAL,Synthetic / Demonstration Dataset
C1095,LOT_2026_01,OPAMP_LM741,TEST_LOT_2026_01_24H,2026-08-08 08:00:00,125.0,14.9989,1.9202,15.4534,361.6324,24,50.0,25.0,NORMAL,Synthetic / Demonstration Dataset
C1095,LOT_2026_01,OPAMP_LM741,TEST_LOT_2026_01_96H,2026-08-11 08:00:00,125.0,15.1422,1.8855,15.141,347.863,96,50.0,25.0,NORMAL,Synthetic / Demonstration Dataset
C1095,LOT_2026_01,OPAMP_LM741,TEST_LOT_2026_01_168H,2026-08-14 08:00:00,85.0,14.9352,1.8039,14.8206,354.4589,168,50.0,25.0,NORMAL,Synthetic / Demonstration Dataset
C1096,LOT_2026_01,OPAMP_LM741,TEST_LOT_2026_01_0H,2026-08-05 08:00:00,25.0,15.072,1.7326,10.0861,355.7075,0,50.0,25.0,NORMAL,Synthetic / Demonstration Dataset
C1096,LOT_2026_01,OPAMP_LM741,TEST_LOT_2026_01_24H,2026-08-06 08:00:00,125.0,15.2793,1.771,12.4817,355.0172,24,50.0,25.0,NORMAL,Synthetic / Demonstration Dataset
C1096,LOT_2026_01,OPAMP_LM741,TEST_LOT_2026_01_96H,2026-08-09 08:00:00,125.0,15.1721,1.8104,12.5575,360.474,96,50.0,25.0,NORMAL,Synthetic / Demonstration Dataset
C1096,LOT_2026_01,OPAMP_LM741,TEST_LOT_2026_01_168H,2026-08-12 08:00:00,85.0,14.812,1.8262,10.8765,350.5003,168,50.0,25.0,NORMAL,Synthetic / Demonstration Dataset
C1097,LOT_2026_01,OPAMP_LM741,TEST_LOT_2026_01_0H,2026-08-09 08:00:00,25.0,14.9208,1.827,8.839,347.7836,0,50.0,25.0,NORMAL,Synthetic / Demonstration Dataset
C1097,LOT_2026_01,OPAMP_LM741,TEST_LOT_2026_01_24H,2026-08-10 08:00:00,125.0,15.1549,1.7991,10.8877,354.1529,24,50.0,25.0,NORMAL,Synthetic / Demonstration Dataset
C1097,LOT_2026_01,OPAMP_LM741,TEST_LOT_2026_01_96H,2026-08-13 08:00:00,125.0,14.9712,1.8806,11.1114,351.6658,96,50.0,25.0,NORMAL,Synthetic / Demonstration Dataset
C1097,LOT_2026_01,OPAMP_LM741,TEST_LOT_2026_01_168H,2026-08-16 08:00:00,85.0,15.0309,1.7843,10.3245,345.1128,168,50.0,25.0,NORMAL,Synthetic / Demonstration Dataset
C1098,LOT_2026_01,OPAMP_LM741,TEST_LOT_2026_01_0H,2026-08-03 08:00:00,25.0,15.135,1.8395,10.0553,356.2694,0,50.0,25.0,NORMAL,Synthetic / Demonstration Dataset
C1098,LOT_2026_01,OPAMP_LM741,TEST_LOT_2026_01_24H,2026-08-04 08:00:00,125.0,15.0593,1.7918,12.0428,357.2586,24,50.0,25.0,NORMAL,Synthetic / Demonstration Dataset
C1098,LOT_2026_01,OPAMP_LM741,TEST_LOT_2026_01_96H,2026-08-07 08:00:00,125.0,14.8535,1.7801,12.4701,357.4776,96,50.0,25.0,NORMAL,Synthetic / Demonstration Dataset
C1098,LOT_2026_01,OPAMP_LM741,TEST_LOT_2026_01_168H,2026-08-10 08:00:00,85.0,14.874,1.77,11.6108,354.742,168,50.0,25.0,NORMAL,Synthetic / Demonstration Dataset
C1099,LOT_2026_01,OPAMP_LM741,TEST_LOT_2026_01_0H,2026-08-04 08:00:00,25.0,14.9211,1.8206,12.1301,356.4208,0,50.0,25.0,NORMAL,Synthetic / Demonstration Dataset
C1099,LOT_2026_01,OPAMP_LM741,TEST_LOT_2026_01_24H,2026-08-05 08:00:00,125.0,14.7356,1.7939,14.5247,358.1271,24,50.0,25.0,NORMAL,Synthetic / Demonstration Dataset
C1099,LOT_2026_01,OPAMP_LM741,TEST_LOT_2026_01_96H,2026-08-08 08:00:00,125.0,15.1054,1.8543,14.9475,357.0903,96,50.0,25.0,NORMAL,Synthetic / Demonstration Dataset
C1099,LOT_2026_01,OPAMP_LM741,TEST_LOT_2026_01_168H,2026-08-11 08:00:00,85.0,15.1327,1.7917,13.7631,352.9951,168,50.0,25.0,NORMAL,Synthetic / Demonstration Dataset
C1100,LOT_2026_01,OPAMP_LM741,TEST_LOT_2026_01_0H,2026-08-01 08:00:00,25.0,14.8,1.93,10.9288,355.7444,0,50.0,25.0,NORMAL,Synthetic / Demonstration Dataset
C1100,LOT_2026_01,OPAMP_LM741,TEST_LOT_2026_01_24H,2026-08-02 08:00:00,125.0,14.8787,1.8186,13.4381,355.2254,24,50.0,25.0,NORMAL,Synthetic / Demonstration Dataset
C1100,LOT_2026_01,OPAMP_LM741,TEST_LOT_2026_01_96H,2026-08-05 08:00:00,125.0,15.0949,1.8103,13.2795,360.201,96,50.0,25.0,NORMAL,Synthetic / Demonstration Dataset
C1100,LOT_2026_01,OPAMP_LM741,TEST_LOT_2026_01_168H,2026-08-08 08:00:00,85.0,14.9557,1.8464,13.8814,358.2689,168,50.0,25.0,NORMAL,Synthetic / Demonstration Dataset
C1101,LOT_2026_01,OPAMP_LM741,TEST_LOT_2026_01_0H,2026-08-08 08:00:00,25.0,14.9876,1.7828,12.4222,351.7789,0,50.0,25.0,SENSOR_NOISE,Synthetic / Demonstration Dataset
C1101,LOT_2026_01,OPAMP_LM741,TEST_LOT_2026_01_24H,2026-08-09 08:00:00,125.0,37.3319,1.9518,15.1327,363.7609,24,50.0,25.0,SENSOR_NOISE,Synthetic / Demonstration Dataset
C1101,LOT_2026_01,OPAMP_LM741,TEST_LOT_2026_01_96H,2026-08-12 08:00:00,125.0,14.8934,1.8526,,362.3374,96,50.0,25.0,SENSOR_NOISE,Synthetic / Demonstration Dataset
C1101,LOT_2026_01,OPAMP_LM741,TEST_LOT_2026_01_168H,2026-08-15 08:00:00,85.0,14.9029,1.8409,14.3864,354.9935,168,50.0,25.0,SENSOR_NOISE,Synthetic / Demonstration Dataset
C1102,LOT_2026_01,OPAMP_LM741,TEST_LOT_2026_01_0H,2026-08-13 08:00:00,25.0,14.8936,1.7842,10.9713,359.5524,0,50.0,25.0,NORMAL,Synthetic / Demonstration Dataset
C1102,LOT_2026_01,OPAMP_LM741,TEST_LOT_2026_01_24H,2026-08-14 08:00:00,125.0,14.7831,1.837,13.2212,355.3489,24,50.0,25.0,NORMAL,Synthetic / Demonstration Dataset
C1102,LOT_2026_01,OPAMP_LM741,TEST_LOT_2026_01_96H,2026-08-17 08:00:00,125.0,15.0476,1.8355,13.7097,356.6412,96,50.0,25.0,NORMAL,Synthetic / Demonstration Dataset
C1102,LOT_2026_01,OPAMP_LM741,TEST_LOT_2026_01_168H,2026-08-20 08:00:00,85.0,15.0125,1.8681,12.4062,352.796,168,50.0,25.0,NORMAL,Synthetic / Demonstration Dataset
C1103,LOT_2026_01,OPAMP_LM741,TEST_LOT_2026_01_0H,2026-08-06 08:00:00,25.0,15.1558,1.8277,10.2419,359.7041,0,50.0,25.0,SUDDEN_DEGRADE,Synthetic / Demonstration Dataset
C1103,LOT_2026_01,OPAMP_LM741,TEST_LOT_2026_01_24H,2026-08-07 08:00:00,125.0,14.9148,1.8466,14.0901,352.0111,24,50.0,25.0,SUDDEN_DEGRADE,Synthetic / Demonstration Dataset
C1103,LOT_2026_01,OPAMP_LM741,TEST_LOT_2026_01_96H,2026-08-10 08:00:00,125.0,15.0544,2.1216,35.3133,371.8152,96,50.0,25.0,SUDDEN_DEGRADE,Synthetic / Demonstration Dataset
C1103,LOT_2026_01,OPAMP_LM741,TEST_LOT_2026_01_168H,2026-08-13 08:00:00,85.0,15.0805,2.2877,58.4323,382.2009,168,50.0,25.0,SUDDEN_DEGRADE,Synthetic / Demonstration Dataset
C1104,LOT_2026_01,OPAMP_LM741,TEST_LOT_2026_01_0H,2026-08-13 08:00:00,25.0,14.873,1.7761,10.83,359.0199,0,50.0,25.0,NORMAL,Synthetic / Demonstration Dataset
C1104,LOT_2026_01,OPAMP_LM741,TEST_LOT_2026_01_24H,2026-08-14 08:00:00,125.0,14.9395,1.7838,13.1557,358.0604,24,50.0,25.0,NORMAL,Synthetic / Demonstration Dataset
C1104,LOT_2026_01,OPAMP_LM741,TEST_LOT_2026_01_96H,2026-08-17 08:00:00,125.0,14.8399,1.8422,14.0986,361.992,96,50.0,25.0,NORMAL,Synthetic / Demonstration Dataset
C1104,LOT_2026_01,OPAMP_LM741,TEST_LOT_2026_01_168H,2026-08-20 08:00:00,85.0,15.0679,1.7723,12.542,357.7701,168,50.0,25.0,NORMAL,Synthetic / Demonstration Dataset
C1105,LOT_2026_01,OPAMP_LM741,TEST_LOT_2026_01_0H,2026-08-15 08:00:00,25.0,15.1479,1.8596,10.0238,364.0754,0,50.0,25.0,NORMAL,Synthetic / Demonstration Dataset
C1105,LOT_2026_01,OPAMP_LM741,TEST_LOT_2026_01_24H,2026-08-16 08:00:00,125.0,15.0489,1.8338,12.4077,354.9677,24,50.0,25.0,NORMAL,Synthetic / Demonstration Dataset
C1105,LOT_2026_01,OPAMP_LM741,TEST_LOT_2026_01_96H,2026-08-19 08:00:00,125.0,14.9557,1.8335,12.5104,360.8668,96,50.0,25.0,NORMAL,Synthetic / Demonstration Dataset
C1105,LOT_2026_01,OPAMP_LM741,TEST_LOT_2026_01_168H,2026-08-22 08:00:00,85.0,15.171,1.8781,11.2237,355.1986,168,50.0,25.0,NORMAL,Synthetic / Demonstration Dataset
C1106,LOT_2026_01,OPAMP_LM741,TEST_LOT_2026_01_0H,2026-08-16 08:00:00,25.0,14.9088,1.8419,7.7021,353.771,0,50.0,25.0,NORMAL,Synthetic / Demonstration Dataset
C1106,LOT_2026_01,OPAMP_LM741,TEST_LOT_2026_01_24H,2026-08-17 08:00:00,125.0,14.9243,1.8345,9.2427,356.5349,24,50.0,25.0,NORMAL,Synthetic / Demonstration Dataset
C1106,LOT_2026_01,OPAMP_LM741,TEST_LOT_2026_01_96H,2026-08-20 08:00:00,125.0,14.945,1.7756,9.5165,351.5298,96,50.0,25.0,NORMAL,Synthetic / Demonstration Dataset
C1106,LOT_2026_01,OPAMP_LM741,TEST_LOT_2026_01_168H,2026-08-23 08:00:00,85.0,14.9517,1.8588,9.7981,360.2236,168,50.0,25.0,NORMAL,Synthetic / Demonstration Dataset
C1107,LOT_2026_01,OPAMP_LM741,TEST_LOT_2026_01_0H,2026-08-10 08:00:00,25.0,14.9353,1.8346,11.4463,355.6385,0,50.0,25.0,NORMAL,Synthetic / Demonstration Dataset
C1107,LOT_2026_01,OPAMP_LM741,TEST_LOT_2026_01_24H,2026-08-11 08:00:00,125.0,15.0487,1.7786,13.7587,361.0362,24,50.0,25.0,NORMAL,Synthetic / Demonstration Dataset
C1107,LOT_2026_01,OPAMP_LM741,TEST_LOT_2026_01_96H,2026-08-14 08:00:00,125.0,15.0302,1.8534,13.9283,356.058,96,50.0,25.0,NORMAL,Synthetic / Demonstration Dataset
C1107,LOT_2026_01,OPAMP_LM741,TEST_LOT_2026_01_168H,2026-08-17 08:00:00,85.0,14.9288,1.8789,13.5307,352.0544,168,50.0,25.0,NORMAL,Synthetic / Demonstration Dataset
C1108,LOT_2026_01,OPAMP_LM741,TEST_LOT_2026_01_0H,2026-08-02 08:00:00,25.0,15.2908,1.754,10.4,352.8279,0,50.0,25.0,NORMAL,Synthetic / Demonstration Dataset
C1108,LOT_2026_01,OPAMP_LM741,TEST_LOT_2026_01_24H,2026-08-03 08:00:00,125.0,15.0269,1.846,12.8434,358.1338,24,50.0,25.0,NORMAL,Synthetic / Demonstration Dataset
C1108,LOT_2026_01,OPAMP_LM741,TEST_LOT_2026_01_96H,2026-08-06 08:00:00,125.0,15.1665,1.8512,13.0685,355.6899,96,50.0,25.0,NORMAL,Synthetic / Demonstration Dataset
C1108,LOT_2026_01,OPAMP_LM741,TEST_LOT_2026_01_168H,2026-08-09 08:00:00,85.0,15.285,1.8173,12.3973,352.7878,168,50.0,25.0,NORMAL,Synthetic / Demonstration Dataset
C1109,LOT_2026_01,OPAMP_LM741,TEST_LOT_2026_01_0H,2026-08-02 08:00:00,25.0,14.9819,1.7071,11.5769,358.7544,0,50.0,25.0,NORMAL,Synthetic / Demonstration Dataset
C1109,LOT_2026_01,OPAMP_LM741,TEST_LOT_2026_01_24H,2026-08-03 08:00:00,125.0,14.9864,1.8566,14.0037,357.6686,24,50.0,25.0,NORMAL,Synthetic / Demonstration Dataset
C1109,LOT_2026_01,OPAMP_LM741,TEST_LOT_2026_01_96H,2026-08-06 08:00:00,125.0,14.9347,1.8707,14.5076,356.3454,96,50.0,25.0,NORMAL,Synthetic / Demonstration Dataset
C1109,LOT_2026_01,OPAMP_LM741,TEST_LOT_2026_01_168H,2026-08-09 08:00:00,85.0,15.0923,1.7907,13.7451,360.6735,168,50.0,25.0,NORMAL,Synthetic / Demonstration Dataset
C1110,LOT_2026_01,OPAMP_LM741,TEST_LOT_2026_01_0H,2026-08-02 08:00:00,25.0,15.1212,1.8144,9.6052,361.2362,0,50.0,25.0,NORMAL,Synthetic / Demonstration Dataset
C1110,LOT_2026_01,OPAMP_LM741,TEST_LOT_2026_01_24H,2026-08-03 08:00:00,125.0,14.9476,1.8162,11.7126,354.7952,24,50.0,25.0,NORMAL,Synthetic / Demonstration Dataset
C1110,LOT_2026_01,OPAMP_LM741,TEST_LOT_2026_01_96H,2026-08-06 08:00:00,125.0,14.7576,1.7691,12.1742,352.3498,96,50.0,25.0,NORMAL,Synthetic / Demonstration Dataset
C1110,LOT_2026_01,OPAMP_LM741,TEST_LOT_2026_01_168H,2026-08-09 08:00:00,85.0,15.2566,1.8111,11.6316,355.2249,168,50.0,25.0,NORMAL,Synthetic / Demonstration Dataset
C1111,LOT_2026_01,OPAMP_LM741,TEST_LOT_2026_01_0H,2026-08-16 08:00:00,25.0,15.1743,1.757,10.3324,356.0005,0,50.0,25.0,NORMAL,Synthetic / Demonstration Dataset
C1111,LOT_2026_01,OPAMP_LM741,TEST_LOT_2026_01_24H,2026-08-17 08:00:00,125.0,15.0752,1.8382,12.873,359.9401,24,50.0,25.0,NORMAL,Synthetic / Demonstration Dataset
C1111,LOT_2026_01,OPAMP_LM741,TEST_LOT_2026_01_96H,2026-08-20 08:00:00,125.0,15.1017,1.7852,11.7857,349.4857,96,50.0,25.0,NORMAL,Synthetic / Demonstration Dataset
C1111,LOT_2026_01,OPAMP_LM741,TEST_LOT_2026_01_168H,2026-08-23 08:00:00,85.0,15.206,1.8156,12.2493,359.4597,168,50.0,25.0,NORMAL,Synthetic / Demonstration Dataset
C1112,LOT_2026_01,OPAMP_LM741,TEST_LOT_2026_01_0H,2026-08-06 08:00:00,25.0,15.1972,1.9038,12.1831,358.689,0,50.0,25.0,NORMAL,Synthetic / Demonstration Dataset
C1112,LOT_2026_01,OPAMP_LM741,TEST_LOT_2026_01_24H,2026-08-07 08:00:00,125.0,14.7597,1.8365,14.8778,354.4875,24,50.0,25.0,NORMAL,Synthetic / Demonstration Dataset
C1112,LOT_2026_01,OPAMP_LM741,TEST_LOT_2026_01_96H,2026-08-10 08:00:00,125.0,14.9736,1.8638,15.7612,359.8108,96,50.0,25.0,NORMAL,Synthetic / Demonstration Dataset
C1112,LOT_2026_01,OPAMP_LM741,TEST_LOT_2026_01_168H,2026-08-13 08:00:00,85.0,15.2543,1.81,14.1126,357.7374,168,50.0,25.0,NORMAL,Synthetic / Demonstration Dataset
C1113,LOT_2026_01,OPAMP_LM741,TEST_LOT_2026_01_0H,2026-08-03 08:00:00,25.0,14.802,1.763,9.3574,354.5491,0,50.0,25.0,NORMAL,Synthetic / Demonstration Dataset
C1113,LOT_2026_01,OPAMP_LM741,TEST_LOT_2026_01_24H,2026-08-04 08:00:00,125.0,14.8961,1.7433,11.3658,355.392,24,50.0,25.0,NORMAL,Synthetic / Demonstration Dataset
C1113,LOT_2026_01,OPAMP_LM741,TEST_LOT_2026_01_96H,2026-08-07 08:00:00,125.0,15.114,1.8146,11.0472,350.4222,96,50.0,25.0,NORMAL,Synthetic / Demonstration Dataset
C1113,LOT_2026_01,OPAMP_LM741,TEST_LOT_2026_01_168H,2026-08-10 08:00:00,85.0,14.8872,1.8239,10.7898,360.0865,168,50.0,25.0,NORMAL,Synthetic / Demonstration Dataset
C1114,LOT_2026_01,OPAMP_LM741,TEST_LOT_2026_01_0H,2026-08-03 08:00:00,25.0,15.0173,1.772,7.9982,356.3488,0,50.0,25.0,GRADUAL_DEGRADE,Synthetic / Demonstration Dataset
C1114,LOT_2026_01,OPAMP_LM741,TEST_LOT_2026_01_24H,2026-08-04 08:00:00,125.0,14.8671,1.8303,11.6845,356.2047,24,50.0,25.0,GRADUAL_DEGRADE,Synthetic / Demonstration Dataset
C1114,LOT_2026_01,OPAMP_LM741,TEST_LOT_2026_01_96H,2026-08-07 08:00:00,125.0,14.6757,1.9822,18.7127,359.144,96,50.0,25.0,GRADUAL_DEGRADE,Synthetic / Demonstration Dataset
C1114,LOT_2026_01,OPAMP_LM741,TEST_LOT_2026_01_168H,2026-08-10 08:00:00,85.0,14.9401,1.9535,28.6139,359.485,168,50.0,25.0,GRADUAL_DEGRADE,Synthetic / Demonstration Dataset
C1115,LOT_2026_01,OPAMP_LM741,TEST_LOT_2026_01_0H,2026-08-08 08:00:00,25.0,15.1247,1.7711,8.0188,356.7115,0,50.0,25.0,NORMAL,Synthetic / Demonstration Dataset
C1115,LOT_2026_01,OPAMP_LM741,TEST_LOT_2026_01_24H,2026-08-09 08:00:00,125.0,15.1382,1.7752,10.23,355.6221,24,50.0,25.0,NORMAL,Synthetic / Demonstration Dataset
C1115,LOT_2026_01,OPAMP_LM741,TEST_LOT_2026_01_96H,2026-08-12 08:00:00,125.0,14.8938,1.8148,9.7612,351.9676,96,50.0,25.0,NORMAL,Synthetic / Demonstration Dataset
C1115,LOT_2026_01,OPAMP_LM741,TEST_LOT_2026_01_168H,2026-08-15 08:00:00,85.0,14.8668,1.769,8.4393,359.5446,168,50.0,25.0,NORMAL,Synthetic / Demonstration Dataset
C1116,LOT_2026_01,OPAMP_LM741,TEST_LOT_2026_01_0H,2026-08-08 08:00:00,25.0,15.0768,1.7882,9.6592,359.122,0,50.0,25.0,NORMAL,Synthetic / Demonstration Dataset
C1116,LOT_2026_01,OPAMP_LM741,TEST_LOT_2026_01_24H,2026-08-09 08:00:00,125.0,15.1764,1.7344,12.1088,356.7779,24,50.0,25.0,NORMAL,Synthetic / Demonstration Dataset
C1116,LOT_2026_01,OPAMP_LM741,TEST_LOT_2026_01_96H,2026-08-12 08:00:00,125.0,15.0572,1.8541,12.2243,356.3164,96,50.0,25.0,NORMAL,Synthetic / Demonstration Dataset
C1116,LOT_2026_01,OPAMP_LM741,TEST_LOT_2026_01_168H,2026-08-15 08:00:00,85.0,14.7454,1.777,10.9327,364.8397,168,50.0,25.0,NORMAL,Synthetic / Demonstration Dataset
C1117,LOT_2026_01,OPAMP_LM741,TEST_LOT_2026_01_0H,2026-08-02 08:00:00,25.0,14.7061,1.8333,9.6656,357.8269,0,50.0,25.0,NORMAL,Synthetic / Demonstration Dataset
C1117,LOT_2026_01,OPAMP_LM741,TEST_LOT_2026_01_24H,2026-08-03 08:00:00,125.0,15.0706,1.8638,12.1476,362.5146,24,50.0,25.0,NORMAL,Synthetic / Demonstration Dataset
C1117,LOT_2026_01,OPAMP_LM741,TEST_LOT_2026_01_96H,2026-08-06 08:00:00,125.0,14.8584,1.7622,11.6903,354.915,96,50.0,25.0,NORMAL,Synthetic / Demonstration Dataset
C1117,LOT_2026_01,OPAMP_LM741,TEST_LOT_2026_01_168H,2026-08-09 08:00:00,85.0,15.0792,1.8436,11.9156,349.5902,168,50.0,25.0,NORMAL,Synthetic / Demonstration Dataset
C1118,LOT_2026_01,OPAMP_LM741,TEST_LOT_2026_01_0H,2026-08-14 08:00:00,25.0,14.7247,1.8527,9.4165,360.258,0,50.0,25.0,NORMAL,Synthetic / Demonstration Dataset
C1118,LOT_2026_01,OPAMP_LM741,TEST_LOT_2026_01_24H,2026-08-15 08:00:00,125.0,14.852,1.8914,11.7269,354.9771,24,50.0,25.0,NORMAL,Synthetic / Demonstration Dataset
C1118,LOT_2026_01,OPAMP_LM741,TEST_LOT_2026_01_96H,2026-08-18 08:00:00,125.0,14.8553,1.7907,11.2226,355.7848,96,50.0,25.0,NORMAL,Synthetic / Demonstration Dataset
C1118,LOT_2026_01,OPAMP_LM741,TEST_LOT_2026_01_168H,2026-08-21 08:00:00,85.0,14.7881,1.8699,10.9222,354.934,168,50.0,25.0,NORMAL,Synthetic / Demonstration Dataset
C1119,LOT_2026_01,OPAMP_LM741,TEST_LOT_2026_01_0H,2026-08-11 08:00:00,25.0,15.1665,1.7347,9.3919,348.9948,0,50.0,25.0,NORMAL,Synthetic / Demonstration Dataset
C1119,LOT_2026_01,OPAMP_LM741,TEST_LOT_2026_01_24H,2026-08-12 08:00:00,125.0,15.2837,1.7951,11.8156,355.7469,24,50.0,25.0,NORMAL,Synthetic / Demonstration Dataset
C1119,LOT_2026_01,OPAMP_LM741,TEST_LOT_2026_01_96H,2026-08-15 08:00:00,125.0,15.0008,1.7884,11.2174,355.2513,96,50.0,25.0,NORMAL,Synthetic / Demonstration Dataset
C1119,LOT_2026_01,OPAMP_LM741,TEST_LOT_2026_01_168H,2026-08-18 08:00:00,85.0,14.8353,1.7934,11.1502,349.2619,168,50.0,25.0,NORMAL,Synthetic / Demonstration Dataset
C1120,LOT_2026_01,OPAMP_LM741,TEST_LOT_2026_01_0H,2026-08-07 08:00:00,25.0,14.986,1.8097,9.8224,355.7497,0,50.0,25.0,SUDDEN_DEGRADE,Synthetic / Demonstration Dataset
C1120,LOT_2026_01,OPAMP_LM741,TEST_LOT_2026_01_24H,2026-08-08 08:00:00,125.0,15.1356,1.8281,13.3506,358.2423,24,50.0,25.0,SUDDEN_DEGRADE,Synthetic / Demonstration Dataset
C1120,LOT_2026_01,OPAMP_LM741,TEST_LOT_2026_01_96H,2026-08-11 08:00:00,125.0,15.0793,1.9518,35.3743,368.3287,96,50.0,25.0,SUDDEN_DEGRADE,Synthetic / Demonstration Dataset
C1120,LOT_2026_01,OPAMP_LM741,TEST_LOT_2026_01_168H,2026-08-14 08:00:00,85.0,14.823,2.3163,58.4437,380.9748,168,50.0,25.0,SUDDEN_DEGRADE,Synthetic / Demonstration Dataset
C1121,LOT_2026_02,FPGA_XC7A35T,TEST_LOT_2026_02_0H,2026-08-13 08:00:00,25.0,0.9921,250.1291,16.0141,10.403,0,75.0,35.0,NORMAL,Synthetic / Demonstration Dataset
C1121,LOT_2026_02,FPGA_XC7A35T,TEST_LOT_2026_02_24H,2026-08-14 08:00:00,125.0,0.9802,250.2308,19.3436,12.0461,24,75.0,35.0,NORMAL,Synthetic / Demonstration Dataset
C1121,LOT_2026_02,FPGA_XC7A35T,TEST_LOT_2026_02_96H,2026-08-17 08:00:00,125.0,1.0207,250.1507,19.6631,12.1708,96,75.0,35.0,NORMAL,Synthetic / Demonstration Dataset
C1121,LOT_2026_02,FPGA_XC7A35T,TEST_LOT_2026_02_168H,2026-08-20 08:00:00,85.0,1.011,250.2805,18.2557,11.4983,168,75.0,35.0,NORMAL,Synthetic / Demonstration Dataset
C1122,LOT_2026_02,FPGA_XC7A35T,TEST_LOT_2026_02_0H,2026-08-10 08:00:00,25.0,0.9953,250.1756,18.0929,11.5099,0,75.0,35.0,NORMAL,Synthetic / Demonstration Dataset
C1122,LOT_2026_02,FPGA_XC7A35T,TEST_LOT_2026_02_24H,2026-08-11 08:00:00,125.0,1.0025,250.2393,21.5907,13.2214,24,75.0,35.0,NORMAL,Synthetic / Demonstration Dataset
C1122,LOT_2026_02,FPGA_XC7A35T,TEST_LOT_2026_02_96H,2026-08-14 08:00:00,125.0,1.0031,250.2015,22.1067,13.4598,96,75.0,35.0,NORMAL,Synthetic / Demonstration Dataset
C1122,LOT_2026_02,FPGA_XC7A35T,TEST_LOT_2026_02_168H,2026-08-17 08:00:00,85.0,1.0062,250.1871,20.5583,12.6882,168,75.0,35.0,NORMAL,Synthetic / Demonstration Dataset
C1123,LOT_2026_02,FPGA_XC7A35T,TEST_LOT_2026_02_0H,2026-08-03 08:00:00,25.0,1.0113,250.1678,17.0409,10.8779,0,75.0,35.0,NORMAL,Synthetic / Demonstration Dataset
C1123,LOT_2026_02,FPGA_XC7A35T,TEST_LOT_2026_02_24H,2026-08-04 08:00:00,125.0,0.9909,250.1772,20.992,12.8817,24,75.0,35.0,NORMAL,Synthetic / Demonstration Dataset
C1123,LOT_2026_02,FPGA_XC7A35T,TEST_LOT_2026_02_96H,2026-08-07 08:00:00,125.0,0.9786,250.3699,21.3039,13.0773,96,75.0,35.0,NORMAL,Synthetic / Demonstration Dataset
C1123,LOT_2026_02,FPGA_XC7A35T,TEST_LOT_2026_02_168H,2026-08-10 08:00:00,85.0,0.9995,250.2106,19.6339,12.2294,168,75.0,35.0,NORMAL,Synthetic / Demonstration Dataset
C1124,LOT_2026_02,FPGA_XC7A35T,TEST_LOT_2026_02_0H,2026-08-04 08:00:00,25.0,1.0056,250.1884,18.3899,11.5902,0,75.0,35.0,NORMAL,Synthetic / Demonstration Dataset
C1124,LOT_2026_02,FPGA_XC7A35T,TEST_LOT_2026_02_24H,2026-08-05 08:00:00,125.0,0.9981,250.2794,22.2716,13.55,24,75.0,35.0,NORMAL,Synthetic / Demonstration Dataset
C1124,LOT_2026_02,FPGA_XC7A35T,TEST_LOT_2026_02_96H,2026-08-08 08:00:00,125.0,1.0066,250.2234,21.3693,13.0842,96,75.0,35.0,NORMAL,Synthetic / Demonstration Dataset
C1124,LOT_2026_02,FPGA_XC7A35T,TEST_LOT_2026_02_168H,2026-08-11 08:00:00,85.0,1.0112,250.2561,20.8706,12.8168,168,75.0,35.0,NORMAL,Synthetic / Demonstration Dataset
C1125,LOT_2026_02,FPGA_XC7A35T,TEST_LOT_2026_02_0H,2026-08-07 08:00:00,25.0,0.9903,250.1102,17.9136,11.3417,0,75.0,35.0,NORMAL,Synthetic / Demonstration Dataset
C1125,LOT_2026_02,FPGA_XC7A35T,TEST_LOT_2026_02_24H,2026-08-08 08:00:00,125.0,1.0095,250.2451,21.9433,13.389,24,75.0,35.0,NORMAL,Synthetic / Demonstration Dataset
C1125,LOT_2026_02,FPGA_XC7A35T,TEST_LOT_2026_02_96H,2026-08-11 08:00:00,125.0,0.9936,250.242,22.0421,13.4403,96,75.0,35.0,NORMAL,Synthetic / Demonstration Dataset
C1125,LOT_2026_02,FPGA_XC7A35T,TEST_LOT_2026_02_168H,2026-08-14 08:00:00,85.0,1.0119,250.2439,20.8491,12.833,168,75.0,35.0,NORMAL,Synthetic / Demonstration Dataset
C1126,LOT_2026_02,FPGA_XC7A35T,TEST_LOT_2026_02_0H,2026-08-05 08:00:00,25.0,0.9997,250.1483,19.2398,12.016,0,75.0,35.0,NORMAL,Synthetic / Demonstration Dataset
C1126,LOT_2026_02,FPGA_XC7A35T,TEST_LOT_2026_02_24H,2026-08-06 08:00:00,125.0,0.9932,250.2243,23.1489,13.9555,24,75.0,35.0,NORMAL,Synthetic / Demonstration Dataset
C1126,LOT_2026_02,FPGA_XC7A35T,TEST_LOT_2026_02_96H,2026-08-09 08:00:00,125.0,0.9811,250.244,23.3369,14.0685,96,75.0,35.0,NORMAL,Synthetic / Demonstration Dataset
C1126,LOT_2026_02,FPGA_XC7A35T,TEST_LOT_2026_02_168H,2026-08-12 08:00:00,85.0,1.0066,250.2632,21.6305,13.1767,168,75.0,35.0,NORMAL,Synthetic / Demonstration Dataset
C1127,LOT_2026_02,FPGA_XC7A35T,TEST_LOT_2026_02_0H,2026-08-03 08:00:00,25.0,0.9923,250.1087,15.574,10.2069,0,75.0,35.0,SUDDEN_DEGRADE,Synthetic / Demonstration Dataset
C1127,LOT_2026_02,FPGA_XC7A35T,TEST_LOT_2026_02_24H,2026-08-04 08:00:00,125.0,0.9981,250.1252,20.2241,12.5089,24,75.0,35.0,SUDDEN_DEGRADE,Synthetic / Demonstration Dataset
C1127,LOT_2026_02,FPGA_XC7A35T,TEST_LOT_2026_02_96H,2026-08-07 08:00:00,125.0,1.0006,250.6367,62.2827,33.574,96,75.0,35.0,SUDDEN_DEGRADE,Synthetic / Demonstration Dataset
C1127,LOT_2026_02,FPGA_XC7A35T,TEST_LOT_2026_02_168H,2026-08-10 08:00:00,85.0,0.9869,250.8175,81.7092,43.2787,168,75.0,35.0,SUDDEN_DEGRADE,Synthetic / Demonstration Dataset
C1128,LOT_2026_02,FPGA_XC7A35T,TEST_LOT_2026_02_0H,2026-08-12 08:00:00,25.0,0.9871,250.1823,21.4744,13.1418,0,75.0,35.0,GRADUAL_DEGRADE,Synthetic / Demonstration Dataset
C1128,LOT_2026_02,FPGA_XC7A35T,TEST_LOT_2026_02_24H,2026-08-13 08:00:00,125.0,1.0081,250.2957,34.4413,19.6321,24,75.0,35.0,GRADUAL_DEGRADE,Synthetic / Demonstration Dataset
C1128,LOT_2026_02,FPGA_XC7A35T,TEST_LOT_2026_02_96H,2026-08-16 08:00:00,125.0,1.0051,250.4115,46.926,25.8646,96,75.0,35.0,GRADUAL_DEGRADE,Synthetic / Demonstration Dataset
C1128,LOT_2026_02,FPGA_XC7A35T,TEST_LOT_2026_02_168H,2026-08-19 08:00:00,85.0,0.9997,250.638,72.6418,38.7042,168,75.0,35.0,GRADUAL_DEGRADE,Synthetic / Demonstration Dataset
C1129,LOT_2026_02,FPGA_XC7A35T,TEST_LOT_2026_02_0H,2026-08-15 08:00:00,25.0,0.9948,250.1704,16.2809,10.5207,0,75.0,35.0,NORMAL,Synthetic / Demonstration Dataset
C1129,LOT_2026_02,FPGA_XC7A35T,TEST_LOT_2026_02_24H,2026-08-16 08:00:00,125.0,1.0,250.2,20.0461,12.4152,24,75.0,35.0,NORMAL,Synthetic / Demonstration Dataset
C1129,LOT_2026_02,FPGA_XC7A35T,TEST_LOT_2026_02_96H,2026-08-19 08:00:00,125.0,1.0083,250.1562,19.953,12.3607,96,75.0,35.0,NORMAL,Synthetic / Demonstration Dataset
C1129,LOT_2026_02,FPGA_XC7A35T,TEST_LOT_2026_02_168H,2026-08-22 08:00:00,85.0,0.9865,250.1445,18.5465,11.6618,168,75.0,35.0,NORMAL,Synthetic / Demonstration Dataset
C1130,LOT_2026_02,FPGA_XC7A35T,TEST_LOT_2026_02_0H,2026-08-10 08:00:00,25.0,1.0087,250.2681,25.4995,15.1544,0,75.0,35.0,LOT_ANOMALY,Synthetic / Demonstration Dataset
C1130,LOT_2026_02,FPGA_XC7A35T,TEST_LOT_2026_02_24H,2026-08-11 08:00:00,125.0,0.9986,250.3346,31.5057,18.1504,24,75.0,35.0,LOT_ANOMALY,Synthetic / Demonstration Dataset
C1130,LOT_2026_02,FPGA_XC7A35T,TEST_LOT_2026_02_96H,2026-08-14 08:00:00,125.0,0.9942,250.1973,31.9267,18.3601,96,75.0,35.0,LOT_ANOMALY,Synthetic / Demonstration Dataset
C1130,LOT_2026_02,FPGA_XC7A35T,TEST_LOT_2026_02_168H,2026-08-17 08:00:00,85.0,1.0093,250.3586,31.0361,17.9477,168,75.0,35.0,LOT_ANOMALY,Synthetic / Demonstration Dataset
C1131,LOT_2026_02,FPGA_XC7A35T,TEST_LOT_2026_02_0H,2026-08-01 08:00:00,25.0,1.002,250.1419,17.2768,11.0308,0,75.0,35.0,NORMAL,Synthetic / Demonstration Dataset
C1131,LOT_2026_02,FPGA_XC7A35T,TEST_LOT_2026_02_24H,2026-08-02 08:00:00,125.0,1.012,250.2042,21.1199,12.9492,24,75.0,35.0,NORMAL,Synthetic / Demonstration Dataset
C1131,LOT_2026_02,FPGA_XC7A35T,TEST_LOT_2026_02_96H,2026-08-05 08:00:00,125.0,1.006,250.1387,21.0923,12.8911,96,75.0,35.0,NORMAL,Synthetic / Demonstration Dataset
C1131,LOT_2026_02,FPGA_XC7A35T,TEST_LOT_2026_02_168H,2026-08-08 08:00:00,85.0,0.9878,250.1701,19.5514,12.1721,168,75.0,35.0,NORMAL,Synthetic / Demonstration Dataset
C1132,LOT_2026_02,FPGA_XC7A35T,TEST_LOT_2026_02_0H,2026-08-10 08:00:00,25.0,1.0145,250.1783,16.193,10.5037,0,75.0,35.0,NORMAL,Synthetic / Demonstration Dataset
C1132,LOT_2026_02,FPGA_XC7A35T,TEST_LOT_2026_02_24H,2026-08-11 08:00:00,125.0,0.9886,250.2502,19.8209,12.3086,24,75.0,35.0,NORMAL,Synthetic / Demonstration Dataset
C1132,LOT_2026_02,FPGA_XC7A35T,TEST_LOT_2026_02_96H,2026-08-14 08:00:00,125.0,0.9893,250.1226,20.0329,12.4361,96,75.0,35.0,NORMAL,Synthetic / Demonstration Dataset
C1132,LOT_2026_02,FPGA_XC7A35T,TEST_LOT_2026_02_168H,2026-08-17 08:00:00,85.0,0.991,250.144,18.7528,11.8034,168,75.0,35.0,NORMAL,Synthetic / Demonstration Dataset
C1133,LOT_2026_02,FPGA_XC7A35T,TEST_LOT_2026_02_0H,2026-08-04 08:00:00,25.0,1.0164,250.1022,14.7206,9.7756,0,75.0,35.0,SUDDEN_DEGRADE,Synthetic / Demonstration Dataset
C1133,LOT_2026_02,FPGA_XC7A35T,TEST_LOT_2026_02_24H,2026-08-05 08:00:00,125.0,0.9912,250.1306,20.1206,12.4184,24,75.0,35.0,SUDDEN_DEGRADE,Synthetic / Demonstration Dataset
C1133,LOT_2026_02,FPGA_XC7A35T,TEST_LOT_2026_02_96H,2026-08-08 08:00:00,125.0,1.0012,250.6221,63.3481,34.0502,96,75.0,35.0,SUDDEN_DEGRADE,Synthetic / Demonstration Dataset
C1133,LOT_2026_02,FPGA_XC7A35T,TEST_LOT_2026_02_168H,2026-08-11 08:00:00,85.0,1.0078,250.7433,86.3809,45.5886,168,75.0,35.0,SUDDEN_DEGRADE,Synthetic / Demonstration Dataset
C1134,LOT_2026_02,FPGA_XC7A35T,TEST_LOT_2026_02_0H,2026-08-05 08:00:00,25.0,1.0054,250.1692,17.1295,11.0132,0,75.0,35.0,SUDDEN_DEGRADE,Synthetic / Demonstration Dataset
C1134,LOT_2026_02,FPGA_XC7A35T,TEST_LOT_2026_02_24H,2026-08-06 08:00:00,125.0,1.0022,250.258,22.2242,13.5294,24,75.0,35.0,SUDDEN_DEGRADE,Synthetic / Demonstration Dataset
C1134,LOT_2026_02,FPGA_XC7A35T,TEST_LOT_2026_02_96H,2026-08-09 08:00:00,125.0,0.9976,250.6628,65.3186,35.0829,96,75.0,35.0,SUDDEN_DEGRADE,Synthetic / Demonstration Dataset
C1134,LOT_2026_02,FPGA_XC7A35T,TEST_LOT_2026_02_168H,2026-08-12 08:00:00,85.0,0.9926,250.9504,101.2384,52.984,168,75.0,35.0,SUDDEN_DEGRADE,Synthetic / Demonstration Dataset
C1135,LOT_2026_02,FPGA_XC7A35T,TEST_LOT_2026_02_0H,2026-08-04 08:00:00,25.0,1.0005,250.183,17.429,11.1204,0,75.0,35.0,NORMAL,Synthetic / Demonstration Dataset
C1135,LOT_2026_02,FPGA_XC7A35T,TEST_LOT_2026_02_24H,2026-08-05 08:00:00,125.0,1.0149,250.131,21.1012,12.9307,24,75.0,35.0,NORMAL,Synthetic / Demonstration Dataset
C1135,LOT_2026_02,FPGA_XC7A35T,TEST_LOT_2026_02_96H,2026-08-08 08:00:00,125.0,0.9836,250.2036,21.2376,13.0587,96,75.0,35.0,NORMAL,Synthetic / Demonstration Dataset
C1135,LOT_2026_02,FPGA_XC7A35T,TEST_LOT_2026_02_168H,2026-08-11 08:00:00,85.0,1.0023,250.1368,19.9778,12.3741,168,75.0,35.0,NORMAL,Synthetic / Demonstration Dataset
C1136,LOT_2026_02,FPGA_XC7A35T,TEST_LOT_2026_02_0H,2026-08-05 08:00:00,25.0,0.9968,250.2276,16.3491,10.5879,0,75.0,35.0,NORMAL,Synthetic / Demonstration Dataset
C1136,LOT_2026_02,FPGA_XC7A35T,TEST_LOT_2026_02_24H,2026-08-06 08:00:00,125.0,1.0025,250.2208,19.5921,12.2234,24,75.0,35.0,NORMAL,Synthetic / Demonstration Dataset
C1136,LOT_2026_02,FPGA_XC7A35T,TEST_LOT_2026_02_96H,2026-08-09 08:00:00,125.0,0.9898,250.1649,20.5479,12.6438,96,75.0,35.0,NORMAL,Synthetic / Demonstration Dataset
C1136,LOT_2026_02,FPGA_XC7A35T,TEST_LOT_2026_02_168H,2026-08-12 08:00:00,85.0,1.0047,250.2359,18.6541,11.7252,168,75.0,35.0,NORMAL,Synthetic / Demonstration Dataset
C1137,LOT_2026_02,FPGA_XC7A35T,TEST_LOT_2026_02_0H,2026-08-07 08:00:00,25.0,1.0015,250.1228,16.4598,10.68,0,75.0,35.0,NORMAL,Synthetic / Demonstration Dataset
C1137,LOT_2026_02,FPGA_XC7A35T,TEST_LOT_2026_02_24H,2026-08-08 08:00:00,125.0,1.0018,250.2972,19.6059,12.2031,24,75.0,35.0,NORMAL,Synthetic / Demonstration Dataset
C1137,LOT_2026_02,FPGA_XC7A35T,TEST_LOT_2026_02_96H,2026-08-11 08:00:00,125.0,0.9964,250.1914,20.0433,12.4546,96,75.0,35.0,NORMAL,Synthetic / Demonstration Dataset
C1137,LOT_2026_02,FPGA_XC7A35T,TEST_LOT_2026_02_168H,2026-08-14 08:00:00,85.0,1.0153,250.1077,17.892,11.3396,168,75.0,35.0,NORMAL,Synthetic / Demonstration Dataset
C1138,LOT_2026_02,FPGA_XC7A35T,TEST_LOT_2026_02_0H,2026-08-07 08:00:00,25.0,1.0059,250.0825,16.241,10.5316,0,75.0,35.0,NORMAL,Synthetic / Demonstration Dataset
C1138,LOT_2026_02,FPGA_XC7A35T,TEST_LOT_2026_02_24H,2026-08-08 08:00:00,125.0,0.9864,250.2116,20.215,12.4916,24,75.0,35.0,NORMAL,Synthetic / Demonstration Dataset
C1138,LOT_2026_02,FPGA_XC7A35T,TEST_LOT_2026_02_96H,2026-08-11 08:00:00,125.0,1.0002,250.168,20.0025,12.413,96,75.0,35.0,NORMAL,Synthetic / Demonstration Dataset
C1138,LOT_2026_02,FPGA_XC7A35T,TEST_LOT_2026_02_168H,2026-08-14 08:00:00,85.0,0.9981,250.2305,19.4462,12.0921,168,75.0,35.0,NORMAL,Synthetic / Demonstration Dataset
C1139,LOT_2026_02,FPGA_XC7A35T,TEST_LOT_2026_02_0H,2026-08-09 08:00:00,25.0,1.0047,250.2261,15.1866,10.0018,0,75.0,35.0,NORMAL,Synthetic / Demonstration Dataset
C1139,LOT_2026_02,FPGA_XC7A35T,TEST_LOT_2026_02_24H,2026-08-10 08:00:00,125.0,1.0,250.1214,18.3888,11.6089,24,75.0,35.0,NORMAL,Synthetic / Demonstration Dataset
C1139,LOT_2026_02,FPGA_XC7A35T,TEST_LOT_2026_02_96H,2026-08-13 08:00:00,125.0,0.9955,250.1655,18.9016,11.8572,96,75.0,35.0,NORMAL,Synthetic / Demonstration Dataset
C1139,LOT_2026_02,FPGA_XC7A35T,TEST_LOT_2026_02_168H,2026-08-16 08:00:00,85.0,0.9993,250.2776,17.2613,11.0247,168,75.0,35.0,NORMAL,Synthetic / Demonstration Dataset
C1140,LOT_2026_02,FPGA_XC7A35T,TEST_LOT_2026_02_0H,2026-08-09 08:00:00,25.0,0.9935,250.201,16.3828,10.587,0,75.0,35.0,NORMAL,Synthetic / Demonstration Dataset
C1140,LOT_2026_02,FPGA_XC7A35T,TEST_LOT_2026_02_24H,2026-08-10 08:00:00,125.0,1.0132,250.2684,19.7435,12.2573,24,75.0,35.0,NORMAL,Synthetic / Demonstration Dataset
C1140,LOT_2026_02,FPGA_XC7A35T,TEST_LOT_2026_02_96H,2026-08-13 08:00:00,125.0,1.0101,250.1592,19.3474,12.0927,96,75.0,35.0,NORMAL,Synthetic / Demonstration Dataset
C1140,LOT_2026_02,FPGA_XC7A35T,TEST_LOT_2026_02_168H,2026-08-16 08:00:00,85.0,1.0089,250.1186,17.9141,11.3746,168,75.0,35.0,NORMAL,Synthetic / Demonstration Dataset
C1141,LOT_2026_02,FPGA_XC7A35T,TEST_LOT_2026_02_0H,2026-08-02 08:00:00,25.0,0.9905,250.1509,17.128,10.9805,0,75.0,35.0,SUDDEN_DEGRADE,Synthetic / Demonstration Dataset
C1141,LOT_2026_02,FPGA_XC7A35T,TEST_LOT_2026_02_24H,2026-08-03 08:00:00,125.0,0.9846,250.3345,23.5348,14.1806,24,75.0,35.0,SUDDEN_DEGRADE,Synthetic / Demonstration Dataset
C1141,LOT_2026_02,FPGA_XC7A35T,TEST_LOT_2026_02_96H,2026-08-06 08:00:00,125.0,1.0263,250.6716,71.6583,38.1972,96,75.0,35.0,SUDDEN_DEGRADE,Synthetic / Demonstration Dataset
C1141,LOT_2026_02,FPGA_XC7A35T,TEST_LOT_2026_02_168H,2026-08-09 08:00:00,85.0,1.0141,251.1003,112.0528,58.4178,168,75.0,35.0,SUDDEN_DEGRADE,Synthetic / Demonstration Dataset
C1142,LOT_2026_02,FPGA_XC7A35T,TEST_LOT_2026_02_0H,2026-08-14 08:00:00,25.0,1.0041,250.0353,10.1566,7.4651,0,75.0,35.0,NORMAL,Synthetic / Demonstration Dataset
C1142,LOT_2026_02,FPGA_XC7A35T,TEST_LOT_2026_02_24H,2026-08-15 08:00:00,125.0,0.9963,250.144,12.1816,8.4911,24,75.0,35.0,NORMAL,Synthetic / Demonstration Dataset
C1142,LOT_2026_02,FPGA_XC7A35T,TEST_LOT_2026_02_96H,2026-08-18 08:00:00,125.0,1.0127,250.1096,12.8034,8.7902,96,75.0,35.0,NORMAL,Synthetic / Demonstration Dataset
C1142,LOT_2026_02,FPGA_XC7A35T,TEST_LOT_2026_02_168H,2026-08-21 08:00:00,85.0,1.0104,250.1596,12.2525,8.5034,168,75.0,35.0,NORMAL,Synthetic / Demonstration Dataset
C1143,LOT_2026_02,FPGA_XC7A35T,TEST_LOT_2026_02_0H,2026-08-02 08:00:00,25.0,1.0042,250.2605,25.4995,15.175,0,75.0,35.0,LOT_ANOMALY,Synthetic / Demonstration Dataset
C1143,LOT_2026_02,FPGA_XC7A35T,TEST_LOT_2026_02_24H,2026-08-03 08:00:00,125.0,0.9833,250.3444,30.9931,17.8352,24,75.0,35.0,LOT_ANOMALY,Synthetic / Demonstration Dataset
C1143,LOT_2026_02,FPGA_XC7A35T,TEST_LOT_2026_02_96H,2026-08-06 08:00:00,125.0,0.9898,250.263,31.4482,18.1061,96,75.0,35.0,LOT_ANOMALY,Synthetic / Demonstration Dataset
C1143,LOT_2026_02,FPGA_XC7A35T,TEST_LOT_2026_02_168H,2026-08-09 08:00:00,85.0,1.0082,250.2966,30.9211,17.8878,168,75.0,35.0,LOT_ANOMALY,Synthetic / Demonstration Dataset
C1144,LOT_2026_02,FPGA_XC7A35T,TEST_LOT_2026_02_0H,2026-08-05 08:00:00,25.0,0.988,250.1929,14.9749,9.9013,0,75.0,35.0,NORMAL,Synthetic / Demonstration Dataset
C1144,LOT_2026_02,FPGA_XC7A35T,TEST_LOT_2026_02_24H,2026-08-06 08:00:00,125.0,0.9886,250.254,18.0994,11.4084,24,75.0,35.0,NORMAL,Synthetic / Demonstration Dataset
C1144,LOT_2026_02,FPGA_XC7A35T,TEST_LOT_2026_02_96H,2026-08-09 08:00:00,125.0,1.0023,250.2713,18.1144,11.4664,96,75.0,35.0,NORMAL,Synthetic / Demonstration Dataset
C1144,LOT_2026_02,FPGA_XC7A35T,TEST_LOT_2026_02_168H,2026-08-12 08:00:00,85.0,0.9943,250.2028,17.435,11.12,168,75.0,35.0,NORMAL,Synthetic / Demonstration Dataset
C1145,LOT_2026_02,FPGA_XC7A35T,TEST_LOT_2026_02_0H,2026-08-09 08:00:00,25.0,1.0079,250.1877,13.9225,9.3806,0,75.0,35.0,NORMAL,Synthetic / Demonstration Dataset
C1145,LOT_2026_02,FPGA_XC7A35T,TEST_LOT_2026_02_24H,2026-08-10 08:00:00,125.0,0.9904,250.0541,16.955,10.8813,24,75.0,35.0,NORMAL,Synthetic / Demonstration Dataset
C1145,LOT_2026_02,FPGA_XC7A35T,TEST_LOT_2026_02_96H,2026-08-13 08:00:00,125.0,1.01,250.2154,17.4565,11.1265,96,75.0,35.0,NORMAL,Synthetic / Demonstration Dataset
C1145,LOT_2026_02,FPGA_XC7A35T,TEST_LOT_2026_02_168H,2026-08-16 08:00:00,85.0,1.0092,250.1442,16.5284,10.6805,168,75.0,35.0,NORMAL,Synthetic / Demonstration Dataset
C1146,LOT_2026_02,FPGA_XC7A35T,TEST_LOT_2026_02_0H,2026-08-15 08:00:00,25.0,1.0054,250.0953,16.0276,10.3844,0,75.0,35.0,NORMAL,Synthetic / Demonstration Dataset
C1146,LOT_2026_02,FPGA_XC7A35T,TEST_LOT_2026_02_24H,2026-08-16 08:00:00,125.0,1.0094,250.229,19.727,12.2656,24,75.0,35.0,NORMAL,Synthetic / Demonstration Dataset
C1146,LOT_2026_02,FPGA_XC7A35T,TEST_LOT_2026_02_96H,2026-08-19 08:00:00,125.0,0.9993,250.21,18.7322,11.7533,96,75.0,35.0,NORMAL,Synthetic / Demonstration Dataset
C1146,LOT_2026_02,FPGA_XC7A35T,TEST_LOT_2026_02_168H,2026-08-22 08:00:00,85.0,1.0144,250.1778,18.0797,11.4507,168,75.0,35.0,NORMAL,Synthetic / Demonstration Dataset
C1147,LOT_2026_02,FPGA_XC7A35T,TEST_LOT_2026_02_0H,2026-08-14 08:00:00,25.0,0.99,250.1961,18.6477,11.7555,0,75.0,35.0,NORMAL,Synthetic / Demonstration Dataset
C1147,LOT_2026_02,FPGA_XC7A35T,TEST_LOT_2026_02_24H,2026-08-15 08:00:00,125.0,1.0004,250.2186,23.0539,13.9334,24,75.0,35.0,NORMAL,Synthetic / Demonstration Dataset
C1147,LOT_2026_02,FPGA_XC7A35T,TEST_LOT_2026_02_96H,2026-08-18 08:00:00,125.0,1.0139,250.1784,22.825,13.8058,96,75.0,35.0,NORMAL,Synthetic / Demonstration Dataset
C1147,LOT_2026_02,FPGA_XC7A35T,TEST_LOT_2026_02_168H,2026-08-21 08:00:00,85.0,0.9899,250.2272,20.833,12.8359,168,75.0,35.0,NORMAL,Synthetic / Demonstration Dataset
C1148,LOT_2026_02,FPGA_XC7A35T,TEST_LOT_2026_02_0H,2026-08-04 08:00:00,25.0,1.0077,250.2136,15.8007,10.3468,0,75.0,35.0,NORMAL,Synthetic / Demonstration Dataset
C1148,LOT_2026_02,FPGA_XC7A35T,TEST_LOT_2026_02_24H,2026-08-05 08:00:00,125.0,0.9936,250.1421,19.2176,11.9823,24,75.0,35.0,NORMAL,Synthetic / Demonstration Dataset
C1148,LOT_2026_02,FPGA_XC7A35T,TEST_LOT_2026_02_96H,2026-08-08 08:00:00,125.0,0.9848,250.2586,19.7707,12.2645,96,75.0,35.0,NORMAL,Synthetic / Demonstration Dataset
C1148,LOT_2026_02,FPGA_XC7A35T,TEST_LOT_2026_02_168H,2026-08-11 08:00:00,85.0,0.9985,250.1432,17.8378,11.3413,168,75.0,35.0,NORMAL,Synthetic / Demonstration Dataset
C1149,LOT_2026_02,FPGA_XC7A35T,TEST_LOT_2026_02_0H,2026-08-05 08:00:00,25.0,0.9934,250.1856,20.7262,12.7592,0,75.0,35.0,NORMAL,Synthetic / Demonstration Dataset
C1149,LOT_2026_02,FPGA_XC7A35T,TEST_LOT_2026_02_24H,2026-08-06 08:00:00,125.0,0.9985,250.3218,25.2412,15.0481,24,75.0,35.0,NORMAL,Synthetic / Demonstration Dataset
C1149,LOT_2026_02,FPGA_XC7A35T,TEST_LOT_2026_02_96H,2026-08-09 08:00:00,125.0,1.0052,250.3241,24.8046,14.7904,96,75.0,35.0,NORMAL,Synthetic / Demonstration Dataset
C1149,LOT_2026_02,FPGA_XC7A35T,TEST_LOT_2026_02_168H,2026-08-12 08:00:00,85.0,0.9947,250.2099,23.5295,14.1247,168,75.0,35.0,NORMAL,Synthetic / Demonstration Dataset
C1150,LOT_2026_02,FPGA_XC7A35T,TEST_LOT_2026_02_0H,2026-08-12 08:00:00,25.0,1.0008,250.2201,14.4428,9.6067,0,75.0,35.0,NORMAL,Synthetic / Demonstration Dataset
C1150,LOT_2026_02,FPGA_XC7A35T,TEST_LOT_2026_02_24H,2026-08-13 08:00:00,125.0,1.017,250.1188,17.4171,11.0687,24,75.0,35.0,NORMAL,Synthetic / Demonstration Dataset
C1150,LOT_2026_02,FPGA_XC7A35T,TEST_LOT_2026_02_96H,2026-08-16 08:00:00,125.0,0.9934,250.0866,17.3931,11.0935,96,75.0,35.0,NORMAL,Synthetic / Demonstration Dataset
C1150,LOT_2026_02,FPGA_XC7A35T,TEST_LOT_2026_02_168H,2026-08-19 08:00:00,85.0,0.9871,250.1749,17.0489,10.9339,168,75.0,35.0,NORMAL,Synthetic / Demonstration Dataset
C1151,LOT_2026_02,FPGA_XC7A35T,TEST_LOT_2026_02_0H,2026-08-05 08:00:00,25.0,1.0019,250.1792,16.9327,10.8468,0,75.0,35.0,NORMAL,Synthetic / Demonstration Dataset
C1151,LOT_2026_02,FPGA_XC7A35T,TEST_LOT_2026_02_24H,2026-08-06 08:00:00,125.0,1.0125,250.2687,20.9189,12.8838,24,75.0,35.0,NORMAL,Synthetic / Demonstration Dataset
C1151,LOT_2026_02,FPGA_XC7A35T,TEST_LOT_2026_02_96H,2026-08-09 08:00:00,125.0,1.0093,250.2339,20.1123,12.4192,96,75.0,35.0,NORMAL,Synthetic / Demonstration Dataset
C1151,LOT_2026_02,FPGA_XC7A35T,TEST_LOT_2026_02_168H,2026-08-12 08:00:00,85.0,1.0028,250.2764,19.3163,12.0756,168,75.0,35.0,NORMAL,Synthetic / Demonstration Dataset
C1152,LOT_2026_02,FPGA_XC7A35T,TEST_LOT_2026_02_0H,2026-08-02 08:00:00,25.0,1.017,250.1559,15.3703,10.079,0,75.0,35.0,NORMAL,Synthetic / Demonstration Dataset
C1152,LOT_2026_02,FPGA_XC7A35T,TEST_LOT_2026_02_24H,2026-08-03 08:00:00,125.0,0.9838,250.1806,18.6059,11.7149,24,75.0,35.0,NORMAL,Synthetic / Demonstration Dataset
C1152,LOT_2026_02,FPGA_XC7A35T,TEST_LOT_2026_02_96H,2026-08-06 08:00:00,125.0,1.0042,250.1434,18.6657,11.7295,96,75.0,35.0,NORMAL,Synthetic / Demonstration Dataset
C1152,LOT_2026_02,FPGA_XC7A35T,TEST_LOT_2026_02_168H,2026-08-09 08:00:00,85.0,1.0019,250.0978,17.8046,11.2918,168,75.0,35.0,NORMAL,Synthetic / Demonstration Dataset
C1153,LOT_2026_02,FPGA_XC7A35T,TEST_LOT_2026_02_0H,2026-08-02 08:00:00,25.0,0.9951,250.2053,20.4544,12.6251,0,75.0,35.0,NORMAL,Synthetic / Demonstration Dataset
C1153,LOT_2026_02,FPGA_XC7A35T,TEST_LOT_2026_02_24H,2026-08-03 08:00:00,125.0,1.0129,250.292,25.1617,14.9575,24,75.0,35.0,NORMAL,Synthetic / Demonstration Dataset
C1153,LOT_2026_02,FPGA_XC7A35T,TEST_LOT_2026_02_96H,2026-08-06 08:00:00,125.0,1.0057,250.2154,25.0346,14.8964,96,75.0,35.0,NORMAL,Synthetic / Demonstration Dataset
C1153,LOT_2026_02,FPGA_XC7A35T,TEST_LOT_2026_02_168H,2026-08-09 08:00:00,85.0,0.997,250.322,24.1208,14.4843,168,75.0,35.0,NORMAL,Synthetic / Demonstration Dataset
C1154,LOT_2026_02,FPGA_XC7A35T,TEST_LOT_2026_02_0H,2026-08-07 08:00:00,25.0,1.0045,250.1091,17.9152,11.3626,0,75.0,35.0,GRADUAL_DEGRADE,Synthetic / Demonstration Dataset
C1154,LOT_2026_02,FPGA_XC7A35T,TEST_LOT_2026_02_24H,2026-08-08 08:00:00,125.0,1.0087,250.3289,28.4499,16.6066,24,75.0,35.0,GRADUAL_DEGRADE,Synthetic / Demonstration Dataset
C1154,LOT_2026_02,FPGA_XC7A35T,TEST_LOT_2026_02_96H,2026-08-11 08:00:00,125.0,1.0004,250.3836,37.5885,21.2127,96,75.0,35.0,GRADUAL_DEGRADE,Synthetic / Demonstration Dataset
C1154,LOT_2026_02,FPGA_XC7A35T,TEST_LOT_2026_02_168H,2026-08-14 08:00:00,85.0,0.9921,250.4989,56.7975,30.806,168,75.0,35.0,GRADUAL_DEGRADE,Synthetic / Demonstration Dataset
C1155,LOT_2026_02,FPGA_XC7A35T,TEST_LOT_2026_02_0H,2026-08-04 08:00:00,25.0,0.9977,250.2581,18.5426,11.6392,0,75.0,35.0,NORMAL,Synthetic / Demonstration Dataset
C1155,LOT_2026_02,FPGA_XC7A35T,TEST_LOT_2026_02_24H,2026-08-05 08:00:00,125.0,0.9939,250.3125,22.6574,13.7765,24,75.0,35.0,NORMAL,Synthetic / Demonstration Dataset
C1155,LOT_2026_02,FPGA_XC7A35T,TEST_LOT_2026_02_96H,2026-08-08 08:00:00,125.0,0.9945,250.2663,22.3351,13.5583,96,75.0,35.0,NORMAL,Synthetic / Demonstration Dataset
C1155,LOT_2026_02,FPGA_XC7A35T,TEST_LOT_2026_02_168H,2026-08-11 08:00:00,85.0,1.0003,250.116,21.1954,12.9973,168,75.0,35.0,NORMAL,Synthetic / Demonstration Dataset
C1156,LOT_2026_02,FPGA_XC7A35T,TEST_LOT_2026_02_0H,2026-08-14 08:00:00,25.0,0.9951,250.2294,15.72,10.2299,0,75.0,35.0,NORMAL,Synthetic / Demonstration Dataset
C1156,LOT_2026_02,FPGA_XC7A35T,TEST_LOT_2026_02_24H,2026-08-15 08:00:00,125.0,0.9972,250.179,19.2992,12.0686,24,75.0,35.0,NORMAL,Synthetic / Demonstration Dataset
C1156,LOT_2026_02,FPGA_XC7A35T,TEST_LOT_2026_02_96H,2026-08-18 08:00:00,125.0,1.0057,250.2419,19.3464,12.0653,96,75.0,35.0,NORMAL,Synthetic / Demonstration Dataset
C1156,LOT_2026_02,FPGA_XC7A35T,TEST_LOT_2026_02_168H,2026-08-21 08:00:00,85.0,0.9891,250.1365,17.7801,11.3608,168,75.0,35.0,NORMAL,Synthetic / Demonstration Dataset
C1157,LOT_2026_02,FPGA_XC7A35T,TEST_LOT_2026_02_0H,2026-08-05 08:00:00,25.0,1.0124,250.797,74.4566,39.6171,0,75.0,35.0,SEVERE_FAILURE,Synthetic / Demonstration Dataset
C1157,LOT_2026_02,FPGA_XC7A35T,TEST_LOT_2026_02_24H,2026-08-06 08:00:00,125.0,0.9933,251.2118,116.1523,60.4486,24,75.0,35.0,SEVERE_FAILURE,Synthetic / Demonstration Dataset
C1157,LOT_2026_02,FPGA_XC7A35T,TEST_LOT_2026_02_96H,2026-08-09 08:00:00,125.0,0.9864,251.6436,160.8262,82.8133,96,75.0,35.0,SEVERE_FAILURE,Synthetic / Demonstration Dataset
C1157,LOT_2026_02,FPGA_XC7A35T,TEST_LOT_2026_02_168H,2026-08-12 08:00:00,85.0,1.0106,251.9778,208.4784,106.6056,168,75.0,35.0,SEVERE_FAILURE,Synthetic / Demonstration Dataset
C1158,LOT_2026_02,FPGA_XC7A35T,TEST_LOT_2026_02_0H,2026-08-08 08:00:00,25.0,1.0042,250.2136,17.1281,10.9683,0,75.0,35.0,SUDDEN_DEGRADE,Synthetic / Demonstration Dataset
C1158,LOT_2026_02,FPGA_XC7A35T,TEST_LOT_2026_02_24H,2026-08-09 08:00:00,125.0,1.0016,250.334,23.1196,13.9327,24,75.0,35.0,SUDDEN_DEGRADE,Synthetic / Demonstration Dataset
C1158,LOT_2026_02,FPGA_XC7A35T,TEST_LOT_2026_02_96H,2026-08-12 08:00:00,125.0,0.9901,250.5834,55.6694,30.2098,96,75.0,35.0,SUDDEN_DEGRADE,Synthetic / Demonstration Dataset
C1158,LOT_2026_02,FPGA_XC7A35T,TEST_LOT_2026_02_168H,2026-08-15 08:00:00,85.0,1.0074,250.9459,89.7084,47.2762,168,75.0,35.0,SUDDEN_DEGRADE,Synthetic / Demonstration Dataset
C1159,LOT_2026_02,FPGA_XC7A35T,TEST_LOT_2026_02_0H,2026-08-06 08:00:00,25.0,1.0005,250.1106,14.608,9.6738,0,75.0,35.0,GRADUAL_DEGRADE,Synthetic / Demonstration Dataset
C1159,LOT_2026_02,FPGA_XC7A35T,TEST_LOT_2026_02_24H,2026-08-07 08:00:00,125.0,1.0011,250.1377,21.4049,13.0684,24,75.0,35.0,GRADUAL_DEGRADE,Synthetic / Demonstration Dataset
C1159,LOT_2026_02,FPGA_XC7A35T,TEST_LOT_2026_02_96H,2026-08-10 08:00:00,125.0,1.006,250.2156,28.4522,16.6126,96,75.0,35.0,GRADUAL_DEGRADE,Synthetic / Demonstration Dataset
C1159,LOT_2026_02,FPGA_XC7A35T,TEST_LOT_2026_02_168H,2026-08-13 08:00:00,85.0,1.0011,250.4437,42.1401,23.4198,168,75.0,35.0,GRADUAL_DEGRADE,Synthetic / Demonstration Dataset
C1160,LOT_2026_02,FPGA_XC7A35T,TEST_LOT_2026_02_0H,2026-08-01 08:00:00,25.0,1.0134,250.0827,19.9251,12.3886,0,75.0,35.0,GRADUAL_DEGRADE,Synthetic / Demonstration Dataset
C1160,LOT_2026_02,FPGA_XC7A35T,TEST_LOT_2026_02_24H,2026-08-02 08:00:00,125.0,1.0106,250.1633,29.5132,17.1567,24,75.0,35.0,GRADUAL_DEGRADE,Synthetic / Demonstration Dataset
C1160,LOT_2026_02,FPGA_XC7A35T,TEST_LOT_2026_02_96H,2026-08-05 08:00:00,125.0,1.0055,250.5768,46.582,25.6971,96,75.0,35.0,GRADUAL_DEGRADE,Synthetic / Demonstration Dataset
C1160,LOT_2026_02,FPGA_XC7A35T,TEST_LOT_2026_02_168H,2026-08-08 08:00:00,85.0,0.9908,250.5117,55.6512,30.2158,168,75.0,35.0,GRADUAL_DEGRADE,Synthetic / Demonstration Dataset
C1161,LOT_2026_02,FPGA_XC7A35T,TEST_LOT_2026_02_0H,2026-08-11 08:00:00,25.0,1.0065,250.194,15.1078,9.9483,0,75.0,35.0,NORMAL,Synthetic / Demonstration Dataset
C1161,LOT_2026_02,FPGA_XC7A35T,TEST_LOT_2026_02_24H,2026-08-12 08:00:00,125.0,0.9855,250.1688,18.3786,11.5881,24,75.0,35.0,NORMAL,Synthetic / Demonstration Dataset
C1161,LOT_2026_02,FPGA_XC7A35T,TEST_LOT_2026_02_96H,2026-08-15 08:00:00,125.0,0.9889,250.2675,19.4329,12.1404,96,75.0,35.0,NORMAL,Synthetic / Demonstration Dataset
C1161,LOT_2026_02,FPGA_XC7A35T,TEST_LOT_2026_02_168H,2026-08-18 08:00:00,85.0,1.0176,250.1936,17.4945,11.1566,168,75.0,35.0,NORMAL,Synthetic / Demonstration Dataset
C1162,LOT_2026_02,FPGA_XC7A35T,TEST_LOT_2026_02_0H,2026-08-14 08:00:00,25.0,0.9995,250.3162,25.4995,15.1761,0,75.0,35.0,LOT_ANOMALY,Synthetic / Demonstration Dataset
C1162,LOT_2026_02,FPGA_XC7A35T,TEST_LOT_2026_02_24H,2026-08-15 08:00:00,125.0,0.9868,250.2996,30.9741,17.8679,24,75.0,35.0,LOT_ANOMALY,Synthetic / Demonstration Dataset
C1162,LOT_2026_02,FPGA_XC7A35T,TEST_LOT_2026_02_96H,2026-08-18 08:00:00,125.0,1.0124,250.2948,31.7689,18.2834,96,75.0,35.0,LOT_ANOMALY,Synthetic / Demonstration Dataset
C1162,LOT_2026_02,FPGA_XC7A35T,TEST_LOT_2026_02_168H,2026-08-21 08:00:00,85.0,1.0085,250.1904,30.2719,17.5214,168,75.0,35.0,LOT_ANOMALY,Synthetic / Demonstration Dataset
C1163,LOT_2026_02,FPGA_XC7A35T,TEST_LOT_2026_02_0H,2026-08-08 08:00:00,25.0,1.0021,250.315,25.4995,15.1379,0,75.0,35.0,LOT_ANOMALY,Synthetic / Demonstration Dataset
C1163,LOT_2026_02,FPGA_XC7A35T,TEST_LOT_2026_02_24H,2026-08-09 08:00:00,125.0,1.0062,250.2735,30.5238,17.6334,24,75.0,35.0,LOT_ANOMALY,Synthetic / Demonstration Dataset
C1163,LOT_2026_02,FPGA_XC7A35T,TEST_LOT_2026_02_96H,2026-08-12 08:00:00,125.0,0.9982,250.2848,31.4997,18.0969,96,75.0,35.0,LOT_ANOMALY,Synthetic / Demonstration Dataset
C1163,LOT_2026_02,FPGA_XC7A35T,TEST_LOT_2026_02_168H,2026-08-15 08:00:00,85.0,1.0127,250.34,30.7418,17.7436,168,75.0,35.0,LOT_ANOMALY,Synthetic / Demonstration Dataset
C1164,LOT_2026_02,FPGA_XC7A35T,TEST_LOT_2026_02_0H,2026-08-04 08:00:00,25.0,0.9999,250.1969,16.6965,10.7643,0,75.0,35.0,NORMAL,Synthetic / Demonstration Dataset
C1164,LOT_2026_02,FPGA_XC7A35T,TEST_LOT_2026_02_24H,2026-08-05 08:00:00,125.0,1.0008,250.2239,20.0996,12.4847,24,75.0,35.0,NORMAL,Synthetic / Demonstration Dataset
C1164,LOT_2026_02,FPGA_XC7A35T,TEST_LOT_2026_02_96H,2026-08-08 08:00:00,125.0,1.0079,250.2107,20.6494,12.7586,96,75.0,35.0,NORMAL,Synthetic / Demonstration Dataset
C1164,LOT_2026_02,FPGA_XC7A35T,TEST_LOT_2026_02_168H,2026-08-11 08:00:00,85.0,0.9914,250.2635,19.3316,12.0826,168,75.0,35.0,NORMAL,Synthetic / Demonstration Dataset
C1165,LOT_2026_02,FPGA_XC7A35T,TEST_LOT_2026_02_0H,2026-08-02 08:00:00,25.0,0.9952,250.177,16.2134,10.5178,0,75.0,35.0,NORMAL,Synthetic / Demonstration Dataset
C1165,LOT_2026_02,FPGA_XC7A35T,TEST_LOT_2026_02_24H,2026-08-03 08:00:00,125.0,1.0031,250.2824,19.7434,12.2974,24,75.0,35.0,NORMAL,Synthetic / Demonstration Dataset
C1165,LOT_2026_02,FPGA_XC7A35T,TEST_LOT_2026_02_96H,2026-08-06 08:00:00,125.0,1.0094,250.1472,19.8847,12.3519,96,75.0,35.0,NORMAL,Synthetic / Demonstration Dataset
C1165,LOT_2026_02,FPGA_XC7A35T,TEST_LOT_2026_02_168H,2026-08-09 08:00:00,85.0,0.9978,250.1518,19.4176,12.0931,168,75.0,35.0,NORMAL,Synthetic / Demonstration Dataset
C1166,LOT_2026_02,FPGA_XC7A35T,TEST_LOT_2026_02_0H,2026-08-08 08:00:00,25.0,0.9922,250.1307,14.9202,9.8264,0,75.0,35.0,GRADUAL_DEGRADE,Synthetic / Demonstration Dataset
C1166,LOT_2026_02,FPGA_XC7A35T,TEST_LOT_2026_02_24H,2026-08-09 08:00:00,125.0,0.9863,250.2489,24.7359,14.7733,24,75.0,35.0,GRADUAL_DEGRADE,Synthetic / Demonstration Dataset
C1166,LOT_2026_02,FPGA_XC7A35T,TEST_LOT_2026_02_96H,2026-08-12 08:00:00,125.0,0.9952,250.3394,31.3883,18.1189,96,75.0,35.0,GRADUAL_DEGRADE,Synthetic / Demonstration Dataset
C1166,LOT_2026_02,FPGA_XC7A35T,TEST_LOT_2026_02_168H,2026-08-15 08:00:00,85.0,1.0093,250.4526,50.7501,27.7774,168,75.0,35.0,GRADUAL_DEGRADE,Synthetic / Demonstration Dataset
C1167,LOT_2026_02,FPGA_XC7A35T,TEST_LOT_2026_02_0H,2026-08-15 08:00:00,25.0,0.9858,250.2252,16.9938,10.8773,0,75.0,35.0,NORMAL,Synthetic / Demonstration Dataset
C1167,LOT_2026_02,FPGA_XC7A35T,TEST_LOT_2026_02_24H,2026-08-16 08:00:00,125.0,0.9899,250.2399,20.4863,12.6065,24,75.0,35.0,NORMAL,Synthetic / Demonstration Dataset
C1167,LOT_2026_02,FPGA_XC7A35T,TEST_LOT_2026_02_96H,2026-08-19 08:00:00,125.0,1.0104,250.2366,20.975,12.9046,96,75.0,35.0,NORMAL,Synthetic / Demonstration Dataset
C1167,LOT_2026_02,FPGA_XC7A35T,TEST_LOT_2026_02_168H,2026-08-22 08:00:00,85.0,0.9905,250.27,19.8213,12.2996,168,75.0,35.0,NORMAL,Synthetic / Demonstration Dataset
C1168,LOT_2026_02,FPGA_XC7A35T,TEST_LOT_2026_02_0H,2026-08-08 08:00:00,25.0,0.9967,250.1942,16.9667,10.8704,0,75.0,35.0,NORMAL,Synthetic / Demonstration Dataset
C1168,LOT_2026_02,FPGA_XC7A35T,TEST_LOT_2026_02_24H,2026-08-09 08:00:00,125.0,0.9876,250.2644,20.6161,12.7241,24,75.0,35.0,NORMAL,Synthetic / Demonstration Dataset
C1168,LOT_2026_02,FPGA_XC7A35T,TEST_LOT_2026_02_96H,2026-08-12 08:00:00,125.0,0.9953,250.2384,20.6148,12.6904,96,75.0,35.0,NORMAL,Synthetic / Demonstration Dataset
C1168,LOT_2026_02,FPGA_XC7A35T,TEST_LOT_2026_02_168H,2026-08-15 08:00:00,85.0,1.0116,250.1545,19.5069,12.1623,168,75.0,35.0,NORMAL,Synthetic / Demonstration Dataset
C1169,LOT_2026_02,FPGA_XC7A35T,TEST_LOT_2026_02_0H,2026-08-07 08:00:00,25.0,0.999,250.1521,17.7309,11.2946,0,75.0,35.0,NORMAL,Synthetic / Demonstration Dataset
C1169,LOT_2026_02,FPGA_XC7A35T,TEST_LOT_2026_02_24H,2026-08-08 08:00:00,125.0,0.9819,250.2458,21.3737,13.058,24,75.0,35.0,NORMAL,Synthetic / Demonstration Dataset
C1169,LOT_2026_02,FPGA_XC7A35T,TEST_LOT_2026_02_96H,2026-08-11 08:00:00,125.0,1.0133,250.2503,21.8862,13.3688,96,75.0,35.0,NORMAL,Synthetic / Demonstration Dataset
C1169,LOT_2026_02,FPGA_XC7A35T,TEST_LOT_2026_02_168H,2026-08-14 08:00:00,85.0,1.0097,250.2286,21.2116,13.045,168,75.0,35.0,NORMAL,Synthetic / Demonstration Dataset
C1170,LOT_2026_02,FPGA_XC7A35T,TEST_LOT_2026_02_0H,2026-08-09 08:00:00,25.0,1.0177,250.1815,20.609,12.672,0,75.0,35.0,NORMAL,Synthetic / Demonstration Dataset
C1170,LOT_2026_02,FPGA_XC7A35T,TEST_LOT_2026_02_24H,2026-08-10 08:00:00,125.0,1.007,250.2563,24.8381,14.8141,24,75.0,35.0,NORMAL,Synthetic / Demonstration Dataset
C1170,LOT_2026_02,FPGA_XC7A35T,TEST_LOT_2026_02_96H,2026-08-13 08:00:00,125.0,0.9853,250.26,25.2926,15.0731,96,75.0,35.0,NORMAL,Synthetic / Demonstration Dataset
C1170,LOT_2026_02,FPGA_XC7A35T,TEST_LOT_2026_02_168H,2026-08-16 08:00:00,85.0,1.0069,250.3176,23.7762,14.2865,168,75.0,35.0,NORMAL,Synthetic / Demonstration Dataset
C1171,LOT_2026_02,FPGA_XC7A35T,TEST_LOT_2026_02_0H,2026-08-09 08:00:00,25.0,1.0119,250.2165,15.7933,10.31,0,75.0,35.0,GRADUAL_DEGRADE,Synthetic / Demonstration Dataset
C1171,LOT_2026_02,FPGA_XC7A35T,TEST_LOT_2026_02_24H,2026-08-10 08:00:00,125.0,0.9984,250.3319,23.3767,14.0884,24,75.0,35.0,GRADUAL_DEGRADE,Synthetic / Demonstration Dataset
C1171,LOT_2026_02,FPGA_XC7A35T,TEST_LOT_2026_02_96H,2026-08-13 08:00:00,125.0,0.9869,250.3995,35.6079,20.2137,96,75.0,35.0,GRADUAL_DEGRADE,Synthetic / Demonstration Dataset
C1171,LOT_2026_02,FPGA_XC7A35T,TEST_LOT_2026_02_168H,2026-08-16 08:00:00,85.0,0.9898,250.5375,50.933,27.8454,168,75.0,35.0,GRADUAL_DEGRADE,Synthetic / Demonstration Dataset
C1172,LOT_2026_02,FPGA_XC7A35T,TEST_LOT_2026_02_0H,2026-08-13 08:00:00,25.0,0.9947,250.194,21.0736,12.945,0,75.0,35.0,NORMAL,Synthetic / Demonstration Dataset
C1172,LOT_2026_02,FPGA_XC7A35T,TEST_LOT_2026_02_24H,2026-08-14 08:00:00,125.0,1.0085,250.2798,25.9013,15.3618,24,75.0,35.0,NORMAL,Synthetic / Demonstration Dataset
C1172,LOT_2026_02,FPGA_XC7A35T,TEST_LOT_2026_02_96H,2026-08-17 08:00:00,125.0,1.0056,250.1302,25.664,15.2249,96,75.0,35.0,NORMAL,Synthetic / Demonstration Dataset
C1172,LOT_2026_02,FPGA_XC7A35T,TEST_LOT_2026_02_168H,2026-08-20 08:00:00,85.0,0.9885,250.2609,24.1585,14.4744,168,75.0,35.0,NORMAL,Synthetic / Demonstration Dataset
C1173,LOT_2026_02,FPGA_XC7A35T,TEST_LOT_2026_02_0H,2026-08-11 08:00:00,25.0,1.0157,250.1828,20.6104,12.7016,0,75.0,35.0,NORMAL,Synthetic / Demonstration Dataset
C1173,LOT_2026_02,FPGA_XC7A35T,TEST_LOT_2026_02_24H,2026-08-12 08:00:00,125.0,0.9955,250.2593,24.9548,14.8592,24,75.0,35.0,NORMAL,Synthetic / Demonstration Dataset
C1173,LOT_2026_02,FPGA_XC7A35T,TEST_LOT_2026_02_96H,2026-08-15 08:00:00,125.0,1.0062,250.2783,24.6855,14.7234,96,75.0,35.0,NORMAL,Synthetic / Demonstration Dataset
C1173,LOT_2026_02,FPGA_XC7A35T,TEST_LOT_2026_02_168H,2026-08-18 08:00:00,85.0,0.9937,250.252,23.9328,14.3861,168,75.0,35.0,NORMAL,Synthetic / Demonstration Dataset
C1174,LOT_2026_02,FPGA_XC7A35T,TEST_LOT_2026_02_0H,2026-08-04 08:00:00,25.0,1.0045,250.1445,17.0322,10.9114,0,75.0,35.0,SUDDEN_DEGRADE,Synthetic / Demonstration Dataset
C1174,LOT_2026_02,FPGA_XC7A35T,TEST_LOT_2026_02_24H,2026-08-05 08:00:00,125.0,1.0034,250.25,23.4541,14.1111,24,75.0,35.0,SUDDEN_DEGRADE,Synthetic / Demonstration Dataset
C1174,LOT_2026_02,FPGA_XC7A35T,TEST_LOT_2026_02_96H,2026-08-08 08:00:00,125.0,0.9982,250.5581,56.6976,30.7116,96,75.0,35.0,SUDDEN_DEGRADE,Synthetic / Demonstration Dataset
C1174,LOT_2026_02,FPGA_XC7A35T,TEST_LOT_2026_02_168H,2026-08-11 08:00:00,85.0,0.983,250.9121,93.5272,49.1489,168,75.0,35.0,SUDDEN_DEGRADE,Synthetic / Demonstration Dataset
C1175,LOT_2026_02,FPGA_XC7A35T,TEST_LOT_2026_02_0H,2026-08-09 08:00:00,25.0,0.9899,250.154,19.2033,11.9925,0,75.0,35.0,GRADUAL_DEGRADE,Synthetic / Demonstration Dataset
C1175,LOT_2026_02,FPGA_XC7A35T,TEST_LOT_2026_02_24H,2026-08-10 08:00:00,125.0,0.9942,250.2701,29.2903,17.0495,24,75.0,35.0,GRADUAL_DEGRADE,Synthetic / Demonstration Dataset
C1175,LOT_2026_02,FPGA_XC7A35T,TEST_LOT_2026_02_96H,2026-08-13 08:00:00,125.0,0.9962,250.4047,38.8106,21.8265,96,75.0,35.0,GRADUAL_DEGRADE,Synthetic / Demonstration Dataset
C1175,LOT_2026_02,FPGA_XC7A35T,TEST_LOT_2026_02_168H,2026-08-16 08:00:00,85.0,0.9962,250.5413,54.284,29.5217,168,75.0,35.0,GRADUAL_DEGRADE,Synthetic / Demonstration Dataset
C1176,LOT_2026_02,FPGA_XC7A35T,TEST_LOT_2026_02_0H,2026-08-09 08:00:00,25.0,0.9821,250.1645,18.2457,11.5301,0,75.0,35.0,NORMAL,Synthetic / Demonstration Dataset
C1176,LOT_2026_02,FPGA_XC7A35T,TEST_LOT_2026_02_24H,2026-08-10 08:00:00,125.0,1.0269,250.2393,22.179,13.4654,24,75.0,35.0,NORMAL,Synthetic / Demonstration Dataset
C1176,LOT_2026_02,FPGA_XC7A35T,TEST_LOT_2026_02_96H,2026-08-13 08:00:00,125.0,0.9822,250.2182,22.2205,13.4903,96,75.0,35.0,NORMAL,Synthetic / Demonstration Dataset
C1176,LOT_2026_02,FPGA_XC7A35T,TEST_LOT_2026_02_168H,2026-08-16 08:00:00,85.0,0.9945,250.2071,21.2933,13.0314,168,75.0,35.0,NORMAL,Synthetic / Demonstration Dataset
C1177,LOT_2026_02,FPGA_XC7A35T,TEST_LOT_2026_02_0H,2026-08-14 08:00:00,25.0,0.9968,250.2974,20.5772,12.7081,0,75.0,35.0,NORMAL,Synthetic / Demonstration Dataset
C1177,LOT_2026_02,FPGA_XC7A35T,TEST_LOT_2026_02_24H,2026-08-15 08:00:00,125.0,1.0037,250.2702,25.0483,14.8779,24,75.0,35.0,NORMAL,Synthetic / Demonstration Dataset
C1177,LOT_2026_02,FPGA_XC7A35T,TEST_LOT_2026_02_96H,2026-08-18 08:00:00,125.0,1.0085,250.2471,24.9522,14.8424,96,75.0,35.0,NORMAL,Synthetic / Demonstration Dataset
C1177,LOT_2026_02,FPGA_XC7A35T,TEST_LOT_2026_02_168H,2026-08-21 08:00:00,85.0,1.017,250.2971,23.471,14.134,168,75.0,35.0,NORMAL,Synthetic / Demonstration Dataset
C1178,LOT_2026_02,FPGA_XC7A35T,TEST_LOT_2026_02_0H,2026-08-11 08:00:00,25.0,0.9963,250.1048,19.0024,11.879,0,75.0,35.0,NORMAL,Synthetic / Demonstration Dataset
C1178,LOT_2026_02,FPGA_XC7A35T,TEST_LOT_2026_02_24H,2026-08-12 08:00:00,125.0,0.9973,250.222,23.4179,14.1018,24,75.0,35.0,NORMAL,Synthetic / Demonstration Dataset
C1178,LOT_2026_02,FPGA_XC7A35T,TEST_LOT_2026_02_96H,2026-08-15 08:00:00,125.0,1.0163,250.3494,23.8483,14.3203,96,75.0,35.0,NORMAL,Synthetic / Demonstration Dataset
C1178,LOT_2026_02,FPGA_XC7A35T,TEST_LOT_2026_02_168H,2026-08-18 08:00:00,85.0,0.9848,250.2925,21.8631,13.3035,168,75.0,35.0,NORMAL,Synthetic / Demonstration Dataset
C1179,LOT_2026_02,FPGA_XC7A35T,TEST_LOT_2026_02_0H,2026-08-04 08:00:00,25.0,0.989,250.1459,17.533,11.1464,0,75.0,35.0,NORMAL,Synthetic / Demonstration Dataset
C1179,LOT_2026_02,FPGA_XC7A35T,TEST_LOT_2026_02_24H,2026-08-05 08:00:00,125.0,0.9946,250.1839,21.1337,12.9869,24,75.0,35.0,NORMAL,Synthetic / Demonstration Dataset
C1179,LOT_2026_02,FPGA_XC7A35T,TEST_LOT_2026_02_96H,2026-08-08 08:00:00,125.0,1.0022,250.2709,21.0019,12.8886,96,75.0,35.0,NORMAL,Synthetic / Demonstration Dataset
C1179,LOT_2026_02,FPGA_XC7A35T,TEST_LOT_2026_02_168H,2026-08-11 08:00:00,85.0,0.9977,250.2566,19.7634,12.2863,168,75.0,35.0,NORMAL,Synthetic / Demonstration Dataset
C1180,LOT_2026_02,FPGA_XC7A35T,TEST_LOT_2026_02_0H,2026-08-07 08:00:00,25.0,1.0048,250.1053,16.037,10.4349,0,75.0,35.0,NORMAL,Synthetic / Demonstration Dataset
C1180,LOT_2026_02,FPGA_XC7A35T,TEST_LOT_2026_02_24H,2026-08-08 08:00:00,125.0,0.9969,250.1539,19.5825,12.17,24,75.0,35.0,NORMAL,Synthetic / Demonstration Dataset
C1180,LOT_2026_02,FPGA_XC7A35T,TEST_LOT_2026_02_96H,2026-08-11 08:00:00,125.0,1.0123,250.1661,19.797,12.3095,96,75.0,35.0,NORMAL,Synthetic / Demonstration Dataset
C1180,LOT_2026_02,FPGA_XC7A35T,TEST_LOT_2026_02_168H,2026-08-14 08:00:00,85.0,0.9942,250.1732,17.4745,11.1154,168,75.0,35.0,NORMAL,Synthetic / Demonstration Dataset
C1181,LOT_2026_02,FPGA_XC7A35T,TEST_LOT_2026_02_0H,2026-08-14 08:00:00,25.0,0.9933,250.1669,15.2265,10.0087,0,75.0,35.0,NORMAL,Synthetic / Demonstration Dataset
C1181,LOT_2026_02,FPGA_XC7A35T,TEST_LOT_2026_02_24H,2026-08-15 08:00:00,125.0,0.9788,250.1494,17.9746,11.3983,24,75.0,35.0,NORMAL,Synthetic / Demonstration Dataset
C1181,LOT_2026_02,FPGA_XC7A35T,TEST_LOT_2026_02_96H,2026-08-18 08:00:00,125.0,0.995,250.1501,17.6426,11.2546,96,75.0,35.0,NORMAL,Synthetic / Demonstration Dataset
C1181,LOT_2026_02,FPGA_XC7A35T,TEST_LOT_2026_02_168H,2026-08-21 08:00:00,85.0,1.0038,250.1804,17.3291,11.0134,168,75.0,35.0,NORMAL,Synthetic / Demonstration Dataset
C1182,LOT_2026_02,FPGA_XC7A35T,TEST_LOT_2026_02_0H,2026-08-07 08:00:00,25.0,1.0022,250.2118,18.6359,11.8122,0,75.0,35.0,NORMAL,Synthetic / Demonstration Dataset
C1182,LOT_2026_02,FPGA_XC7A35T,TEST_LOT_2026_02_24H,2026-08-08 08:00:00,125.0,1.0172,250.2067,22.1029,13.4583,24,75.0,35.0,NORMAL,Synthetic / Demonstration Dataset
C1182,LOT_2026_02,FPGA_XC7A35T,TEST_LOT_2026_02_96H,2026-08-11 08:00:00,125.0,0.9958,250.1986,22.7067,13.7612,96,75.0,35.0,NORMAL,Synthetic / Demonstration Dataset
C1182,LOT_2026_02,FPGA_XC7A35T,TEST_LOT_2026_02_168H,2026-08-14 08:00:00,85.0,1.0075,250.1856,20.6405,12.6931,168,75.0,35.0,NORMAL,Synthetic / Demonstration Dataset
C1183,LOT_2026_02,FPGA_XC7A35T,TEST_LOT_2026_02_0H,2026-08-03 08:00:00,25.0,1.0126,250.1352,16.1994,10.5083,0,75.0,35.0,NORMAL,Synthetic / Demonstration Dataset
C1183,LOT_2026_02,FPGA_XC7A35T,TEST_LOT_2026_02_24H,2026-08-04 08:00:00,125.0,1.0076,250.2293,19.5039,12.1963,24,75.0,35.0,NORMAL,Synthetic / Demonstration Dataset
C1183,LOT_2026_02,FPGA_XC7A35T,TEST_LOT_2026_02_96H,2026-08-07 08:00:00,125.0,1.0067,250.2023,19.7361,12.2992,96,75.0,35.0,NORMAL,Synthetic / Demonstration Dataset
C1183,LOT_2026_02,FPGA_XC7A35T,TEST_LOT_2026_02_168H,2026-08-10 08:00:00,85.0,1.0075,250.173,18.2693,11.5331,168,75.0,35.0,NORMAL,Synthetic / Demonstration Dataset
C1184,LOT_2026_02,FPGA_XC7A35T,TEST_LOT_2026_02_0H,2026-08-11 08:00:00,25.0,1.0025,250.167,17.283,11.0466,0,75.0,35.0,SENSOR_NOISE,Synthetic / Demonstration Dataset
C1184,LOT_2026_02,FPGA_XC7A35T,TEST_LOT_2026_02_24H,2026-08-12 08:00:00,125.0,1.0099,250.257,21.3583,13.0682,24,75.0,35.0,SENSOR_NOISE,Synthetic / Demonstration Dataset
C1184,LOT_2026_02,FPGA_XC7A35T,TEST_LOT_2026_02_96H,2026-08-15 08:00:00,125.0,1.0096,250.2516,20.7794,12.8251,96,75.0,35.0,SENSOR_NOISE,Synthetic / Demonstration Dataset
C1184,LOT_2026_02,FPGA_XC7A35T,TEST_LOT_2026_02_168H,2026-08-18 08:00:00,85.0,0.9977,250.1134,19.5343,12.1578,168,75.0,35.0,SENSOR_NOISE,Synthetic / Demonstration Dataset
C1185,LOT_2026_02,FPGA_XC7A35T,TEST_LOT_2026_02_0H,2026-08-10 08:00:00,25.0,0.9953,250.223,19.0926,11.9417,0,75.0,35.0,NORMAL,Synthetic / Demonstration Dataset
C1185,LOT_2026_02,FPGA_XC7A35T,TEST_LOT_2026_02_24H,2026-08-11 08:00:00,125.0,0.9885,250.2365,23.2289,13.9427,24,75.0,35.0,NORMAL,Synthetic / Demonstration Dataset
C1185,LOT_2026_02,FPGA_XC7A35T,TEST_LOT_2026_02_96H,2026-08-14 08:00:00,125.0,0.9837,250.2923,23.2039,14.0206,96,75.0,35.0,NORMAL,Synthetic / Demonstration Dataset
C1185,LOT_2026_02,FPGA_XC7A35T,TEST_LOT_2026_02_168H,2026-08-17 08:00:00,85.0,1.0152,250.173,22.0408,13.4623,168,75.0,35.0,NORMAL,Synthetic / Demonstration Dataset
C1186,LOT_2026_02,FPGA_XC7A35T,TEST_LOT_2026_02_0H,2026-08-14 08:00:00,25.0,0.9976,250.2464,18.9639,11.8554,0,75.0,35.0,NORMAL,Synthetic / Demonstration Dataset
C1186,LOT_2026_02,FPGA_XC7A35T,TEST_LOT_2026_02_24H,2026-08-15 08:00:00,125.0,0.9939,250.2015,22.7987,13.774,24,75.0,35.0,NORMAL,Synthetic / Demonstration Dataset
C1186,LOT_2026_02,FPGA_XC7A35T,TEST_LOT_2026_02_96H,2026-08-18 08:00:00,125.0,0.9974,250.2532,23.5569,14.1648,96,75.0,35.0,NORMAL,Synthetic / Demonstration Dataset
C1186,LOT_2026_02,FPGA_XC7A35T,TEST_LOT_2026_02_168H,2026-08-21 08:00:00,85.0,1.0027,250.1131,20.8719,12.8343,168,75.0,35.0,NORMAL,Synthetic / Demonstration Dataset
C1187,LOT_2026_02,FPGA_XC7A35T,TEST_LOT_2026_02_0H,2026-08-10 08:00:00,25.0,1.0199,250.1892,14.3628,9.584,0,75.0,35.0,NORMAL,Synthetic / Demonstration Dataset
C1187,LOT_2026_02,FPGA_XC7A35T,TEST_LOT_2026_02_24H,2026-08-11 08:00:00,125.0,0.9915,250.205,17.7787,11.2941,24,75.0,35.0,NORMAL,Synthetic / Demonstration Dataset
C1187,LOT_2026_02,FPGA_XC7A35T,TEST_LOT_2026_02_96H,2026-08-14 08:00:00,125.0,1.0127,250.2135,17.6905,11.2522,96,75.0,35.0,NORMAL,Synthetic / Demonstration Dataset
C1187,LOT_2026_02,FPGA_XC7A35T,TEST_LOT_2026_02_168H,2026-08-17 08:00:00,85.0,0.9904,250.1518,15.793,10.2987,168,75.0,35.0,NORMAL,Synthetic / Demonstration Dataset
C1188,LOT_2026_02,FPGA_XC7A35T,TEST_LOT_2026_02_0H,2026-08-07 08:00:00,25.0,1.0241,250.2242,14.8391,9.834,0,75.0,35.0,NORMAL,Synthetic / Demonstration Dataset
C1188,LOT_2026_02,FPGA_XC7A35T,TEST_LOT_2026_02_24H,2026-08-08 08:00:00,125.0,0.9979,250.133,18.0642,11.4339,24,75.0,35.0,NORMAL,Synthetic / Demonstration Dataset
C1188,LOT_2026_02,FPGA_XC7A35T,TEST_LOT_2026_02_96H,2026-08-11 08:00:00,125.0,0.9876,250.1993,18.2597,11.5261,96,75.0,35.0,NORMAL,Synthetic / Demonstration Dataset
C1188,LOT_2026_02,FPGA_XC7A35T,TEST_LOT_2026_02_168H,2026-08-14 08:00:00,85.0,0.9914,250.1415,16.2131,10.5518,168,75.0,35.0,NORMAL,Synthetic / Demonstration Dataset
C1189,LOT_2026_02,FPGA_XC7A35T,TEST_LOT_2026_02_0H,2026-08-13 08:00:00,25.0,0.9866,250.2064,18.2126,11.4692,0,75.0,35.0,NORMAL,Synthetic / Demonstration Dataset
C1189,LOT_2026_02,FPGA_XC7A35T,TEST_LOT_2026_02_24H,2026-08-14 08:00:00,125.0,0.9953,250.2189,22.3549,13.6093,24,75.0,35.0,NORMAL,Synthetic / Demonstration Dataset
C1189,LOT_2026_02,FPGA_XC7A35T,TEST_LOT_2026_02_96H,2026-08-17 08:00:00,125.0,0.986,250.1883,21.7517,13.3008,96,75.0,35.0,NORMAL,Synthetic / Demonstration Dataset
C1189,LOT_2026_02,FPGA_XC7A35T,TEST_LOT_2026_02_168H,2026-08-20 08:00:00,85.0,0.9717,250.1791,20.1654,12.496,168,75.0,35.0,NORMAL,Synthetic / Demonstration Dataset
C1190,LOT_2026_02,FPGA_XC7A35T,TEST_LOT_2026_02_0H,2026-08-06 08:00:00,25.0,0.9954,250.1744,19.5,12.1777,0,75.0,35.0,NORMAL,Synthetic / Demonstration Dataset
C1190,LOT_2026_02,FPGA_XC7A35T,TEST_LOT_2026_02_24H,2026-08-07 08:00:00,125.0,0.9961,250.2414,23.1913,14.0064,24,75.0,35.0,NORMAL,Synthetic / Demonstration Dataset
C1190,LOT_2026_02,FPGA_XC7A35T,TEST_LOT_2026_02_96H,2026-08-10 08:00:00,125.0,1.0003,250.1113,23.5765,14.1724,96,75.0,35.0,NORMAL,Synthetic / Demonstration Dataset
C1190,LOT_2026_02,FPGA_XC7A35T,TEST_LOT_2026_02_168H,2026-08-13 08:00:00,85.0,0.9902,250.2279,22.4912,13.6563,168,75.0,35.0,NORMAL,Synthetic / Demonstration Dataset
C1191,LOT_2026_02,FPGA_XC7A35T,TEST_LOT_2026_02_0H,2026-08-10 08:00:00,25.0,1.0017,250.116,16.4144,10.6022,0,75.0,35.0,NORMAL,Synthetic / Demonstration Dataset
C1191,LOT_2026_02,FPGA_XC7A35T,TEST_LOT_2026_02_24H,2026-08-11 08:00:00,125.0,1.0016,250.1715,20.0837,12.4472,24,75.0,35.0,NORMAL,Synthetic / Demonstration Dataset
C1191,LOT_2026_02,FPGA_XC7A35T,TEST_LOT_2026_02_96H,2026-08-14 08:00:00,125.0,0.9795,250.2611,20.3145,12.5492,96,75.0,35.0,NORMAL,Synthetic / Demonstration Dataset
C1191,LOT_2026_02,FPGA_XC7A35T,TEST_LOT_2026_02_168H,2026-08-17 08:00:00,85.0,1.012,250.1216,19.0227,11.8943,168,75.0,35.0,NORMAL,Synthetic / Demonstration Dataset
C1192,LOT_2026_02,FPGA_XC7A35T,TEST_LOT_2026_02_0H,2026-08-01 08:00:00,25.0,0.9922,250.252,16.5224,10.6406,0,75.0,35.0,NORMAL,Synthetic / Demonstration Dataset
C1192,LOT_2026_02,FPGA_XC7A35T,TEST_LOT_2026_02_24H,2026-08-02 08:00:00,125.0,1.002,250.1392,19.9335,12.3573,24,75.0,35.0,NORMAL,Synthetic / Demonstration Dataset
C1192,LOT_2026_02,FPGA_XC7A35T,TEST_LOT_2026_02_96H,2026-08-05 08:00:00,125.0,0.9967,250.1983,20.3011,12.5379,96,75.0,35.0,NORMAL,Synthetic / Demonstration Dataset
C1192,LOT_2026_02,FPGA_XC7A35T,TEST_LOT_2026_02_168H,2026-08-08 08:00:00,85.0,1.0032,250.2705,18.2746,11.5377,168,75.0,35.0,NORMAL,Synthetic / Demonstration Dataset
C1193,LOT_2026_02,FPGA_XC7A35T,TEST_LOT_2026_02_0H,2026-08-07 08:00:00,25.0,1.0069,250.112,17.55,11.2159,0,75.0,35.0,NORMAL,Synthetic / Demonstration Dataset
C1193,LOT_2026_02,FPGA_XC7A35T,TEST_LOT_2026_02_24H,2026-08-08 08:00:00,125.0,1.0163,250.1768,21.3486,13.1179,24,75.0,35.0,NORMAL,Synthetic / Demonstration Dataset
C1193,LOT_2026_02,FPGA_XC7A35T,TEST_LOT_2026_02_96H,2026-08-11 08:00:00,125.0,1.0055,250.2287,21.6991,13.2436,96,75.0,35.0,NORMAL,Synthetic / Demonstration Dataset
C1193,LOT_2026_02,FPGA_XC7A35T,TEST_LOT_2026_02_168H,2026-08-14 08:00:00,85.0,1.0014,250.1081,20.6418,12.6941,168,75.0,35.0,NORMAL,Synthetic / Demonstration Dataset
C1194,LOT_2026_02,FPGA_XC7A35T,TEST_LOT_2026_02_0H,2026-08-11 08:00:00,25.0,1.0031,250.1644,16.7278,10.7931,0,75.0,35.0,NORMAL,Synthetic / Demonstration Dataset
C1194,LOT_2026_02,FPGA_XC7A35T,TEST_LOT_2026_02_24H,2026-08-12 08:00:00,125.0,1.0014,250.1076,19.8451,12.3408,24,75.0,35.0,NORMAL,Synthetic / Demonstration Dataset
C1194,LOT_2026_02,FPGA_XC7A35T,TEST_LOT_2026_02_96H,2026-08-15 08:00:00,125.0,1.0042,250.1608,20.3993,12.6304,96,75.0,35.0,NORMAL,Synthetic / Demonstration Dataset
C1194,LOT_2026_02,FPGA_XC7A35T,TEST_LOT_2026_02_168H,2026-08-18 08:00:00,85.0,1.0058,250.19,19.6498,12.2388,168,75.0,35.0,NORMAL,Synthetic / Demonstration Dataset
C1195,LOT_2026_02,FPGA_XC7A35T,TEST_LOT_2026_02_0H,2026-08-15 08:00:00,25.0,1.0086,250.2393,15.6857,10.2685,0,75.0,35.0,NORMAL,Synthetic / Demonstration Dataset
C1195,LOT_2026_02,FPGA_XC7A35T,TEST_LOT_2026_02_24H,2026-08-16 08:00:00,125.0,1.0036,250.1242,18.8877,11.8576,24,75.0,35.0,NORMAL,Synthetic / Demonstration Dataset
C1195,LOT_2026_02,FPGA_XC7A35T,TEST_LOT_2026_02_96H,2026-08-19 08:00:00,125.0,0.9813,250.1354,19.345,12.0657,96,75.0,35.0,NORMAL,Synthetic / Demonstration Dataset
C1195,LOT_2026_02,FPGA_XC7A35T,TEST_LOT_2026_02_168H,2026-08-22 08:00:00,85.0,0.9879,250.1983,17.8812,11.3466,168,75.0,35.0,NORMAL,Synthetic / Demonstration Dataset
C1196,LOT_2026_02,FPGA_XC7A35T,TEST_LOT_2026_02_0H,2026-08-16 08:00:00,25.0,0.9924,250.2195,16.7109,10.7952,0,75.0,35.0,NORMAL,Synthetic / Demonstration Dataset
C1196,LOT_2026_02,FPGA_XC7A35T,TEST_LOT_2026_02_24H,2026-08-17 08:00:00,125.0,0.9939,250.2263,20.1771,12.4799,24,75.0,35.0,NORMAL,Synthetic / Demonstration Dataset
C1196,LOT_2026_02,FPGA_XC7A35T,TEST_LOT_2026_02_96H,2026-08-20 08:00:00,125.0,1.0074,250.1082,20.3629,12.6131,96,75.0,35.0,NORMAL,Synthetic / Demonstration Dataset
C1196,LOT_2026_02,FPGA_XC7A35T,TEST_LOT_2026_02_168H,2026-08-23 08:00:00,85.0,0.9959,250.1875,19.1968,11.9975,168,75.0,35.0,NORMAL,Synthetic / Demonstration Dataset
C1197,LOT_2026_02,FPGA_XC7A35T,TEST_LOT_2026_02_0H,2026-08-06 08:00:00,25.0,0.9827,250.3297,25.4995,15.1507,0,75.0,35.0,LOT_ANOMALY,Synthetic / Demonstration Dataset
C1197,LOT_2026_02,FPGA_XC7A35T,TEST_LOT_2026_02_24H,2026-08-07 08:00:00,125.0,1.0095,250.2625,31.3588,18.0908,24,75.0,35.0,LOT_ANOMALY,Synthetic / Demonstration Dataset
C1197,LOT_2026_02,FPGA_XC7A35T,TEST_LOT_2026_02_96H,2026-08-10 08:00:00,125.0,1.0085,250.2103,31.6709,18.2331,96,75.0,35.0,LOT_ANOMALY,Synthetic / Demonstration Dataset
C1197,LOT_2026_02,FPGA_XC7A35T,TEST_LOT_2026_02_168H,2026-08-13 08:00:00,85.0,1.0043,250.3225,29.9018,17.3339,168,75.0,35.0,LOT_ANOMALY,Synthetic / Demonstration Dataset
C1198,LOT_2026_02,FPGA_XC7A35T,TEST_LOT_2026_02_0H,2026-08-10 08:00:00,25.0,0.9989,250.1119,15.6751,10.2578,0,75.0,35.0,NORMAL,Synthetic / Demonstration Dataset
C1198,LOT_2026_02,FPGA_XC7A35T,TEST_LOT_2026_02_24H,2026-08-11 08:00:00,125.0,0.9709,250.1709,18.9615,11.8558,24,75.0,35.0,NORMAL,Synthetic / Demonstration Dataset
C1198,LOT_2026_02,FPGA_XC7A35T,TEST_LOT_2026_02_96H,2026-08-14 08:00:00,125.0,0.9876,250.1913,18.5829,11.7233,96,75.0,35.0,NORMAL,Synthetic / Demonstration Dataset
C1198,LOT_2026_02,FPGA_XC7A35T,TEST_LOT_2026_02_168H,2026-08-17 08:00:00,85.0,0.9939,250.2042,18.1444,11.4612,168,75.0,35.0,NORMAL,Synthetic / Demonstration Dataset
C1199,LOT_2026_02,FPGA_XC7A35T,TEST_LOT_2026_02_0H,2026-08-11 08:00:00,25.0,0.9885,250.0695,15.7103,10.2458,0,75.0,35.0,NORMAL,Synthetic / Demonstration Dataset
C1199,LOT_2026_02,FPGA_XC7A35T,TEST_LOT_2026_02_24H,2026-08-12 08:00:00,125.0,0.999,250.1705,19.1303,11.9424,24,75.0,35.0,NORMAL,Synthetic / Demonstration Dataset
C1199,LOT_2026_02,FPGA_XC7A35T,TEST_LOT_2026_02_96H,2026-08-15 08:00:00,125.0,0.9868,250.2331,19.4313,12.0916,96,75.0,35.0,NORMAL,Synthetic / Demonstration Dataset
C1199,LOT_2026_02,FPGA_XC7A35T,TEST_LOT_2026_02_168H,2026-08-18 08:00:00,85.0,0.9853,250.152,17.7064,11.2766,168,75.0,35.0,NORMAL,Synthetic / Demonstration Dataset
C1200,LOT_2026_02,FPGA_XC7A35T,TEST_LOT_2026_02_0H,2026-08-08 08:00:00,25.0,1.0098,250.2074,18.1307,11.4389,0,75.0,35.0,NORMAL,Synthetic / Demonstration Dataset
C1200,LOT_2026_02,FPGA_XC7A35T,TEST_LOT_2026_02_24H,2026-08-09 08:00:00,125.0,0.9922,250.2857,21.9175,13.33,24,75.0,35.0,NORMAL,Synthetic / Demonstration Dataset
C1200,LOT_2026_02,FPGA_XC7A35T,TEST_LOT_2026_02_96H,2026-08-12 08:00:00,125.0,1.0089,250.3159,22.4386,13.6095,96,75.0,35.0,NORMAL,Synthetic / Demonstration Dataset
C1200,LOT_2026_02,FPGA_XC7A35T,TEST_LOT_2026_02_168H,2026-08-15 08:00:00,85.0,1.0228,250.1799,21.0735,12.8999,168,75.0,35.0,NORMAL,Synthetic / Demonstration Dataset
C1201,LOT_2026_02,FPGA_XC7A35T,TEST_LOT_2026_02_0H,2026-08-08 08:00:00,25.0,1.0071,250.0392,13.3395,9.0608,0,75.0,35.0,NORMAL,Synthetic / Demonstration Dataset
C1201,LOT_2026_02,FPGA_XC7A35T,TEST_LOT_2026_02_24H,2026-08-09 08:00:00,125.0,1.0019,250.1848,16.3523,10.5815,24,75.0,35.0,NORMAL,Synthetic / Demonstration Dataset
C1201,LOT_2026_02,FPGA_XC7A35T,TEST_LOT_2026_02_96H,2026-08-12 08:00:00,125.0,0.9905,250.1344,16.8277,10.7953,96,75.0,35.0,NORMAL,Synthetic / Demonstration Dataset
C1201,LOT_2026_02,FPGA_XC7A35T,TEST_LOT_2026_02_168H,2026-08-15 08:00:00,85.0,1.009,250.1802,15.7601,10.3085,168,75.0,35.0,NORMAL,Synthetic / Demonstration Dataset
C1202,LOT_2026_02,FPGA_XC7A35T,TEST_LOT_2026_02_0H,2026-08-05 08:00:00,25.0,0.9882,250.3384,25.4995,15.1863,0,75.0,35.0,LOT_ANOMALY,Synthetic / Demonstration Dataset
C1202,LOT_2026_02,FPGA_XC7A35T,TEST_LOT_2026_02_24H,2026-08-06 08:00:00,125.0,1.0178,250.2318,31.4642,18.1195,24,75.0,35.0,LOT_ANOMALY,Synthetic / Demonstration Dataset
C1202,LOT_2026_02,FPGA_XC7A35T,TEST_LOT_2026_02_96H,2026-08-09 08:00:00,125.0,1.0072,250.262,31.4464,18.1414,96,75.0,35.0,LOT_ANOMALY,Synthetic / Demonstration Dataset
C1202,LOT_2026_02,FPGA_XC7A35T,TEST_LOT_2026_02_168H,2026-08-12 08:00:00,85.0,1.007,250.3243,31.0069,17.8797,168,75.0,35.0,LOT_ANOMALY,Synthetic / Demonstration Dataset
C1203,LOT_2026_02,FPGA_XC7A35T,TEST_LOT_2026_02_0H,2026-08-08 08:00:00,25.0,1.0125,250.193,15.4058,10.1019,0,75.0,35.0,NORMAL,Synthetic / Demonstration Dataset
C1203,LOT_2026_02,FPGA_XC7A35T,TEST_LOT_2026_02_24H,2026-08-09 08:00:00,125.0,0.9797,250.1327,18.6266,11.7592,24,75.0,35.0,NORMAL,Synthetic / Demonstration Dataset
C1203,LOT_2026_02,FPGA_XC7A35T,TEST_LOT_2026_02_96H,2026-08-12 08:00:00,125.0,1.0019,250.2342,18.386,11.5629,96,75.0,35.0,NORMAL,Synthetic / Demonstration Dataset
C1203,LOT_2026_02,FPGA_XC7A35T,TEST_LOT_2026_02_168H,2026-08-15 08:00:00,85.0,1.0094,250.1785,17.7852,11.3614,168,75.0,35.0,NORMAL,Synthetic / Demonstration Dataset
C1204,LOT_2026_02,FPGA_XC7A35T,TEST_LOT_2026_02_0H,2026-08-03 08:00:00,25.0,1.002,250.6184,65.8318,35.331,0,75.0,35.0,SEVERE_FAILURE,Synthetic / Demonstration Dataset
C1204,LOT_2026_02,FPGA_XC7A35T,TEST_LOT_2026_02_24H,2026-08-04 08:00:00,125.0,0.9976,250.9736,102.6976,53.7421,24,75.0,35.0,SEVERE_FAILURE,Synthetic / Demonstration Dataset
C1204,LOT_2026_02,FPGA_XC7A35T,TEST_LOT_2026_02_96H,2026-08-07 08:00:00,125.0,0.99,251.4738,142.1967,73.544,96,75.0,35.0,SEVERE_FAILURE,Synthetic / Demonstration Dataset
C1204,LOT_2026_02,FPGA_XC7A35T,TEST_LOT_2026_02_168H,2026-08-10 08:00:00,85.0,1.0024,251.8489,184.3291,94.5682,168,75.0,35.0,SEVERE_FAILURE,Synthetic / Demonstration Dataset
C1205,LOT_2026_02,FPGA_XC7A35T,TEST_LOT_2026_02_0H,2026-08-07 08:00:00,25.0,1.0116,250.1889,19.4639,12.138,0,75.0,35.0,NORMAL,Synthetic / Demonstration Dataset
C1205,LOT_2026_02,FPGA_XC7A35T,TEST_LOT_2026_02_24H,2026-08-08 08:00:00,125.0,0.9886,250.2982,23.7534,14.3183,24,75.0,35.0,NORMAL,Synthetic / Demonstration Dataset
C1205,LOT_2026_02,FPGA_XC7A35T,TEST_LOT_2026_02_96H,2026-08-11 08:00:00,125.0,0.9875,250.1429,24.1361,14.4851,96,75.0,35.0,NORMAL,Synthetic / Demonstration Dataset
C1205,LOT_2026_02,FPGA_XC7A35T,TEST_LOT_2026_02_168H,2026-08-14 08:00:00,85.0,1.0029,250.2958,21.907,13.3378,168,75.0,35.0,NORMAL,Synthetic / Demonstration Dataset
C1206,LOT_2026_02,FPGA_XC7A35T,TEST_LOT_2026_02_0H,2026-08-13 08:00:00,25.0,1.0028,250.0986,16.3444,10.554,0,75.0,35.0,NORMAL,Synthetic / Demonstration Dataset
C1206,LOT_2026_02,FPGA_XC7A35T,TEST_LOT_2026_02_24H,2026-08-14 08:00:00,125.0,0.997,250.229,19.8592,12.396,24,75.0,35.0,NORMAL,Synthetic / Demonstration Dataset
C1206,LOT_2026_02,FPGA_XC7A35T,TEST_LOT_2026_02_96H,2026-08-17 08:00:00,125.0,0.9916,250.271,20.0089,12.3663,96,75.0,35.0,NORMAL,Synthetic / Demonstration Dataset
C1206,LOT_2026_02,FPGA_XC7A35T,TEST_LOT_2026_02_168H,2026-08-20 08:00:00,85.0,0.994,250.1672,18.1315,11.4509,168,75.0,35.0,NORMAL,Synthetic / Demonstration Dataset
C1207,LOT_2026_02,FPGA_XC7A35T,TEST_LOT_2026_02_0H,2026-08-08 08:00:00,25.0,1.0027,250.2238,17.0364,10.9204,0,75.0,35.0,NORMAL,Synthetic / Demonstration Dataset
C1207,LOT_2026_02,FPGA_XC7A35T,TEST_LOT_2026_02_24H,2026-08-09 08:00:00,125.0,1.0101,250.1646,20.5489,12.6353,24,75.0,35.0,NORMAL,Synthetic / Demonstration Dataset
C1207,LOT_2026_02,FPGA_XC7A35T,TEST_LOT_2026_02_96H,2026-08-12 08:00:00,125.0,1.0114,250.1728,21.2379,13.0094,96,75.0,35.0,NORMAL,Synthetic / Demonstration Dataset
C1207,LOT_2026_02,FPGA_XC7A35T,TEST_LOT_2026_02_168H,2026-08-15 08:00:00,85.0,1.0033,250.2778,19.118,11.9759,168,75.0,35.0,NORMAL,Synthetic / Demonstration Dataset
C1208,LOT_2026_02,FPGA_XC7A35T,TEST_LOT_2026_02_0H,2026-08-01 08:00:00,25.0,1.0082,250.1917,19.1709,12.0115,0,75.0,35.0,NORMAL,Synthetic / Demonstration Dataset
C1208,LOT_2026_02,FPGA_XC7A35T,TEST_LOT_2026_02_24H,2026-08-02 08:00:00,125.0,1.0144,250.2113,23.4239,14.0702,24,75.0,35.0,NORMAL,Synthetic / Demonstration Dataset
C1208,LOT_2026_02,FPGA_XC7A35T,TEST_LOT_2026_02_96H,2026-08-05 08:00:00,125.0,1.0035,250.2226,23.7414,14.2649,96,75.0,35.0,NORMAL,Synthetic / Demonstration Dataset
C1208,LOT_2026_02,FPGA_XC7A35T,TEST_LOT_2026_02_168H,2026-08-08 08:00:00,85.0,0.9936,250.188,23.0639,13.934,168,75.0,35.0,NORMAL,Synthetic / Demonstration Dataset
C1209,LOT_2026_02,FPGA_XC7A35T,TEST_LOT_2026_02_0H,2026-08-04 08:00:00,25.0,1.0228,250.2275,19.4605,12.0997,0,75.0,35.0,GRADUAL_DEGRADE,Synthetic / Demonstration Dataset
C1209,LOT_2026_02,FPGA_XC7A35T,TEST_LOT_2026_02_24H,2026-08-05 08:00:00,125.0,1.0,250.2891,31.8532,18.3004,24,75.0,35.0,GRADUAL_DEGRADE,Synthetic / Demonstration Dataset
C1209,LOT_2026_02,FPGA_XC7A35T,TEST_LOT_2026_02_96H,2026-08-08 08:00:00,125.0,1.0083,250.4442,40.239,22.5252,96,75.0,35.0,GRADUAL_DEGRADE,Synthetic / Demonstration Dataset
C1209,LOT_2026_02,FPGA_XC7A35T,TEST_LOT_2026_02_168H,2026-08-11 08:00:00,85.0,1.0159,250.693,66.432,35.6496,168,75.0,35.0,GRADUAL_DEGRADE,Synthetic / Demonstration Dataset
C1210,LOT_2026_02,FPGA_XC7A35T,TEST_LOT_2026_02_0H,2026-08-08 08:00:00,25.0,0.9863,250.1367,14.4152,9.6197,0,75.0,35.0,NORMAL,Synthetic / Demonstration Dataset
C1210,LOT_2026_02,FPGA_XC7A35T,TEST_LOT_2026_02_24H,2026-08-09 08:00:00,125.0,1.0071,250.1676,17.9694,11.3601,24,75.0,35.0,NORMAL,Synthetic / Demonstration Dataset
C1210,LOT_2026_02,FPGA_XC7A35T,TEST_LOT_2026_02_96H,2026-08-12 08:00:00,125.0,0.9904,250.2624,18.1011,11.4437,96,75.0,35.0,NORMAL,Synthetic / Demonstration Dataset
C1210,LOT_2026_02,FPGA_XC7A35T,TEST_LOT_2026_02_168H,2026-08-15 08:00:00,85.0,1.0068,250.1662,17.3056,11.0403,168,75.0,35.0,NORMAL,Synthetic / Demonstration Dataset
C1211,LOT_2026_02,FPGA_XC7A35T,TEST_LOT_2026_02_0H,2026-08-15 08:00:00,25.0,1.0043,250.168,16.4177,10.5946,0,75.0,35.0,NORMAL,Synthetic / Demonstration Dataset
C1211,LOT_2026_02,FPGA_XC7A35T,TEST_LOT_2026_02_24H,2026-08-16 08:00:00,125.0,1.0008,250.0926,19.9014,12.3617,24,75.0,35.0,NORMAL,Synthetic / Demonstration Dataset
C1211,LOT_2026_02,FPGA_XC7A35T,TEST_LOT_2026_02_96H,2026-08-19 08:00:00,125.0,0.9885,250.1127,19.7085,12.2112,96,75.0,35.0,NORMAL,Synthetic / Demonstration Dataset
C1211,LOT_2026_02,FPGA_XC7A35T,TEST_LOT_2026_02_168H,2026-08-22 08:00:00,85.0,0.9929,250.2799,18.2285,11.5016,168,75.0,35.0,NORMAL,Synthetic / Demonstration Dataset
C1212,LOT_2026_02,FPGA_XC7A35T,TEST_LOT_2026_02_0H,2026-08-08 08:00:00,25.0,1.004,250.1811,17.455,11.1256,0,75.0,35.0,NORMAL,Synthetic / Demonstration Dataset
C1212,LOT_2026_02,FPGA_XC7A35T,TEST_LOT_2026_02_24H,2026-08-09 08:00:00,125.0,1.0145,250.2994,20.8991,12.8092,24,75.0,35.0,NORMAL,Synthetic / Demonstration Dataset
C1212,LOT_2026_02,FPGA_XC7A35T,TEST_LOT_2026_02_96H,2026-08-12 08:00:00,125.0,0.9972,250.1611,20.9373,12.8808,96,75.0,35.0,NORMAL,Synthetic / Demonstration Dataset
C1212,LOT_2026_02,FPGA_XC7A35T,TEST_LOT_2026_02_168H,2026-08-15 08:00:00,85.0,1.0217,250.2562,19.6713,12.2408,168,75.0,35.0,NORMAL,Synthetic / Demonstration Dataset
C1213,LOT_2026_02,FPGA_XC7A35T,TEST_LOT_2026_02_0H,2026-08-04 08:00:00,25.0,1.0111,250.1633,19.1534,11.9571,0,75.0,35.0,SUDDEN_DEGRADE,Synthetic / Demonstration Dataset
C1213,LOT_2026_02,FPGA_XC7A35T,TEST_LOT_2026_02_24H,2026-08-05 08:00:00,125.0,1.0008,250.2441,25.4339,15.1362,24,75.0,35.0,SUDDEN_DEGRADE,Synthetic / Demonstration Dataset
C1213,LOT_2026_02,FPGA_XC7A35T,TEST_LOT_2026_02_96H,2026-08-08 08:00:00,125.0,0.9993,250.6594,66.3144,35.6045,96,75.0,35.0,SUDDEN_DEGRADE,Synthetic / Demonstration Dataset
C1213,LOT_2026_02,FPGA_XC7A35T,TEST_LOT_2026_02_168H,2026-08-11 08:00:00,85.0,0.9861,251.0514,99.1274,51.9713,168,75.0,35.0,SUDDEN_DEGRADE,Synthetic / Demonstration Dataset
C1214,LOT_2026_02,FPGA_XC7A35T,TEST_LOT_2026_02_0H,2026-08-15 08:00:00,25.0,0.9917,250.2248,17.0077,10.9143,0,75.0,35.0,NORMAL,Synthetic / Demonstration Dataset
C1214,LOT_2026_02,FPGA_XC7A35T,TEST_LOT_2026_02_24H,2026-08-16 08:00:00,125.0,1.009,250.2328,20.4797,12.6203,24,75.0,35.0,NORMAL,Synthetic / Demonstration Dataset
C1214,LOT_2026_02,FPGA_XC7A35T,TEST_LOT_2026_02_96H,2026-08-19 08:00:00,125.0,0.9951,250.339,20.7328,12.7792,96,75.0,35.0,NORMAL,Synthetic / Demonstration Dataset
C1214,LOT_2026_02,FPGA_XC7A35T,TEST_LOT_2026_02_168H,2026-08-22 08:00:00,85.0,1.0047,250.2648,19.5803,12.1882,168,75.0,35.0,NORMAL,Synthetic / Demonstration Dataset
C1215,LOT_2026_02,FPGA_XC7A35T,TEST_LOT_2026_02_0H,2026-08-11 08:00:00,25.0,1.0084,250.1504,15.9197,10.3341,0,75.0,35.0,NORMAL,Synthetic / Demonstration Dataset
C1215,LOT_2026_02,FPGA_XC7A35T,TEST_LOT_2026_02_24H,2026-08-12 08:00:00,125.0,1.0153,250.197,19.0401,11.9059,24,75.0,35.0,NORMAL,Synthetic / Demonstration Dataset
C1215,LOT_2026_02,FPGA_XC7A35T,TEST_LOT_2026_02_96H,2026-08-15 08:00:00,125.0,1.0081,250.1791,19.3792,12.0548,96,75.0,35.0,NORMAL,Synthetic / Demonstration Dataset
C1215,LOT_2026_02,FPGA_XC7A35T,TEST_LOT_2026_02_168H,2026-08-18 08:00:00,85.0,1.0121,250.2413,18.424,11.5986,168,75.0,35.0,NORMAL,Synthetic / Demonstration Dataset
C1216,LOT_2026_02,FPGA_XC7A35T,TEST_LOT_2026_02_0H,2026-08-15 08:00:00,25.0,1.0021,250.2584,19.6378,12.2327,0,75.0,35.0,SENSOR_NOISE,Synthetic / Demonstration Dataset
C1216,LOT_2026_02,FPGA_XC7A35T,TEST_LOT_2026_02_24H,2026-08-16 08:00:00,125.0,1.0175,250.237,23.4402,14.1339,24,75.0,35.0,SENSOR_NOISE,Synthetic / Demonstration Dataset
C1216,LOT_2026_02,FPGA_XC7A35T,TEST_LOT_2026_02_96H,2026-08-19 08:00:00,125.0,1.0051,250.2896,23.4415,14.1672,96,75.0,35.0,SENSOR_NOISE,Synthetic / Demonstration Dataset
C1216,LOT_2026_02,FPGA_XC7A35T,TEST_LOT_2026_02_168H,2026-08-22 08:00:00,85.0,1.0055,250.1535,23.0697,13.938,168,75.0,35.0,SENSOR_NOISE,Synthetic / Demonstration Dataset
C1217,LOT_2026_02,FPGA_XC7A35T,TEST_LOT_2026_02_0H,2026-08-15 08:00:00,25.0,1.0023,250.0983,15.9145,10.3522,0,75.0,35.0,NORMAL,Synthetic / Demonstration Dataset
C1217,LOT_2026_02,FPGA_XC7A35T,TEST_LOT_2026_02_24H,2026-08-16 08:00:00,125.0,0.9945,250.1652,19.2132,12.0033,24,75.0,35.0,NORMAL,Synthetic / Demonstration Dataset
C1217,LOT_2026_02,FPGA_XC7A35T,TEST_LOT_2026_02_96H,2026-08-19 08:00:00,125.0,0.975,250.0768,19.5604,12.1721,96,75.0,35.0,NORMAL,Synthetic / Demonstration Dataset
C1217,LOT_2026_02,FPGA_XC7A35T,TEST_LOT_2026_02_168H,2026-08-22 08:00:00,85.0,1.0019,250.1455,18.1836,11.492,168,75.0,35.0,NORMAL,Synthetic / Demonstration Dataset
C1218,LOT_2026_02,FPGA_XC7A35T,TEST_LOT_2026_02_0H,2026-08-16 08:00:00,25.0,0.9927,250.2242,17.3525,11.0805,0,75.0,35.0,GRADUAL_DEGRADE,Synthetic / Demonstration Dataset
C1218,LOT_2026_02,FPGA_XC7A35T,TEST_LOT_2026_02_24H,2026-08-17 08:00:00,125.0,1.0018,250.2063,27.3109,16.0456,24,75.0,35.0,GRADUAL_DEGRADE,Synthetic / Demonstration Dataset
C1218,LOT_2026_02,FPGA_XC7A35T,TEST_LOT_2026_02_96H,2026-08-20 08:00:00,125.0,1.0013,250.3876,41.196,23.0177,96,75.0,35.0,GRADUAL_DEGRADE,Synthetic / Demonstration Dataset
C1218,LOT_2026_02,FPGA_XC7A35T,TEST_LOT_2026_02_168H,2026-08-23 08:00:00,85.0,0.9991,250.4744,47.8437,26.3231,168,75.0,35.0,GRADUAL_DEGRADE,Synthetic / Demonstration Dataset
C1219,LOT_2026_02,FPGA_XC7A35T,TEST_LOT_2026_02_0H,2026-08-08 08:00:00,25.0,0.9928,250.0856,14.9783,9.9126,0,75.0,35.0,NORMAL,Synthetic / Demonstration Dataset
C1219,LOT_2026_02,FPGA_XC7A35T,TEST_LOT_2026_02_24H,2026-08-09 08:00:00,125.0,1.0115,250.2464,17.7086,11.247,24,75.0,35.0,NORMAL,Synthetic / Demonstration Dataset
C1219,LOT_2026_02,FPGA_XC7A35T,TEST_LOT_2026_02_96H,2026-08-12 08:00:00,125.0,0.9964,250.1708,17.3968,11.0741,96,75.0,35.0,NORMAL,Synthetic / Demonstration Dataset
C1219,LOT_2026_02,FPGA_XC7A35T,TEST_LOT_2026_02_168H,2026-08-15 08:00:00,85.0,1.0153,250.2032,16.9928,10.8742,168,75.0,35.0,NORMAL,Synthetic / Demonstration Dataset
C1220,LOT_2026_02,FPGA_XC7A35T,TEST_LOT_2026_02_0H,2026-08-09 08:00:00,25.0,0.984,250.2386,25.4995,15.1446,0,75.0,35.0,LOT_ANOMALY,Synthetic / Demonstration Dataset
C1220,LOT_2026_02,FPGA_XC7A35T,TEST_LOT_2026_02_24H,2026-08-10 08:00:00,125.0,0.9946,250.3394,31.378,18.1354,24,75.0,35.0,LOT_ANOMALY,Synthetic / Demonstration Dataset
C1220,LOT_2026_02,FPGA_XC7A35T,TEST_LOT_2026_02_96H,2026-08-13 08:00:00,125.0,0.9995,250.3128,32.1908,18.4868,96,75.0,35.0,LOT_ANOMALY,Synthetic / Demonstration Dataset
C1220,LOT_2026_02,FPGA_XC7A35T,TEST_LOT_2026_02_168H,2026-08-16 08:00:00,85.0,0.9937,250.3113,30.9006,17.8515,168,75.0,35.0,LOT_ANOMALY,Synthetic / Demonstration Dataset
C1221,LOT_2026_02,FPGA_XC7A35T,TEST_LOT_2026_02_0H,2026-08-16 08:00:00,25.0,0.9863,250.1771,16.0959,10.4465,0,75.0,35.0,NORMAL,Synthetic / Demonstration Dataset
C1221,LOT_2026_02,FPGA_XC7A35T,TEST_LOT_2026_02_24H,2026-08-17 08:00:00,125.0,0.9947,250.2578,19.6751,12.2165,24,75.0,35.0,NORMAL,Synthetic / Demonstration Dataset
C1221,LOT_2026_02,FPGA_XC7A35T,TEST_LOT_2026_02_96H,2026-08-20 08:00:00,125.0,0.9825,250.2247,20.2914,12.5571,96,75.0,35.0,NORMAL,Synthetic / Demonstration Dataset
C1221,LOT_2026_02,FPGA_XC7A35T,TEST_LOT_2026_02_168H,2026-08-23 08:00:00,85.0,1.0042,250.2452,18.119,11.4063,168,75.0,35.0,NORMAL,Synthetic / Demonstration Dataset
C1222,LOT_2026_02,FPGA_XC7A35T,TEST_LOT_2026_02_0H,2026-08-09 08:00:00,25.0,0.9751,250.1328,18.105,11.4916,0,75.0,35.0,NORMAL,Synthetic / Demonstration Dataset
C1222,LOT_2026_02,FPGA_XC7A35T,TEST_LOT_2026_02_24H,2026-08-10 08:00:00,125.0,0.9883,250.2084,21.8263,13.3628,24,75.0,35.0,NORMAL,Synthetic / Demonstration Dataset
C1222,LOT_2026_02,FPGA_XC7A35T,TEST_LOT_2026_02_96H,2026-08-13 08:00:00,125.0,0.9895,250.2891,21.4265,13.1579,96,75.0,35.0,NORMAL,Synthetic / Demonstration Dataset
C1222,LOT_2026_02,FPGA_XC7A35T,TEST_LOT_2026_02_168H,2026-08-16 08:00:00,85.0,0.9876,250.3116,20.6792,12.7779,168,75.0,35.0,NORMAL,Synthetic / Demonstration Dataset
C1223,LOT_2026_02,FPGA_XC7A35T,TEST_LOT_2026_02_0H,2026-08-10 08:00:00,25.0,0.9919,250.1821,18.4574,11.6248,0,75.0,35.0,NORMAL,Synthetic / Demonstration Dataset
C1223,LOT_2026_02,FPGA_XC7A35T,TEST_LOT_2026_02_24H,2026-08-11 08:00:00,125.0,1.0145,250.2687,22.4682,13.6083,24,75.0,35.0,NORMAL,Synthetic / Demonstration Dataset
C1223,LOT_2026_02,FPGA_XC7A35T,TEST_LOT_2026_02_96H,2026-08-14 08:00:00,125.0,1.0031,250.2644,23.0044,13.9374,96,75.0,35.0,NORMAL,Synthetic / Demonstration Dataset
C1223,LOT_2026_02,FPGA_XC7A35T,TEST_LOT_2026_02_168H,2026-08-17 08:00:00,85.0,0.9996,250.1796,20.6223,12.6735,168,75.0,35.0,NORMAL,Synthetic / Demonstration Dataset
C1224,LOT_2026_02,FPGA_XC7A35T,TEST_LOT_2026_02_0H,2026-08-11 08:00:00,25.0,1.0251,250.0859,17.7929,11.2957,0,75.0,35.0,NORMAL,Synthetic / Demonstration Dataset
C1224,LOT_2026_02,FPGA_XC7A35T,TEST_LOT_2026_02_24H,2026-08-12 08:00:00,125.0,1.0012,250.2118,21.7452,13.2414,24,75.0,35.0,NORMAL,Synthetic / Demonstration Dataset
C1224,LOT_2026_02,FPGA_XC7A35T,TEST_LOT_2026_02_96H,2026-08-15 08:00:00,125.0,0.9924,250.1085,21.7953,13.3263,96,75.0,35.0,NORMAL,Synthetic / Demonstration Dataset
C1224,LOT_2026_02,FPGA_XC7A35T,TEST_LOT_2026_02_168H,2026-08-18 08:00:00,85.0,1.0005,250.2195,20.8054,12.8285,168,75.0,35.0,NORMAL,Synthetic / Demonstration Dataset
C1225,LOT_2026_02,FPGA_XC7A35T,TEST_LOT_2026_02_0H,2026-08-03 08:00:00,25.0,1.009,250.1606,17.5482,11.2056,0,75.0,35.0,NORMAL,Synthetic / Demonstration Dataset
C1225,LOT_2026_02,FPGA_XC7A35T,TEST_LOT_2026_02_24H,2026-08-04 08:00:00,125.0,1.0019,250.1502,21.3748,13.0943,24,75.0,35.0,NORMAL,Synthetic / Demonstration Dataset
C1225,LOT_2026_02,FPGA_XC7A35T,TEST_LOT_2026_02_96H,2026-08-07 08:00:00,125.0,0.9936,250.1704,21.1183,12.9335,96,75.0,35.0,NORMAL,Synthetic / Demonstration Dataset
C1225,LOT_2026_02,FPGA_XC7A35T,TEST_LOT_2026_02_168H,2026-08-10 08:00:00,85.0,1.0133,250.3066,21.0538,12.8976,168,75.0,35.0,NORMAL,Synthetic / Demonstration Dataset
C1226,LOT_2026_02,FPGA_XC7A35T,TEST_LOT_2026_02_0H,2026-08-08 08:00:00,25.0,0.9871,250.1376,17.242,10.999,0,75.0,35.0,NORMAL,Synthetic / Demonstration Dataset
C1226,LOT_2026_02,FPGA_XC7A35T,TEST_LOT_2026_02_24H,2026-08-09 08:00:00,125.0,0.996,250.2657,21.2279,13.0284,24,75.0,35.0,NORMAL,Synthetic / Demonstration Dataset
C1226,LOT_2026_02,FPGA_XC7A35T,TEST_LOT_2026_02_96H,2026-08-12 08:00:00,125.0,0.9852,250.2818,21.8797,13.3674,96,75.0,35.0,NORMAL,Synthetic / Demonstration Dataset
C1226,LOT_2026_02,FPGA_XC7A35T,TEST_LOT_2026_02_168H,2026-08-15 08:00:00,85.0,1.0101,250.21,19.3229,12.056,168,75.0,35.0,NORMAL,Synthetic / Demonstration Dataset
C1227,LOT_2026_02,FPGA_XC7A35T,TEST_LOT_2026_02_0H,2026-08-05 08:00:00,25.0,0.9928,250.257,15.4516,10.1258,0,75.0,35.0,NORMAL,Synthetic / Demonstration Dataset
C1227,LOT_2026_02,FPGA_XC7A35T,TEST_LOT_2026_02_24H,2026-08-06 08:00:00,125.0,0.9921,250.1507,18.9696,11.9108,24,75.0,35.0,NORMAL,Synthetic / Demonstration Dataset
C1227,LOT_2026_02,FPGA_XC7A35T,TEST_LOT_2026_02_96H,2026-08-09 08:00:00,125.0,0.9958,250.1859,18.4161,11.6107,96,75.0,35.0,NORMAL,Synthetic / Demonstration Dataset
C1227,LOT_2026_02,FPGA_XC7A35T,TEST_LOT_2026_02_168H,2026-08-12 08:00:00,85.0,1.004,250.2114,17.6736,11.2544,168,75.0,35.0,NORMAL,Synthetic / Demonstration Dataset
C1228,LOT_2026_02,FPGA_XC7A35T,TEST_LOT_2026_02_0H,2026-08-03 08:00:00,25.0,0.9972,250.211,15.1279,9.9854,0,75.0,35.0,NORMAL,Synthetic / Demonstration Dataset
C1228,LOT_2026_02,FPGA_XC7A35T,TEST_LOT_2026_02_24H,2026-08-04 08:00:00,125.0,1.0035,250.0817,18.0639,11.4331,24,75.0,35.0,NORMAL,Synthetic / Demonstration Dataset
C1228,LOT_2026_02,FPGA_XC7A35T,TEST_LOT_2026_02_96H,2026-08-07 08:00:00,125.0,0.9905,250.1503,19.1966,12.0167,96,75.0,35.0,NORMAL,Synthetic / Demonstration Dataset
C1228,LOT_2026_02,FPGA_XC7A35T,TEST_LOT_2026_02_168H,2026-08-10 08:00:00,85.0,0.9937,250.1968,16.7,10.7348,168,75.0,35.0,NORMAL,Synthetic / Demonstration Dataset
C1229,LOT_2026_02,FPGA_XC7A35T,TEST_LOT_2026_02_0H,2026-08-11 08:00:00,25.0,1.0074,250.1874,16.6275,10.7202,0,75.0,35.0,NORMAL,Synthetic / Demonstration Dataset
C1229,LOT_2026_02,FPGA_XC7A35T,TEST_LOT_2026_02_24H,2026-08-12 08:00:00,125.0,1.0037,250.1949,20.1116,12.4668,24,75.0,35.0,NORMAL,Synthetic / Demonstration Dataset
C1229,LOT_2026_02,FPGA_XC7A35T,TEST_LOT_2026_02_96H,2026-08-15 08:00:00,125.0,0.9982,250.1518,20.1341,12.4662,96,75.0,35.0,NORMAL,Synthetic / Demonstration Dataset
C1229,LOT_2026_02,FPGA_XC7A35T,TEST_LOT_2026_02_168H,2026-08-18 08:00:00,85.0,0.9889,250.2,18.7075,11.7589,168,75.0,35.0,NORMAL,Synthetic / Demonstration Dataset
C1230,LOT_2026_02,FPGA_XC7A35T,TEST_LOT_2026_02_0H,2026-08-14 08:00:00,25.0,0.9957,250.2071,18.6652,11.7458,0,75.0,35.0,NORMAL,Synthetic / Demonstration Dataset
C1230,LOT_2026_02,FPGA_XC7A35T,TEST_LOT_2026_02_24H,2026-08-15 08:00:00,125.0,0.9917,250.2349,22.745,13.7812,24,75.0,35.0,NORMAL,Synthetic / Demonstration Dataset
C1230,LOT_2026_02,FPGA_XC7A35T,TEST_LOT_2026_02_96H,2026-08-18 08:00:00,125.0,0.9791,250.2356,22.7608,13.8335,96,75.0,35.0,NORMAL,Synthetic / Demonstration Dataset
C1230,LOT_2026_02,FPGA_XC7A35T,TEST_LOT_2026_02_168H,2026-08-21 08:00:00,85.0,0.9927,250.2306,21.1917,13.0034,168,75.0,35.0,NORMAL,Synthetic / Demonstration Dataset
C1231,LOT_2026_02,FPGA_XC7A35T,TEST_LOT_2026_02_0H,2026-08-14 08:00:00,25.0,0.9874,250.2314,19.4849,12.1566,0,75.0,35.0,NORMAL,Synthetic / Demonstration Dataset
C1231,LOT_2026_02,FPGA_XC7A35T,TEST_LOT_2026_02_24H,2026-08-15 08:00:00,125.0,1.0034,250.2874,23.5878,14.2148,24,75.0,35.0,NORMAL,Synthetic / Demonstration Dataset
C1231,LOT_2026_02,FPGA_XC7A35T,TEST_LOT_2026_02_96H,2026-08-18 08:00:00,125.0,1.0082,250.2301,23.3304,14.067,96,75.0,35.0,NORMAL,Synthetic / Demonstration Dataset
C1231,LOT_2026_02,FPGA_XC7A35T,TEST_LOT_2026_02_168H,2026-08-21 08:00:00,85.0,0.9985,250.2826,22.3039,13.55,168,75.0,35.0,NORMAL,Synthetic / Demonstration Dataset
C1232,LOT_2026_02,FPGA_XC7A35T,TEST_LOT_2026_02_0H,2026-08-01 08:00:00,25.0,0.9961,250.1575,14.8604,9.8597,0,75.0,35.0,NORMAL,Synthetic / Demonstration Dataset
C1232,LOT_2026_02,FPGA_XC7A35T,TEST_LOT_2026_02_24H,2026-08-02 08:00:00,125.0,0.9915,250.3064,18.2172,11.515,24,75.0,35.0,NORMAL,Synthetic / Demonstration Dataset
C1232,LOT_2026_02,FPGA_XC7A35T,TEST_LOT_2026_02_96H,2026-08-05 08:00:00,125.0,0.9985,250.2132,18.6516,11.7459,96,75.0,35.0,NORMAL,Synthetic / Demonstration Dataset
C1232,LOT_2026_02,FPGA_XC7A35T,TEST_LOT_2026_02_168H,2026-08-08 08:00:00,85.0,1.0106,250.22,17.6374,11.2111,168,75.0,35.0,NORMAL,Synthetic / Demonstration Dataset
C1233,LOT_2026_02,FPGA_XC7A35T,TEST_LOT_2026_02_0H,2026-08-13 08:00:00,25.0,1.0033,250.2062,15.956,10.3726,0,75.0,35.0,GRADUAL_DEGRADE,Synthetic / Demonstration Dataset
C1233,LOT_2026_02,FPGA_XC7A35T,TEST_LOT_2026_02_24H,2026-08-14 08:00:00,125.0,1.0007,250.2409,23.1573,13.9454,24,75.0,35.0,GRADUAL_DEGRADE,Synthetic / Demonstration Dataset
C1233,LOT_2026_02,FPGA_XC7A35T,TEST_LOT_2026_02_96H,2026-08-17 08:00:00,125.0,1.0079,250.3184,32.5409,18.6779,96,75.0,35.0,GRADUAL_DEGRADE,Synthetic / Demonstration Dataset
C1233,LOT_2026_02,FPGA_XC7A35T,TEST_LOT_2026_02_168H,2026-08-20 08:00:00,85.0,0.9898,250.5246,53.9767,29.3889,168,75.0,35.0,GRADUAL_DEGRADE,Synthetic / Demonstration Dataset
C1234,LOT_2026_02,FPGA_XC7A35T,TEST_LOT_2026_02_0H,2026-08-12 08:00:00,25.0,0.9994,250.1768,16.5711,10.6527,0,75.0,35.0,NORMAL,Synthetic / Demonstration Dataset
C1234,LOT_2026_02,FPGA_XC7A35T,TEST_LOT_2026_02_24H,2026-08-13 08:00:00,125.0,0.9728,250.2454,19.8246,12.3126,24,75.0,35.0,NORMAL,Synthetic / Demonstration Dataset
C1234,LOT_2026_02,FPGA_XC7A35T,TEST_LOT_2026_02_96H,2026-08-16 08:00:00,125.0,0.9886,250.2074,20.6226,12.7164,96,75.0,35.0,NORMAL,Synthetic / Demonstration Dataset
C1234,LOT_2026_02,FPGA_XC7A35T,TEST_LOT_2026_02_168H,2026-08-19 08:00:00,85.0,0.9845,250.2749,18.756,11.8116,168,75.0,35.0,NORMAL,Synthetic / Demonstration Dataset
C1235,LOT_2026_02,FPGA_XC7A35T,TEST_LOT_2026_02_0H,2026-08-13 08:00:00,25.0,1.0051,250.1391,16.3356,10.5439,0,75.0,35.0,NORMAL,Synthetic / Demonstration Dataset
C1235,LOT_2026_02,FPGA_XC7A35T,TEST_LOT_2026_02_24H,2026-08-14 08:00:00,125.0,0.9834,250.1885,20.2813,12.5427,24,75.0,35.0,NORMAL,Synthetic / Demonstration Dataset
C1235,LOT_2026_02,FPGA_XC7A35T,TEST_LOT_2026_02_96H,2026-08-17 08:00:00,125.0,1.009,250.122,20.5572,12.6785,96,75.0,35.0,NORMAL,Synthetic / Demonstration Dataset
C1235,LOT_2026_02,FPGA_XC7A35T,TEST_LOT_2026_02_168H,2026-08-20 08:00:00,85.0,0.9977,250.2185,18.7533,11.7428,168,75.0,35.0,NORMAL,Synthetic / Demonstration Dataset
C1236,LOT_2026_02,FPGA_XC7A35T,TEST_LOT_2026_02_0H,2026-08-14 08:00:00,25.0,1.0048,250.1968,16.2822,10.5447,0,75.0,35.0,GRADUAL_DEGRADE,Synthetic / Demonstration Dataset
C1236,LOT_2026_02,FPGA_XC7A35T,TEST_LOT_2026_02_24H,2026-08-15 08:00:00,125.0,0.9971,250.221,27.0759,15.9336,24,75.0,35.0,GRADUAL_DEGRADE,Synthetic / Demonstration Dataset
C1236,LOT_2026_02,FPGA_XC7A35T,TEST_LOT_2026_02_96H,2026-08-18 08:00:00,125.0,0.9877,250.2782,35.2664,20.0681,96,75.0,35.0,GRADUAL_DEGRADE,Synthetic / Demonstration Dataset
C1236,LOT_2026_02,FPGA_XC7A35T,TEST_LOT_2026_02_168H,2026-08-21 08:00:00,85.0,1.0081,250.5164,45.3801,25.0793,168,75.0,35.0,GRADUAL_DEGRADE,Synthetic / Demonstration Dataset
C1237,LOT_2026_02,FPGA_XC7A35T,TEST_LOT_2026_02_0H,2026-08-08 08:00:00,25.0,0.9803,250.1623,15.715,10.3065,0,75.0,35.0,NORMAL,Synthetic / Demonstration Dataset
C1237,LOT_2026_02,FPGA_XC7A35T,TEST_LOT_2026_02_24H,2026-08-09 08:00:00,125.0,0.9998,250.2077,19.1645,11.982,24,75.0,35.0,NORMAL,Synthetic / Demonstration Dataset
C1237,LOT_2026_02,FPGA_XC7A35T,TEST_LOT_2026_02_96H,2026-08-12 08:00:00,125.0,1.0082,250.2005,18.9253,11.8631,96,75.0,35.0,NORMAL,Synthetic / Demonstration Dataset
C1237,LOT_2026_02,FPGA_XC7A35T,TEST_LOT_2026_02_168H,2026-08-15 08:00:00,85.0,1.013,250.2094,17.6118,11.1926,168,75.0,35.0,NORMAL,Synthetic / Demonstration Dataset
C1238,LOT_2026_02,FPGA_XC7A35T,TEST_LOT_2026_02_0H,2026-08-09 08:00:00,25.0,0.995,250.1519,19.1031,11.9333,0,75.0,35.0,NORMAL,Synthetic / Demonstration Dataset
C1238,LOT_2026_02,FPGA_XC7A35T,TEST_LOT_2026_02_24H,2026-08-10 08:00:00,125.0,1.0047,250.1358,22.7387,13.7399,24,75.0,35.0,NORMAL,Synthetic / Demonstration Dataset
C1238,LOT_2026_02,FPGA_XC7A35T,TEST_LOT_2026_02_96H,2026-08-13 08:00:00,125.0,0.9991,250.2178,22.5365,13.6604,96,75.0,35.0,NORMAL,Synthetic / Demonstration Dataset
C1238,LOT_2026_02,FPGA_XC7A35T,TEST_LOT_2026_02_168H,2026-08-16 08:00:00,85.0,0.9883,250.237,21.3764,13.075,168,75.0,35.0,NORMAL,Synthetic / Demonstration Dataset
C1239,LOT_2026_02,FPGA_XC7A35T,TEST_LOT_2026_02_0H,2026-08-01 08:00:00,25.0,0.9911,250.1864,17.7322,11.2974,0,75.0,35.0,NORMAL,Synthetic / Demonstration Dataset
C1239,LOT_2026_02,FPGA_XC7A35T,TEST_LOT_2026_02_24H,2026-08-02 08:00:00,125.0,0.9959,250.2295,21.6593,13.2239,24,75.0,35.0,NORMAL,Synthetic / Demonstration Dataset
C1239,LOT_2026_02,FPGA_XC7A35T,TEST_LOT_2026_02_96H,2026-08-05 08:00:00,125.0,0.9967,250.2082,21.6415,13.2258,96,75.0,35.0,NORMAL,Synthetic / Demonstration Dataset
C1239,LOT_2026_02,FPGA_XC7A35T,TEST_LOT_2026_02_168H,2026-08-08 08:00:00,85.0,0.9898,250.1292,19.863,12.2931,168,75.0,35.0,NORMAL,Synthetic / Demonstration Dataset
C1240,LOT_2026_02,FPGA_XC7A35T,TEST_LOT_2026_02_0H,2026-08-13 08:00:00,25.0,1.0016,250.102,14.6649,9.7448,0,75.0,35.0,NORMAL,Synthetic / Demonstration Dataset
C1240,LOT_2026_02,FPGA_XC7A35T,TEST_LOT_2026_02_24H,2026-08-14 08:00:00,125.0,0.9803,250.2112,17.8462,11.3426,24,75.0,35.0,NORMAL,Synthetic / Demonstration Dataset
C1240,LOT_2026_02,FPGA_XC7A35T,TEST_LOT_2026_02_96H,2026-08-17 08:00:00,125.0,1.0042,250.1332,17.6001,11.2024,96,75.0,35.0,NORMAL,Synthetic / Demonstration Dataset
C1240,LOT_2026_02,FPGA_XC7A35T,TEST_LOT_2026_02_168H,2026-08-20 08:00:00,85.0,0.9821,250.1439,16.3062,10.5501,168,75.0,35.0,NORMAL,Synthetic / Demonstration Dataset
C1241,LOT_2026_03,MICRO_ATMEGA328P,TEST_LOT_2026_03_0H,2026-08-05 08:00:00,25.0,4.98,12.552,3.8539,64.3989,0,30.0,15.0,GRADUAL_DEGRADE,Synthetic / Demonstration Dataset
C1241,LOT_2026_03,MICRO_ATMEGA328P,TEST_LOT_2026_03_24H,2026-08-06 08:00:00,125.0,5.0091,12.6225,6.2667,64.7108,24,30.0,15.0,GRADUAL_DEGRADE,Synthetic / Demonstration Dataset
C1241,LOT_2026_03,MICRO_ATMEGA328P,TEST_LOT_2026_03_96H,2026-08-09 08:00:00,125.0,5.0591,12.6016,7.7548,66.2508,96,30.0,15.0,GRADUAL_DEGRADE,Synthetic / Demonstration Dataset
C1241,LOT_2026_03,MICRO_ATMEGA328P,TEST_LOT_2026_03_168H,2026-08-12 08:00:00,85.0,4.9736,12.5443,11.4426,69.0464,168,30.0,15.0,GRADUAL_DEGRADE,Synthetic / Demonstration Dataset
C1242,LOT_2026_03,MICRO_ATMEGA328P,TEST_LOT_2026_03_0H,2026-08-01 08:00:00,25.0,5.0619,12.7918,27.2821,75.536,0,30.0,15.0,SEVERE_FAILURE,Synthetic / Demonstration Dataset
C1242,LOT_2026_03,MICRO_ATMEGA328P,TEST_LOT_2026_03_24H,2026-08-02 08:00:00,125.0,4.9845,12.8949,42.56,83.3364,24,30.0,15.0,SEVERE_FAILURE,Synthetic / Demonstration Dataset
C1242,LOT_2026_03,MICRO_ATMEGA328P,TEST_LOT_2026_03_96H,2026-08-05 08:00:00,125.0,5.0489,13.0207,58.9293,92.9701,96,30.0,15.0,SEVERE_FAILURE,Synthetic / Demonstration Dataset
C1242,LOT_2026_03,MICRO_ATMEGA328P,TEST_LOT_2026_03_168H,2026-08-08 08:00:00,85.0,5.0414,13.3184,76.3898,100.4056,168,30.0,15.0,SEVERE_FAILURE,Synthetic / Demonstration Dataset
C1243,LOT_2026_03,MICRO_ATMEGA328P,TEST_LOT_2026_03_0H,2026-08-01 08:00:00,25.0,4.9283,12.5206,4.6812,65.1491,0,30.0,15.0,SUDDEN_DEGRADE,Synthetic / Demonstration Dataset
C1243,LOT_2026_03,MICRO_ATMEGA328P,TEST_LOT_2026_03_24H,2026-08-02 08:00:00,125.0,4.9836,12.5997,5.96,64.7863,24,30.0,15.0,SUDDEN_DEGRADE,Synthetic / Demonstration Dataset
C1243,LOT_2026_03,MICRO_ATMEGA328P,TEST_LOT_2026_03_96H,2026-08-05 08:00:00,125.0,5.0574,12.5747,14.4507,70.0949,96,30.0,15.0,SUDDEN_DEGRADE,Synthetic / Demonstration Dataset
C1243,LOT_2026_03,MICRO_ATMEGA328P,TEST_LOT_2026_03_168H,2026-08-08 08:00:00,85.0,4.9732,12.7532,26.6353,75.1543,168,30.0,15.0,SUDDEN_DEGRADE,Synthetic / Demonstration Dataset
C1244,LOT_2026_03,MICRO_ATMEGA328P,TEST_LOT_2026_03_0H,2026-08-14 08:00:00,25.0,5.0236,12.537,4.7648,65.2966,0,30.0,15.0,NORMAL,Synthetic / Demonstration Dataset
C1244,LOT_2026_03,MICRO_ATMEGA328P,TEST_LOT_2026_03_24H,2026-08-15 08:00:00,125.0,5.0502,12.5637,5.764,66.3478,24,30.0,15.0,NORMAL,Synthetic / Demonstration Dataset
C1244,LOT_2026_03,MICRO_ATMEGA328P,TEST_LOT_2026_03_96H,2026-08-18 08:00:00,125.0,4.9765,12.548,6.9469,65.8195,96,30.0,15.0,NORMAL,Synthetic / Demonstration Dataset
C1244,LOT_2026_03,MICRO_ATMEGA328P,TEST_LOT_2026_03_168H,2026-08-21 08:00:00,85.0,5.0663,12.5279,6.0514,65.764,168,30.0,15.0,NORMAL,Synthetic / Demonstration Dataset
C1245,LOT_2026_03,MICRO_ATMEGA328P,TEST_LOT_2026_03_0H,2026-08-15 08:00:00,25.0,5.0309,12.6224,4.6924,64.696,0,30.0,15.0,NORMAL,Synthetic / Demonstration Dataset
C1245,LOT_2026_03,MICRO_ATMEGA328P,TEST_LOT_2026_03_24H,2026-08-16 08:00:00,125.0,5.0372,12.5131,5.4701,65.1456,24,30.0,15.0,NORMAL,Synthetic / Demonstration Dataset
C1245,LOT_2026_03,MICRO_ATMEGA328P,TEST_LOT_2026_03_96H,2026-08-19 08:00:00,125.0,5.0149,12.5577,6.2742,65.2772,96,30.0,15.0,NORMAL,Synthetic / Demonstration Dataset
C1245,LOT_2026_03,MICRO_ATMEGA328P,TEST_LOT_2026_03_168H,2026-08-22 08:00:00,85.0,5.0349,12.5314,4.4044,65.648,168,30.0,15.0,NORMAL,Synthetic / Demonstration Dataset
C1246,LOT_2026_03,MICRO_ATMEGA328P,TEST_LOT_2026_03_0H,2026-08-09 08:00:00,25.0,4.9729,12.6045,5.1196,65.7792,0,30.0,15.0,NORMAL,Synthetic / Demonstration Dataset
C1246,LOT_2026_03,MICRO_ATMEGA328P,TEST_LOT_2026_03_24H,2026-08-10 08:00:00,125.0,5.0597,12.5355,6.3309,65.7652,24,30.0,15.0,NORMAL,Synthetic / Demonstration Dataset
C1246,LOT_2026_03,MICRO_ATMEGA328P,TEST_LOT_2026_03_96H,2026-08-13 08:00:00,125.0,5.0392,12.5982,6.7092,65.6467,96,30.0,15.0,NORMAL,Synthetic / Demonstration Dataset
C1246,LOT_2026_03,MICRO_ATMEGA328P,TEST_LOT_2026_03_168H,2026-08-16 08:00:00,85.0,4.9938,12.5383,6.6719,65.4895,168,30.0,15.0,NORMAL,Synthetic / Demonstration Dataset
C1247,LOT_2026_03,MICRO_ATMEGA328P,TEST_LOT_2026_03_0H,2026-08-07 08:00:00,25.0,4.9629,12.6281,6.3532,64.9669,0,30.0,15.0,NORMAL,Synthetic / Demonstration Dataset
C1247,LOT_2026_03,MICRO_ATMEGA328P,TEST_LOT_2026_03_24H,2026-08-08 08:00:00,125.0,5.0149,12.6609,7.9809,66.0814,24,30.0,15.0,NORMAL,Synthetic / Demonstration Dataset
C1247,LOT_2026_03,MICRO_ATMEGA328P,TEST_LOT_2026_03_96H,2026-08-11 08:00:00,125.0,4.9942,12.6597,7.6487,65.7718,96,30.0,15.0,NORMAL,Synthetic / Demonstration Dataset
C1247,LOT_2026_03,MICRO_ATMEGA328P,TEST_LOT_2026_03_168H,2026-08-14 08:00:00,85.0,5.003,12.6115,6.4039,65.0683,168,30.0,15.0,NORMAL,Synthetic / Demonstration Dataset
C1248,LOT_2026_03,MICRO_ATMEGA328P,TEST_LOT_2026_03_0H,2026-08-11 08:00:00,25.0,4.9482,12.5475,5.4795,65.7102,0,30.0,15.0,NORMAL,Synthetic / Demonstration Dataset
C1248,LOT_2026_03,MICRO_ATMEGA328P,TEST_LOT_2026_03_24H,2026-08-12 08:00:00,125.0,5.0091,12.6261,6.5304,66.0614,24,30.0,15.0,NORMAL,Synthetic / Demonstration Dataset
C1248,LOT_2026_03,MICRO_ATMEGA328P,TEST_LOT_2026_03_96H,2026-08-15 08:00:00,125.0,5.0759,12.5997,6.676,64.6752,96,30.0,15.0,NORMAL,Synthetic / Demonstration Dataset
C1248,LOT_2026_03,MICRO_ATMEGA328P,TEST_LOT_2026_03_168H,2026-08-18 08:00:00,85.0,4.9714,12.5796,6.9722,66.6161,168,30.0,15.0,NORMAL,Synthetic / Demonstration Dataset
C1249,LOT_2026_03,MICRO_ATMEGA328P,TEST_LOT_2026_03_0H,2026-08-13 08:00:00,25.0,4.9177,12.6189,4.3615,65.4086,0,30.0,15.0,NORMAL,Synthetic / Demonstration Dataset
C1249,LOT_2026_03,MICRO_ATMEGA328P,TEST_LOT_2026_03_24H,2026-08-14 08:00:00,125.0,5.0427,12.5361,5.4528,65.287,24,30.0,15.0,NORMAL,Synthetic / Demonstration Dataset
C1249,LOT_2026_03,MICRO_ATMEGA328P,TEST_LOT_2026_03_96H,2026-08-17 08:00:00,125.0,4.9836,12.5734,5.5418,64.5158,96,30.0,15.0,NORMAL,Synthetic / Demonstration Dataset
C1249,LOT_2026_03,MICRO_ATMEGA328P,TEST_LOT_2026_03_168H,2026-08-20 08:00:00,85.0,5.0157,12.6441,5.2201,64.3804,168,30.0,15.0,NORMAL,Synthetic / Demonstration Dataset
C1250,LOT_2026_03,MICRO_ATMEGA328P,TEST_LOT_2026_03_0H,2026-08-14 08:00:00,25.0,5.0315,12.4583,5.2176,65.3654,0,30.0,15.0,NORMAL,Synthetic / Demonstration Dataset
C1250,LOT_2026_03,MICRO_ATMEGA328P,TEST_LOT_2026_03_24H,2026-08-15 08:00:00,125.0,5.0294,12.5629,6.7124,66.0645,24,30.0,15.0,NORMAL,Synthetic / Demonstration Dataset
C1250,LOT_2026_03,MICRO_ATMEGA328P,TEST_LOT_2026_03_96H,2026-08-18 08:00:00,125.0,4.9155,12.5765,6.6823,65.6117,96,30.0,15.0,NORMAL,Synthetic / Demonstration Dataset
C1250,LOT_2026_03,MICRO_ATMEGA328P,TEST_LOT_2026_03_168H,2026-08-21 08:00:00,85.0,5.1242,12.6224,5.976,64.7691,168,30.0,15.0,NORMAL,Synthetic / Demonstration Dataset
C1251,LOT_2026_03,MICRO_ATMEGA328P,TEST_LOT_2026_03_0H,2026-08-03 08:00:00,25.0,5.0729,12.476,5.0785,65.0873,0,30.0,15.0,NORMAL,Synthetic / Demonstration Dataset
C1251,LOT_2026_03,MICRO_ATMEGA328P,TEST_LOT_2026_03_24H,2026-08-04 08:00:00,125.0,4.9363,12.5826,6.3639,66.3796,24,30.0,15.0,NORMAL,Synthetic / Demonstration Dataset
C1251,LOT_2026_03,MICRO_ATMEGA328P,TEST_LOT_2026_03_96H,2026-08-07 08:00:00,125.0,4.9875,12.6951,6.9971,64.7123,96,30.0,15.0,NORMAL,Synthetic / Demonstration Dataset
C1251,LOT_2026_03,MICRO_ATMEGA328P,TEST_LOT_2026_03_168H,2026-08-10 08:00:00,85.0,4.9294,12.5675,6.2955,65.3215,168,30.0,15.0,NORMAL,Synthetic / Demonstration Dataset
C1252,LOT_2026_03,MICRO_ATMEGA328P,TEST_LOT_2026_03_0H,2026-08-02 08:00:00,25.0,4.9937,12.5108,5.2067,64.6281,0,30.0,15.0,NORMAL,Synthetic / Demonstration Dataset
C1252,LOT_2026_03,MICRO_ATMEGA328P,TEST_LOT_2026_03_24H,2026-08-03 08:00:00,125.0,5.0222,12.4844,6.9518,66.3201,24,30.0,15.0,NORMAL,Synthetic / Demonstration Dataset
C1252,LOT_2026_03,MICRO_ATMEGA328P,TEST_LOT_2026_03_96H,2026-08-06 08:00:00,125.0,5.0002,12.6064,6.5379,66.5085,96,30.0,15.0,NORMAL,Synthetic / Demonstration Dataset
C1252,LOT_2026_03,MICRO_ATMEGA328P,TEST_LOT_2026_03_168H,2026-08-09 08:00:00,85.0,4.9985,12.5316,5.8947,65.8204,168,30.0,15.0,NORMAL,Synthetic / Demonstration Dataset
C1253,LOT_2026_03,MICRO_ATMEGA328P,TEST_LOT_2026_03_0H,2026-08-12 08:00:00,25.0,4.9884,12.8386,25.644,75.5474,0,30.0,15.0,SEVERE_FAILURE,Synthetic / Demonstration Dataset
C1253,LOT_2026_03,MICRO_ATMEGA328P,TEST_LOT_2026_03_24H,2026-08-13 08:00:00,125.0,4.9568,12.8985,40.0047,82.5136,24,30.0,15.0,SEVERE_FAILURE,Synthetic / Demonstration Dataset
C1253,LOT_2026_03,MICRO_ATMEGA328P,TEST_LOT_2026_03_96H,2026-08-16 08:00:00,125.0,5.0236,12.9856,55.3911,90.5659,96,30.0,15.0,SEVERE_FAILURE,Synthetic / Demonstration Dataset
C1253,LOT_2026_03,MICRO_ATMEGA328P,TEST_LOT_2026_03_168H,2026-08-19 08:00:00,85.0,4.8648,13.1865,71.8033,98.0965,168,30.0,15.0,SEVERE_FAILURE,Synthetic / Demonstration Dataset
C1254,LOT_2026_03,MICRO_ATMEGA328P,TEST_LOT_2026_03_0H,2026-08-03 08:00:00,25.0,5.0011,12.4828,5.3078,64.5383,0,30.0,15.0,NORMAL,Synthetic / Demonstration Dataset
C1254,LOT_2026_03,MICRO_ATMEGA328P,TEST_LOT_2026_03_24H,2026-08-04 08:00:00,125.0,4.996,12.5376,6.6571,65.528,24,30.0,15.0,NORMAL,Synthetic / Demonstration Dataset
C1254,LOT_2026_03,MICRO_ATMEGA328P,TEST_LOT_2026_03_96H,2026-08-07 08:00:00,125.0,4.9741,12.5654,6.98,67.3462,96,30.0,15.0,NORMAL,Synthetic / Demonstration Dataset
C1254,LOT_2026_03,MICRO_ATMEGA328P,TEST_LOT_2026_03_168H,2026-08-10 08:00:00,85.0,4.9074,12.5967,5.755,64.9533,168,30.0,15.0,NORMAL,Synthetic / Demonstration Dataset
C1255,LOT_2026_03,MICRO_ATMEGA328P,TEST_LOT_2026_03_0H,2026-08-02 08:00:00,25.0,4.9841,12.5426,8.1612,66.4182,0,30.0,15.0,LOT_ANOMALY,Synthetic / Demonstration Dataset
C1255,LOT_2026_03,MICRO_ATMEGA328P,TEST_LOT_2026_03_24H,2026-08-03 08:00:00,125.0,5.0401,12.6528,10.9689,67.0993,24,30.0,15.0,LOT_ANOMALY,Synthetic / Demonstration Dataset
C1255,LOT_2026_03,MICRO_ATMEGA328P,TEST_LOT_2026_03_96H,2026-08-06 08:00:00,125.0,4.858,12.5639,10.4408,68.3184,96,30.0,15.0,LOT_ANOMALY,Synthetic / Demonstration Dataset
C1255,LOT_2026_03,MICRO_ATMEGA328P,TEST_LOT_2026_03_168H,2026-08-09 08:00:00,85.0,4.9889,12.61,11.11,67.6244,168,30.0,15.0,LOT_ANOMALY,Synthetic / Demonstration Dataset
C1256,LOT_2026_03,MICRO_ATMEGA328P,TEST_LOT_2026_03_0H,2026-08-08 08:00:00,25.0,5.0383,12.4689,4.965,65.1698,0,30.0,15.0,NORMAL,Synthetic / Demonstration Dataset
C1256,LOT_2026_03,MICRO_ATMEGA328P,TEST_LOT_2026_03_24H,2026-08-09 08:00:00,125.0,4.9792,12.5993,6.4217,67.47,24,30.0,15.0,NORMAL,Synthetic / Demonstration Dataset
C1256,LOT_2026_03,MICRO_ATMEGA328P,TEST_LOT_2026_03_96H,2026-08-12 08:00:00,125.0,5.0197,12.5259,6.2804,65.7535,96,30.0,15.0,NORMAL,Synthetic / Demonstration Dataset
C1256,LOT_2026_03,MICRO_ATMEGA328P,TEST_LOT_2026_03_168H,2026-08-15 08:00:00,85.0,5.0097,12.5112,6.215,65.7365,168,30.0,15.0,NORMAL,Synthetic / Demonstration Dataset
C1257,LOT_2026_03,MICRO_ATMEGA328P,TEST_LOT_2026_03_0H,2026-08-01 08:00:00,25.0,5.0224,12.6078,5.9709,65.3373,0,30.0,15.0,NORMAL,Synthetic / Demonstration Dataset
C1257,LOT_2026_03,MICRO_ATMEGA328P,TEST_LOT_2026_03_24H,2026-08-02 08:00:00,125.0,5.014,12.5283,7.5851,66.4916,24,30.0,15.0,NORMAL,Synthetic / Demonstration Dataset
C1257,LOT_2026_03,MICRO_ATMEGA328P,TEST_LOT_2026_03_96H,2026-08-05 08:00:00,125.0,4.9684,12.5811,7.1681,66.2698,96,30.0,15.0,NORMAL,Synthetic / Demonstration Dataset
C1257,LOT_2026_03,MICRO_ATMEGA328P,TEST_LOT_2026_03_168H,2026-08-08 08:00:00,85.0,5.0527,12.5946,6.6027,65.3609,168,30.0,15.0,NORMAL,Synthetic / Demonstration Dataset
C1258,LOT_2026_03,MICRO_ATMEGA328P,TEST_LOT_2026_03_0H,2026-08-08 08:00:00,25.0,4.9928,12.5134,3.5711,64.3563,0,30.0,15.0,NORMAL,Synthetic / Demonstration Dataset
C1258,LOT_2026_03,MICRO_ATMEGA328P,TEST_LOT_2026_03_24H,2026-08-09 08:00:00,125.0,4.8996,12.525,4.4382,64.5281,24,30.0,15.0,NORMAL,Synthetic / Demonstration Dataset
C1258,LOT_2026_03,MICRO_ATMEGA328P,TEST_LOT_2026_03_96H,2026-08-12 08:00:00,125.0,4.9651,12.6327,4.8734,63.7419,96,30.0,15.0,NORMAL,Synthetic / Demonstration Dataset
C1258,LOT_2026_03,MICRO_ATMEGA328P,TEST_LOT_2026_03_168H,2026-08-15 08:00:00,85.0,4.9888,12.5933,5.035,65.0674,168,30.0,15.0,NORMAL,Synthetic / Demonstration Dataset
C1259,LOT_2026_03,MICRO_ATMEGA328P,TEST_LOT_2026_03_0H,2026-08-04 08:00:00,25.0,4.9806,12.5022,5.7128,66.2442,0,30.0,15.0,NORMAL,Synthetic / Demonstration Dataset
C1259,LOT_2026_03,MICRO_ATMEGA328P,TEST_LOT_2026_03_24H,2026-08-05 08:00:00,125.0,5.0111,12.6324,7.0681,65.3891,24,30.0,15.0,NORMAL,Synthetic / Demonstration Dataset
C1259,LOT_2026_03,MICRO_ATMEGA328P,TEST_LOT_2026_03_96H,2026-08-08 08:00:00,125.0,4.9705,12.5677,7.4297,66.26,96,30.0,15.0,NORMAL,Synthetic / Demonstration Dataset
C1259,LOT_2026_03,MICRO_ATMEGA328P,TEST_LOT_2026_03_168H,2026-08-11 08:00:00,85.0,4.9611,12.6293,6.1742,66.141,168,30.0,15.0,NORMAL,Synthetic / Demonstration Dataset
C1260,LOT_2026_03,MICRO_ATMEGA328P,TEST_LOT_2026_03_0H,2026-08-07 08:00:00,25.0,5.0122,12.5328,4.751,65.7234,0,30.0,15.0,NORMAL,Synthetic / Demonstration Dataset
C1260,LOT_2026_03,MICRO_ATMEGA328P,TEST_LOT_2026_03_24H,2026-08-08 08:00:00,125.0,5.0116,12.6162,5.8932,64.9607,24,30.0,15.0,NORMAL,Synthetic / Demonstration Dataset
C1260,LOT_2026_03,MICRO_ATMEGA328P,TEST_LOT_2026_03_96H,2026-08-11 08:00:00,125.0,4.9235,12.6477,6.6224,65.5783,96,30.0,15.0,NORMAL,Synthetic / Demonstration Dataset
C1260,LOT_2026_03,MICRO_ATMEGA328P,TEST_LOT_2026_03_168H,2026-08-14 08:00:00,85.0,4.9055,12.5339,5.6604,64.6803,168,30.0,15.0,NORMAL,Synthetic / Demonstration Dataset
C1261,LOT_2026_03,MICRO_ATMEGA328P,TEST_LOT_2026_03_0H,2026-08-09 08:00:00,25.0,4.9931,12.591,4.315,64.7873,0,30.0,15.0,NORMAL,Synthetic / Demonstration Dataset
C1261,LOT_2026_03,MICRO_ATMEGA328P,TEST_LOT_2026_03_24H,2026-08-10 08:00:00,125.0,4.9452,12.5109,5.4919,66.3702,24,30.0,15.0,NORMAL,Synthetic / Demonstration Dataset
C1261,LOT_2026_03,MICRO_ATMEGA328P,TEST_LOT_2026_03_96H,2026-08-13 08:00:00,125.0,5.0828,12.5406,5.2734,65.1381,96,30.0,15.0,NORMAL,Synthetic / Demonstration Dataset
C1261,LOT_2026_03,MICRO_ATMEGA328P,TEST_LOT_2026_03_168H,2026-08-16 08:00:00,85.0,5.0636,12.5521,5.7604,65.1375,168,30.0,15.0,NORMAL,Synthetic / Demonstration Dataset
C1262,LOT_2026_03,MICRO_ATMEGA328P,TEST_LOT_2026_03_0H,2026-08-06 08:00:00,25.0,5.0169,12.5921,4.7564,64.8809,0,30.0,15.0,NORMAL,Synthetic / Demonstration Dataset
C1262,LOT_2026_03,MICRO_ATMEGA328P,TEST_LOT_2026_03_24H,2026-08-07 08:00:00,125.0,5.0819,12.58,6.0962,65.7429,24,30.0,15.0,NORMAL,Synthetic / Demonstration Dataset
C1262,LOT_2026_03,MICRO_ATMEGA328P,TEST_LOT_2026_03_96H,2026-08-10 08:00:00,125.0,4.8685,12.5746,5.5209,65.2012,96,30.0,15.0,NORMAL,Synthetic / Demonstration Dataset
C1262,LOT_2026_03,MICRO_ATMEGA328P,TEST_LOT_2026_03_168H,2026-08-13 08:00:00,85.0,5.0122,12.5524,5.5446,65.9771,168,30.0,15.0,NORMAL,Synthetic / Demonstration Dataset
C1263,LOT_2026_03,MICRO_ATMEGA328P,TEST_LOT_2026_03_0H,2026-08-04 08:00:00,25.0,4.9627,12.5982,4.87,64.7993,0,30.0,15.0,NORMAL,Synthetic / Demonstration Dataset
C1263,LOT_2026_03,MICRO_ATMEGA328P,TEST_LOT_2026_03_24H,2026-08-05 08:00:00,125.0,4.9761,12.5296,6.2104,65.6578,24,30.0,15.0,NORMAL,Synthetic / Demonstration Dataset
C1263,LOT_2026_03,MICRO_ATMEGA328P,TEST_LOT_2026_03_96H,2026-08-08 08:00:00,125.0,5.024,12.5487,6.2087,64.4566,96,30.0,15.0,NORMAL,Synthetic / Demonstration Dataset
C1263,LOT_2026_03,MICRO_ATMEGA328P,TEST_LOT_2026_03_168H,2026-08-11 08:00:00,85.0,5.0397,12.5422,5.7086,65.2003,168,30.0,15.0,NORMAL,Synthetic / Demonstration Dataset
C1264,LOT_2026_03,MICRO_ATMEGA328P,TEST_LOT_2026_03_0H,2026-08-06 08:00:00,25.0,4.9644,12.4788,5.5903,65.1947,0,30.0,15.0,NORMAL,Synthetic / Demonstration Dataset
C1264,LOT_2026_03,MICRO_ATMEGA328P,TEST_LOT_2026_03_24H,2026-08-07 08:00:00,125.0,4.9517,12.5596,6.8321,66.2232,24,30.0,15.0,NORMAL,Synthetic / Demonstration Dataset
C1264,LOT_2026_03,MICRO_ATMEGA328P,TEST_LOT_2026_03_96H,2026-08-10 08:00:00,125.0,5.0153,12.6613,7.065,65.8182,96,30.0,15.0,NORMAL,Synthetic / Demonstration Dataset
C1264,LOT_2026_03,MICRO_ATMEGA328P,TEST_LOT_2026_03_168H,2026-08-13 08:00:00,85.0,4.9745,12.526,6.8338,65.5513,168,30.0,15.0,NORMAL,Synthetic / Demonstration Dataset
C1265,LOT_2026_03,MICRO_ATMEGA328P,TEST_LOT_2026_03_0H,2026-08-04 08:00:00,25.0,5.018,12.6616,4.4182,64.2615,0,30.0,15.0,SENSOR_NOISE,Synthetic / Demonstration Dataset
C1265,LOT_2026_03,MICRO_ATMEGA328P,TEST_LOT_2026_03_24H,2026-08-05 08:00:00,125.0,4.9968,12.5742,5.4418,65.3856,24,30.0,15.0,SENSOR_NOISE,Synthetic / Demonstration Dataset
C1265,LOT_2026_03,MICRO_ATMEGA328P,TEST_LOT_2026_03_96H,2026-08-08 08:00:00,125.0,4.8787,12.4419,6.1241,65.2521,96,30.0,15.0,SENSOR_NOISE,Synthetic / Demonstration Dataset
C1265,LOT_2026_03,MICRO_ATMEGA328P,TEST_LOT_2026_03_168H,2026-08-11 08:00:00,85.0,4.9217,12.4085,5.8879,65.8009,168,30.0,15.0,SENSOR_NOISE,Synthetic / Demonstration Dataset
C1266,LOT_2026_03,MICRO_ATMEGA328P,TEST_LOT_2026_03_0H,2026-08-13 08:00:00,25.0,4.9455,12.5007,4.9961,64.392,0,30.0,15.0,NORMAL,Synthetic / Demonstration Dataset
C1266,LOT_2026_03,MICRO_ATMEGA328P,TEST_LOT_2026_03_24H,2026-08-14 08:00:00,125.0,4.9687,12.5873,6.2618,63.8468,24,30.0,15.0,NORMAL,Synthetic / Demonstration Dataset
C1266,LOT_2026_03,MICRO_ATMEGA328P,TEST_LOT_2026_03_96H,2026-08-17 08:00:00,125.0,4.9437,12.5477,6.0468,65.1871,96,30.0,15.0,NORMAL,Synthetic / Demonstration Dataset
C1266,LOT_2026_03,MICRO_ATMEGA328P,TEST_LOT_2026_03_168H,2026-08-20 08:00:00,85.0,4.907,12.5663,6.4011,66.0495,168,30.0,15.0,NORMAL,Synthetic / Demonstration Dataset
C1267,LOT_2026_03,MICRO_ATMEGA328P,TEST_LOT_2026_03_0H,2026-08-07 08:00:00,25.0,4.9759,12.5791,6.2865,64.5158,0,30.0,15.0,NORMAL,Synthetic / Demonstration Dataset
C1267,LOT_2026_03,MICRO_ATMEGA328P,TEST_LOT_2026_03_24H,2026-08-08 08:00:00,125.0,5.0422,12.5718,7.2097,66.8414,24,30.0,15.0,NORMAL,Synthetic / Demonstration Dataset
C1267,LOT_2026_03,MICRO_ATMEGA328P,TEST_LOT_2026_03_96H,2026-08-11 08:00:00,125.0,5.026,12.6675,7.4093,66.467,96,30.0,15.0,NORMAL,Synthetic / Demonstration Dataset
C1267,LOT_2026_03,MICRO_ATMEGA328P,TEST_LOT_2026_03_168H,2026-08-14 08:00:00,85.0,5.0004,12.4976,7.6128,67.1536,168,30.0,15.0,NORMAL,Synthetic / Demonstration Dataset
C1268,LOT_2026_03,MICRO_ATMEGA328P,TEST_LOT_2026_03_0H,2026-08-08 08:00:00,25.0,5.0252,12.465,4.3125,63.9191,0,30.0,15.0,NORMAL,Synthetic / Demonstration Dataset
C1268,LOT_2026_03,MICRO_ATMEGA328P,TEST_LOT_2026_03_24H,2026-08-09 08:00:00,125.0,4.9826,12.6303,5.7594,65.3308,24,30.0,15.0,NORMAL,Synthetic / Demonstration Dataset
C1268,LOT_2026_03,MICRO_ATMEGA328P,TEST_LOT_2026_03_96H,2026-08-12 08:00:00,125.0,5.0446,12.5192,4.8719,65.3726,96,30.0,15.0,NORMAL,Synthetic / Demonstration Dataset
C1268,LOT_2026_03,MICRO_ATMEGA328P,TEST_LOT_2026_03_168H,2026-08-15 08:00:00,85.0,4.9228,12.5611,5.2893,66.5173,168,30.0,15.0,NORMAL,Synthetic / Demonstration Dataset
C1269,LOT_2026_03,MICRO_ATMEGA328P,TEST_LOT_2026_03_0H,2026-08-10 08:00:00,25.0,4.9971,12.6057,5.1955,65.2294,0,30.0,15.0,NORMAL,Synthetic / Demonstration Dataset
C1269,LOT_2026_03,MICRO_ATMEGA328P,TEST_LOT_2026_03_24H,2026-08-11 08:00:00,125.0,4.9454,12.5769,6.5249,66.4096,24,30.0,15.0,NORMAL,Synthetic / Demonstration Dataset
C1269,LOT_2026_03,MICRO_ATMEGA328P,TEST_LOT_2026_03_96H,2026-08-14 08:00:00,125.0,5.0712,12.5584,6.2937,65.092,96,30.0,15.0,NORMAL,Synthetic / Demonstration Dataset
C1269,LOT_2026_03,MICRO_ATMEGA328P,TEST_LOT_2026_03_168H,2026-08-17 08:00:00,85.0,4.9857,12.6051,6.714,65.6746,168,30.0,15.0,NORMAL,Synthetic / Demonstration Dataset
C1270,LOT_2026_03,MICRO_ATMEGA328P,TEST_LOT_2026_03_0H,2026-08-04 08:00:00,25.0,5.0247,12.5621,4.7533,63.6294,0,30.0,15.0,GRADUAL_DEGRADE,Synthetic / Demonstration Dataset
C1270,LOT_2026_03,MICRO_ATMEGA328P,TEST_LOT_2026_03_24H,2026-08-05 08:00:00,125.0,5.047,12.5313,7.6294,65.3313,24,30.0,15.0,GRADUAL_DEGRADE,Synthetic / Demonstration Dataset
C1270,LOT_2026_03,MICRO_ATMEGA328P,TEST_LOT_2026_03_96H,2026-08-08 08:00:00,125.0,4.9389,12.4974,9.8465,67.3599,96,30.0,15.0,GRADUAL_DEGRADE,Synthetic / Demonstration Dataset
C1270,LOT_2026_03,MICRO_ATMEGA328P,TEST_LOT_2026_03_168H,2026-08-11 08:00:00,85.0,4.934,12.5298,13.5957,69.4789,168,30.0,15.0,GRADUAL_DEGRADE,Synthetic / Demonstration Dataset
C1271,LOT_2026_03,MICRO_ATMEGA328P,TEST_LOT_2026_03_0H,2026-08-02 08:00:00,25.0,5.0023,12.6206,8.1612,65.8866,0,30.0,15.0,LOT_ANOMALY,Synthetic / Demonstration Dataset
C1271,LOT_2026_03,MICRO_ATMEGA328P,TEST_LOT_2026_03_24H,2026-08-03 08:00:00,125.0,5.0765,12.6198,10.667,67.4523,24,30.0,15.0,LOT_ANOMALY,Synthetic / Demonstration Dataset
C1271,LOT_2026_03,MICRO_ATMEGA328P,TEST_LOT_2026_03_96H,2026-08-06 08:00:00,125.0,4.9671,12.5694,11.063,68.4586,96,30.0,15.0,LOT_ANOMALY,Synthetic / Demonstration Dataset
C1271,LOT_2026_03,MICRO_ATMEGA328P,TEST_LOT_2026_03_168H,2026-08-09 08:00:00,85.0,5.0603,12.5853,10.7426,67.6581,168,30.0,15.0,LOT_ANOMALY,Synthetic / Demonstration Dataset
C1272,LOT_2026_03,MICRO_ATMEGA328P,TEST_LOT_2026_03_0H,2026-08-14 08:00:00,25.0,4.944,12.5842,4.348,66.04,0,30.0,15.0,NORMAL,Synthetic / Demonstration Dataset
C1272,LOT_2026_03,MICRO_ATMEGA328P,TEST_LOT_2026_03_24H,2026-08-15 08:00:00,125.0,4.966,12.5164,5.3658,64.7581,24,30.0,15.0,NORMAL,Synthetic / Demonstration Dataset
C1272,LOT_2026_03,MICRO_ATMEGA328P,TEST_LOT_2026_03_96H,2026-08-18 08:00:00,125.0,4.9641,12.5325,6.1715,64.8105,96,30.0,15.0,NORMAL,Synthetic / Demonstration Dataset
C1272,LOT_2026_03,MICRO_ATMEGA328P,TEST_LOT_2026_03_168H,2026-08-21 08:00:00,85.0,4.9966,12.4976,5.4493,64.6666,168,30.0,15.0,NORMAL,Synthetic / Demonstration Dataset
C1273,LOT_2026_03,MICRO_ATMEGA328P,TEST_LOT_2026_03_0H,2026-08-03 08:00:00,25.0,5.0016,12.5654,6.0275,65.5798,0,30.0,15.0,NORMAL,Synthetic / Demonstration Dataset
C1273,LOT_2026_03,MICRO_ATMEGA328P,TEST_LOT_2026_03_24H,2026-08-04 08:00:00,125.0,4.9477,12.5583,7.8077,66.2983,24,30.0,15.0,NORMAL,Synthetic / Demonstration Dataset
C1273,LOT_2026_03,MICRO_ATMEGA328P,TEST_LOT_2026_03_96H,2026-08-07 08:00:00,125.0,4.9542,12.6221,6.9734,66.4618,96,30.0,15.0,NORMAL,Synthetic / Demonstration Dataset
C1273,LOT_2026_03,MICRO_ATMEGA328P,TEST_LOT_2026_03_168H,2026-08-10 08:00:00,85.0,4.9705,12.5529,7.6186,65.1918,168,30.0,15.0,NORMAL,Synthetic / Demonstration Dataset
C1274,LOT_2026_03,MICRO_ATMEGA328P,TEST_LOT_2026_03_0H,2026-08-11 08:00:00,25.0,5.0548,12.6097,5.5467,66.2759,0,30.0,15.0,NORMAL,Synthetic / Demonstration Dataset
C1274,LOT_2026_03,MICRO_ATMEGA328P,TEST_LOT_2026_03_24H,2026-08-12 08:00:00,125.0,5.0778,12.5599,6.9974,64.8943,24,30.0,15.0,NORMAL,Synthetic / Demonstration Dataset
C1274,LOT_2026_03,MICRO_ATMEGA328P,TEST_LOT_2026_03_96H,2026-08-15 08:00:00,125.0,4.9098,12.5818,7.3259,66.76,96,30.0,15.0,NORMAL,Synthetic / Demonstration Dataset
C1274,LOT_2026_03,MICRO_ATMEGA328P,TEST_LOT_2026_03_168H,2026-08-18 08:00:00,85.0,5.1139,12.4698,6.8056,65.851,168,30.0,15.0,NORMAL,Synthetic / Demonstration Dataset
C1275,LOT_2026_03,MICRO_ATMEGA328P,TEST_LOT_2026_03_0H,2026-08-14 08:00:00,25.0,4.9328,12.4905,4.8151,64.3794,0,30.0,15.0,NORMAL,Synthetic / Demonstration Dataset
C1275,LOT_2026_03,MICRO_ATMEGA328P,TEST_LOT_2026_03_24H,2026-08-15 08:00:00,125.0,4.9946,12.5274,5.7542,65.5758,24,30.0,15.0,NORMAL,Synthetic / Demonstration Dataset
C1275,LOT_2026_03,MICRO_ATMEGA328P,TEST_LOT_2026_03_96H,2026-08-18 08:00:00,125.0,5.0291,12.5432,6.3719,65.8638,96,30.0,15.0,NORMAL,Synthetic / Demonstration Dataset
C1275,LOT_2026_03,MICRO_ATMEGA328P,TEST_LOT_2026_03_168H,2026-08-21 08:00:00,85.0,5.0223,12.656,6.3047,66.2662,168,30.0,15.0,NORMAL,Synthetic / Demonstration Dataset
C1276,LOT_2026_03,MICRO_ATMEGA328P,TEST_LOT_2026_03_0H,2026-08-04 08:00:00,25.0,5.0859,12.457,8.1612,66.641,0,30.0,15.0,LOT_ANOMALY,Synthetic / Demonstration Dataset
C1276,LOT_2026_03,MICRO_ATMEGA328P,TEST_LOT_2026_03_24H,2026-08-05 08:00:00,125.0,4.9938,12.5625,10.2768,67.886,24,30.0,15.0,LOT_ANOMALY,Synthetic / Demonstration Dataset
C1276,LOT_2026_03,MICRO_ATMEGA328P,TEST_LOT_2026_03_96H,2026-08-08 08:00:00,125.0,5.0202,12.5627,10.1254,67.2499,96,30.0,15.0,LOT_ANOMALY,Synthetic / Demonstration Dataset
C1276,LOT_2026_03,MICRO_ATMEGA328P,TEST_LOT_2026_03_168H,2026-08-11 08:00:00,85.0,5.0039,12.6634,11.0661,67.4271,168,30.0,15.0,LOT_ANOMALY,Synthetic / Demonstration Dataset
C1277,LOT_2026_03,MICRO_ATMEGA328P,TEST_LOT_2026_03_0H,2026-08-12 08:00:00,25.0,5.0444,12.5654,4.7366,65.1343,0,30.0,15.0,NORMAL,Synthetic / Demonstration Dataset
C1277,LOT_2026_03,MICRO_ATMEGA328P,TEST_LOT_2026_03_24H,2026-08-13 08:00:00,125.0,4.9797,12.5311,6.1898,65.9549,24,30.0,15.0,NORMAL,Synthetic / Demonstration Dataset
C1277,LOT_2026_03,MICRO_ATMEGA328P,TEST_LOT_2026_03_96H,2026-08-16 08:00:00,125.0,5.0561,12.5784,5.9901,65.1055,96,30.0,15.0,NORMAL,Synthetic / Demonstration Dataset
C1277,LOT_2026_03,MICRO_ATMEGA328P,TEST_LOT_2026_03_168H,2026-08-19 08:00:00,85.0,4.9549,12.6064,5.9046,64.5791,168,30.0,15.0,NORMAL,Synthetic / Demonstration Dataset
C1278,LOT_2026_03,MICRO_ATMEGA328P,TEST_LOT_2026_03_0H,2026-08-15 08:00:00,25.0,5.016,12.5496,5.7788,65.8665,0,30.0,15.0,NORMAL,Synthetic / Demonstration Dataset
C1278,LOT_2026_03,MICRO_ATMEGA328P,TEST_LOT_2026_03_24H,2026-08-16 08:00:00,125.0,5.0665,12.639,7.2973,66.3688,24,30.0,15.0,NORMAL,Synthetic / Demonstration Dataset
C1278,LOT_2026_03,MICRO_ATMEGA328P,TEST_LOT_2026_03_96H,2026-08-19 08:00:00,125.0,4.9729,12.5662,6.9807,66.6664,96,30.0,15.0,NORMAL,Synthetic / Demonstration Dataset
C1278,LOT_2026_03,MICRO_ATMEGA328P,TEST_LOT_2026_03_168H,2026-08-22 08:00:00,85.0,4.9814,12.6596,6.7158,65.7927,168,30.0,15.0,NORMAL,Synthetic / Demonstration Dataset
C1279,LOT_2026_03,MICRO_ATMEGA328P,TEST_LOT_2026_03_0H,2026-08-14 08:00:00,25.0,5.0388,12.5401,4.2934,63.7782,0,30.0,15.0,NORMAL,Synthetic / Demonstration Dataset
C1279,LOT_2026_03,MICRO_ATMEGA328P,TEST_LOT_2026_03_24H,2026-08-15 08:00:00,125.0,4.9626,12.5586,5.6419,65.2783,24,30.0,15.0,NORMAL,Synthetic / Demonstration Dataset
C1279,LOT_2026_03,MICRO_ATMEGA328P,TEST_LOT_2026_03_96H,2026-08-18 08:00:00,125.0,4.8904,12.5392,5.5949,66.0005,96,30.0,15.0,NORMAL,Synthetic / Demonstration Dataset
C1279,LOT_2026_03,MICRO_ATMEGA328P,TEST_LOT_2026_03_168H,2026-08-21 08:00:00,85.0,4.9504,12.6043,5.8235,64.9359,168,30.0,15.0,NORMAL,Synthetic / Demonstration Dataset
C1280,LOT_2026_03,MICRO_ATMEGA328P,TEST_LOT_2026_03_0H,2026-08-09 08:00:00,25.0,4.9839,12.5505,4.5015,65.3766,0,30.0,15.0,NORMAL,Synthetic / Demonstration Dataset
C1280,LOT_2026_03,MICRO_ATMEGA328P,TEST_LOT_2026_03_24H,2026-08-10 08:00:00,125.0,4.9937,12.6054,5.7053,64.851,24,30.0,15.0,NORMAL,Synthetic / Demonstration Dataset
C1280,LOT_2026_03,MICRO_ATMEGA328P,TEST_LOT_2026_03_96H,2026-08-13 08:00:00,125.0,5.0498,12.5838,5.734,65.0756,96,30.0,15.0,NORMAL,Synthetic / Demonstration Dataset
C1280,LOT_2026_03,MICRO_ATMEGA328P,TEST_LOT_2026_03_168H,2026-08-16 08:00:00,85.0,5.0155,12.4692,4.8119,64.7731,168,30.0,15.0,NORMAL,Synthetic / Demonstration Dataset
C1281,LOT_2026_03,MICRO_ATMEGA328P,TEST_LOT_2026_03_0H,2026-08-16 08:00:00,25.0,5.0298,12.4563,5.7443,65.4974,0,30.0,15.0,NORMAL,Synthetic / Demonstration Dataset
C1281,LOT_2026_03,MICRO_ATMEGA328P,TEST_LOT_2026_03_24H,2026-08-17 08:00:00,125.0,4.9363,12.5873,7.0566,65.721,24,30.0,15.0,NORMAL,Synthetic / Demonstration Dataset
C1281,LOT_2026_03,MICRO_ATMEGA328P,TEST_LOT_2026_03_96H,2026-08-20 08:00:00,125.0,5.0062,12.5395,7.0784,66.099,96,30.0,15.0,NORMAL,Synthetic / Demonstration Dataset
C1281,LOT_2026_03,MICRO_ATMEGA328P,TEST_LOT_2026_03_168H,2026-08-23 08:00:00,85.0,4.9731,12.6158,6.6158,66.4921,168,30.0,15.0,NORMAL,Synthetic / Demonstration Dataset
C1282,LOT_2026_03,MICRO_ATMEGA328P,TEST_LOT_2026_03_0H,2026-08-09 08:00:00,25.0,5.0374,12.6043,3.4342,65.1905,0,30.0,15.0,NORMAL,Synthetic / Demonstration Dataset
C1282,LOT_2026_03,MICRO_ATMEGA328P,TEST_LOT_2026_03_24H,2026-08-10 08:00:00,125.0,4.9471,12.5764,4.486,64.1997,24,30.0,15.0,NORMAL,Synthetic / Demonstration Dataset
C1282,LOT_2026_03,MICRO_ATMEGA328P,TEST_LOT_2026_03_96H,2026-08-13 08:00:00,125.0,5.0192,12.5033,4.3576,63.9623,96,30.0,15.0,NORMAL,Synthetic / Demonstration Dataset
C1282,LOT_2026_03,MICRO_ATMEGA328P,TEST_LOT_2026_03_168H,2026-08-16 08:00:00,85.0,5.0934,12.6072,4.503,65.1935,168,30.0,15.0,NORMAL,Synthetic / Demonstration Dataset
C1283,LOT_2026_03,MICRO_ATMEGA328P,TEST_LOT_2026_03_0H,2026-08-08 08:00:00,25.0,5.0319,12.5783,5.5845,65.8539,0,30.0,15.0,NORMAL,Synthetic / Demonstration Dataset
C1283,LOT_2026_03,MICRO_ATMEGA328P,TEST_LOT_2026_03_24H,2026-08-09 08:00:00,125.0,5.01,12.5621,6.613,65.8558,24,30.0,15.0,NORMAL,Synthetic / Demonstration Dataset
C1283,LOT_2026_03,MICRO_ATMEGA328P,TEST_LOT_2026_03_96H,2026-08-12 08:00:00,125.0,5.026,12.5281,6.8953,65.614,96,30.0,15.0,NORMAL,Synthetic / Demonstration Dataset
C1283,LOT_2026_03,MICRO_ATMEGA328P,TEST_LOT_2026_03_168H,2026-08-15 08:00:00,85.0,5.0432,12.5635,6.4097,65.4168,168,30.0,15.0,NORMAL,Synthetic / Demonstration Dataset
C1284,LOT_2026_03,MICRO_ATMEGA328P,TEST_LOT_2026_03_0H,2026-08-03 08:00:00,25.0,4.9813,12.5818,8.1612,67.5944,0,30.0,15.0,LOT_ANOMALY,Synthetic / Demonstration Dataset
C1284,LOT_2026_03,MICRO_ATMEGA328P,TEST_LOT_2026_03_24H,2026-08-04 08:00:00,125.0,5.0338,12.6231,9.9482,66.9223,24,30.0,15.0,LOT_ANOMALY,Synthetic / Demonstration Dataset
C1284,LOT_2026_03,MICRO_ATMEGA328P,TEST_LOT_2026_03_96H,2026-08-07 08:00:00,125.0,5.027,12.5916,11.6975,67.1866,96,30.0,15.0,LOT_ANOMALY,Synthetic / Demonstration Dataset
C1284,LOT_2026_03,MICRO_ATMEGA328P,TEST_LOT_2026_03_168H,2026-08-10 08:00:00,85.0,4.9978,12.558,10.9488,67.3222,168,30.0,15.0,LOT_ANOMALY,Synthetic / Demonstration Dataset
C1285,LOT_2026_03,MICRO_ATMEGA328P,TEST_LOT_2026_03_0H,2026-08-15 08:00:00,25.0,4.9022,12.5707,5.496,65.1308,0,30.0,15.0,NORMAL,Synthetic / Demonstration Dataset
C1285,LOT_2026_03,MICRO_ATMEGA328P,TEST_LOT_2026_03_24H,2026-08-16 08:00:00,125.0,4.9853,12.5842,6.9545,65.513,24,30.0,15.0,NORMAL,Synthetic / Demonstration Dataset
C1285,LOT_2026_03,MICRO_ATMEGA328P,TEST_LOT_2026_03_96H,2026-08-19 08:00:00,125.0,5.0245,12.5769,6.9374,66.2064,96,30.0,15.0,NORMAL,Synthetic / Demonstration Dataset
C1285,LOT_2026_03,MICRO_ATMEGA328P,TEST_LOT_2026_03_168H,2026-08-22 08:00:00,85.0,4.9705,12.5332,6.1878,65.4211,168,30.0,15.0,NORMAL,Synthetic / Demonstration Dataset
C1286,LOT_2026_03,MICRO_ATMEGA328P,TEST_LOT_2026_03_0H,2026-08-15 08:00:00,25.0,4.9823,12.5017,5.888,65.7825,0,30.0,15.0,NORMAL,Synthetic / Demonstration Dataset
C1286,LOT_2026_03,MICRO_ATMEGA328P,TEST_LOT_2026_03_24H,2026-08-16 08:00:00,125.0,4.9369,12.6749,7.6288,66.5739,24,30.0,15.0,NORMAL,Synthetic / Demonstration Dataset
C1286,LOT_2026_03,MICRO_ATMEGA328P,TEST_LOT_2026_03_96H,2026-08-19 08:00:00,125.0,5.0734,12.6266,7.7978,66.3298,96,30.0,15.0,NORMAL,Synthetic / Demonstration Dataset
C1286,LOT_2026_03,MICRO_ATMEGA328P,TEST_LOT_2026_03_168H,2026-08-22 08:00:00,85.0,5.0127,12.6304,7.5881,67.044,168,30.0,15.0,NORMAL,Synthetic / Demonstration Dataset
C1287,LOT_2026_03,MICRO_ATMEGA328P,TEST_LOT_2026_03_0H,2026-08-13 08:00:00,25.0,5.0397,12.5302,3.9284,64.5506,0,30.0,15.0,NORMAL,Synthetic / Demonstration Dataset
C1287,LOT_2026_03,MICRO_ATMEGA328P,TEST_LOT_2026_03_24H,2026-08-14 08:00:00,125.0,5.0043,12.626,4.9846,64.1383,24,30.0,15.0,NORMAL,Synthetic / Demonstration Dataset
C1287,LOT_2026_03,MICRO_ATMEGA328P,TEST_LOT_2026_03_96H,2026-08-17 08:00:00,125.0,4.9033,12.598,4.4541,64.2436,96,30.0,15.0,NORMAL,Synthetic / Demonstration Dataset
C1287,LOT_2026_03,MICRO_ATMEGA328P,TEST_LOT_2026_03_168H,2026-08-20 08:00:00,85.0,4.9943,12.5048,4.9071,65.4857,168,30.0,15.0,NORMAL,Synthetic / Demonstration Dataset
C1288,LOT_2026_03,MICRO_ATMEGA328P,TEST_LOT_2026_03_0H,2026-08-16 08:00:00,25.0,4.9881,12.5586,4.6992,65.3001,0,30.0,15.0,NORMAL,Synthetic / Demonstration Dataset
C1288,LOT_2026_03,MICRO_ATMEGA328P,TEST_LOT_2026_03_24H,2026-08-17 08:00:00,125.0,5.0436,12.629,5.6489,64.4331,24,30.0,15.0,NORMAL,Synthetic / Demonstration Dataset
C1288,LOT_2026_03,MICRO_ATMEGA328P,TEST_LOT_2026_03_96H,2026-08-20 08:00:00,125.0,4.9848,12.596,6.0992,64.7892,96,30.0,15.0,NORMAL,Synthetic / Demonstration Dataset
C1288,LOT_2026_03,MICRO_ATMEGA328P,TEST_LOT_2026_03_168H,2026-08-23 08:00:00,85.0,4.9196,12.5522,6.4409,65.9919,168,30.0,15.0,NORMAL,Synthetic / Demonstration Dataset
C1289,LOT_2026_03,MICRO_ATMEGA328P,TEST_LOT_2026_03_0H,2026-08-06 08:00:00,25.0,4.9578,12.5536,4.2521,64.6746,0,30.0,15.0,GRADUAL_DEGRADE,Synthetic / Demonstration Dataset
C1289,LOT_2026_03,MICRO_ATMEGA328P,TEST_LOT_2026_03_24H,2026-08-07 08:00:00,125.0,5.0726,12.5713,7.0576,65.656,24,30.0,15.0,GRADUAL_DEGRADE,Synthetic / Demonstration Dataset
C1289,LOT_2026_03,MICRO_ATMEGA328P,TEST_LOT_2026_03_96H,2026-08-10 08:00:00,125.0,4.985,12.5647,8.7186,67.5876,96,30.0,15.0,GRADUAL_DEGRADE,Synthetic / Demonstration Dataset
C1289,LOT_2026_03,MICRO_ATMEGA328P,TEST_LOT_2026_03_168H,2026-08-13 08:00:00,85.0,4.9412,12.7087,11.7664,68.0292,168,30.0,15.0,GRADUAL_DEGRADE,Synthetic / Demonstration Dataset
C1290,LOT_2026_03,MICRO_ATMEGA328P,TEST_LOT_2026_03_0H,2026-08-12 08:00:00,25.0,5.0105,12.5054,5.4665,65.2295,0,30.0,15.0,NORMAL,Synthetic / Demonstration Dataset
C1290,LOT_2026_03,MICRO_ATMEGA328P,TEST_LOT_2026_03_24H,2026-08-13 08:00:00,125.0,4.9906,12.6295,6.9879,66.6324,24,30.0,15.0,NORMAL,Synthetic / Demonstration Dataset
C1290,LOT_2026_03,MICRO_ATMEGA328P,TEST_LOT_2026_03_96H,2026-08-16 08:00:00,125.0,4.977,12.5185,7.2506,65.7418,96,30.0,15.0,NORMAL,Synthetic / Demonstration Dataset
C1290,LOT_2026_03,MICRO_ATMEGA328P,TEST_LOT_2026_03_168H,2026-08-19 08:00:00,85.0,5.0273,12.458,6.6583,65.8241,168,30.0,15.0,NORMAL,Synthetic / Demonstration Dataset
C1291,LOT_2026_03,MICRO_ATMEGA328P,TEST_LOT_2026_03_0H,2026-08-11 08:00:00,25.0,5.0079,12.5677,8.1612,67.3876,0,30.0,15.0,LOT_ANOMALY,Synthetic / Demonstration Dataset
C1291,LOT_2026_03,MICRO_ATMEGA328P,TEST_LOT_2026_03_24H,2026-08-12 08:00:00,125.0,5.0655,12.5947,10.5452,68.3585,24,30.0,15.0,LOT_ANOMALY,Synthetic / Demonstration Dataset
C1291,LOT_2026_03,MICRO_ATMEGA328P,TEST_LOT_2026_03_96H,2026-08-15 08:00:00,125.0,5.0656,12.5632,11.7782,68.2306,96,30.0,15.0,LOT_ANOMALY,Synthetic / Demonstration Dataset
C1291,LOT_2026_03,MICRO_ATMEGA328P,TEST_LOT_2026_03_168H,2026-08-18 08:00:00,85.0,5.0245,12.6406,10.6272,67.2893,168,30.0,15.0,LOT_ANOMALY,Synthetic / Demonstration Dataset
C1292,LOT_2026_03,MICRO_ATMEGA328P,TEST_LOT_2026_03_0H,2026-08-09 08:00:00,25.0,4.899,12.6207,4.8554,64.6075,0,30.0,15.0,NORMAL,Synthetic / Demonstration Dataset
C1292,LOT_2026_03,MICRO_ATMEGA328P,TEST_LOT_2026_03_24H,2026-08-10 08:00:00,125.0,4.9845,12.6181,6.0799,63.7665,24,30.0,15.0,NORMAL,Synthetic / Demonstration Dataset
C1292,LOT_2026_03,MICRO_ATMEGA328P,TEST_LOT_2026_03_96H,2026-08-13 08:00:00,125.0,4.9947,12.5391,6.1805,66.6692,96,30.0,15.0,NORMAL,Synthetic / Demonstration Dataset
C1292,LOT_2026_03,MICRO_ATMEGA328P,TEST_LOT_2026_03_168H,2026-08-16 08:00:00,85.0,5.0386,12.5727,5.4886,66.0327,168,30.0,15.0,NORMAL,Synthetic / Demonstration Dataset
C1293,LOT_2026_03,MICRO_ATMEGA328P,TEST_LOT_2026_03_0H,2026-08-07 08:00:00,25.0,4.9634,12.5975,4.2674,64.8995,0,30.0,15.0,NORMAL,Synthetic / Demonstration Dataset
C1293,LOT_2026_03,MICRO_ATMEGA328P,TEST_LOT_2026_03_24H,2026-08-08 08:00:00,125.0,4.973,12.5692,4.9901,65.5187,24,30.0,15.0,NORMAL,Synthetic / Demonstration Dataset
C1293,LOT_2026_03,MICRO_ATMEGA328P,TEST_LOT_2026_03_96H,2026-08-11 08:00:00,125.0,4.8543,12.5785,5.2364,64.3555,96,30.0,15.0,NORMAL,Synthetic / Demonstration Dataset
C1293,LOT_2026_03,MICRO_ATMEGA328P,TEST_LOT_2026_03_168H,2026-08-14 08:00:00,85.0,4.8584,12.5839,4.3237,64.7423,168,30.0,15.0,NORMAL,Synthetic / Demonstration Dataset
C1294,LOT_2026_03,MICRO_ATMEGA328P,TEST_LOT_2026_03_0H,2026-08-14 08:00:00,25.0,5.0695,12.5781,4.6206,65.8205,0,30.0,15.0,NORMAL,Synthetic / Demonstration Dataset
C1294,LOT_2026_03,MICRO_ATMEGA328P,TEST_LOT_2026_03_24H,2026-08-15 08:00:00,125.0,4.9983,12.4737,5.4505,65.0819,24,30.0,15.0,NORMAL,Synthetic / Demonstration Dataset
C1294,LOT_2026_03,MICRO_ATMEGA328P,TEST_LOT_2026_03_96H,2026-08-18 08:00:00,125.0,5.0313,12.5604,5.8153,65.7973,96,30.0,15.0,NORMAL,Synthetic / Demonstration Dataset
C1294,LOT_2026_03,MICRO_ATMEGA328P,TEST_LOT_2026_03_168H,2026-08-21 08:00:00,85.0,5.1077,12.5436,5.9383,64.881,168,30.0,15.0,NORMAL,Synthetic / Demonstration Dataset
C1295,LOT_2026_03,MICRO_ATMEGA328P,TEST_LOT_2026_03_0H,2026-08-08 08:00:00,25.0,4.9599,12.6241,4.998,64.822,0,30.0,15.0,NORMAL,Synthetic / Demonstration Dataset
C1295,LOT_2026_03,MICRO_ATMEGA328P,TEST_LOT_2026_03_24H,2026-08-09 08:00:00,125.0,4.9764,12.5969,6.1019,65.4524,24,30.0,15.0,NORMAL,Synthetic / Demonstration Dataset
C1295,LOT_2026_03,MICRO_ATMEGA328P,TEST_LOT_2026_03_96H,2026-08-12 08:00:00,125.0,5.0833,12.5185,6.1266,65.5855,96,30.0,15.0,NORMAL,Synthetic / Demonstration Dataset
C1295,LOT_2026_03,MICRO_ATMEGA328P,TEST_LOT_2026_03_168H,2026-08-15 08:00:00,85.0,4.9184,12.5874,6.338,65.0096,168,30.0,15.0,NORMAL,Synthetic / Demonstration Dataset
C1296,LOT_2026_03,MICRO_ATMEGA328P,TEST_LOT_2026_03_0H,2026-08-16 08:00:00,25.0,4.9519,12.5892,5.4594,65.9208,0,30.0,15.0,NORMAL,Synthetic / Demonstration Dataset
C1296,LOT_2026_03,MICRO_ATMEGA328P,TEST_LOT_2026_03_24H,2026-08-17 08:00:00,125.0,5.0126,12.5584,6.998,65.6387,24,30.0,15.0,NORMAL,Synthetic / Demonstration Dataset
C1296,LOT_2026_03,MICRO_ATMEGA328P,TEST_LOT_2026_03_96H,2026-08-20 08:00:00,125.0,4.965,12.5226,7.4408,66.6363,96,30.0,15.0,NORMAL,Synthetic / Demonstration Dataset
C1296,LOT_2026_03,MICRO_ATMEGA328P,TEST_LOT_2026_03_168H,2026-08-23 08:00:00,85.0,4.9525,12.4899,6.2058,65.3011,168,30.0,15.0,NORMAL,Synthetic / Demonstration Dataset
C1297,LOT_2026_03,MICRO_ATMEGA328P,TEST_LOT_2026_03_0H,2026-08-01 08:00:00,25.0,5.0122,12.5949,4.735,65.1968,0,30.0,15.0,NORMAL,Synthetic / Demonstration Dataset
C1297,LOT_2026_03,MICRO_ATMEGA328P,TEST_LOT_2026_03_24H,2026-08-02 08:00:00,125.0,4.9901,12.5843,5.8762,66.2334,24,30.0,15.0,NORMAL,Synthetic / Demonstration Dataset
C1297,LOT_2026_03,MICRO_ATMEGA328P,TEST_LOT_2026_03_96H,2026-08-05 08:00:00,125.0,4.9765,12.5112,6.0875,64.6405,96,30.0,15.0,NORMAL,Synthetic / Demonstration Dataset
C1297,LOT_2026_03,MICRO_ATMEGA328P,TEST_LOT_2026_03_168H,2026-08-08 08:00:00,85.0,5.0289,12.5894,6.0497,65.4444,168,30.0,15.0,NORMAL,Synthetic / Demonstration Dataset
C1298,LOT_2026_03,MICRO_ATMEGA328P,TEST_LOT_2026_03_0H,2026-08-08 08:00:00,25.0,4.9758,12.607,5.9267,65.4391,0,30.0,15.0,NORMAL,Synthetic / Demonstration Dataset
C1298,LOT_2026_03,MICRO_ATMEGA328P,TEST_LOT_2026_03_24H,2026-08-09 08:00:00,125.0,5.0296,12.5925,7.206,66.3261,24,30.0,15.0,NORMAL,Synthetic / Demonstration Dataset
C1298,LOT_2026_03,MICRO_ATMEGA328P,TEST_LOT_2026_03_96H,2026-08-12 08:00:00,125.0,4.9981,12.6944,7.5013,66.9908,96,30.0,15.0,NORMAL,Synthetic / Demonstration Dataset
C1298,LOT_2026_03,MICRO_ATMEGA328P,TEST_LOT_2026_03_168H,2026-08-15 08:00:00,85.0,5.0056,12.6245,7.4097,66.5286,168,30.0,15.0,NORMAL,Synthetic / Demonstration Dataset
C1299,LOT_2026_03,MICRO_ATMEGA328P,TEST_LOT_2026_03_0H,2026-08-08 08:00:00,25.0,4.9848,12.5442,4.8221,62.9295,0,30.0,15.0,NORMAL,Synthetic / Demonstration Dataset
C1299,LOT_2026_03,MICRO_ATMEGA328P,TEST_LOT_2026_03_24H,2026-08-09 08:00:00,125.0,4.9756,12.6404,6.0771,65.5506,24,30.0,15.0,NORMAL,Synthetic / Demonstration Dataset
C1299,LOT_2026_03,MICRO_ATMEGA328P,TEST_LOT_2026_03_96H,2026-08-12 08:00:00,125.0,4.9975,12.5049,5.7185,65.6551,96,30.0,15.0,NORMAL,Synthetic / Demonstration Dataset
C1299,LOT_2026_03,MICRO_ATMEGA328P,TEST_LOT_2026_03_168H,2026-08-15 08:00:00,85.0,5.0479,12.5202,5.9791,65.5108,168,30.0,15.0,NORMAL,Synthetic / Demonstration Dataset
C1300,LOT_2026_03,MICRO_ATMEGA328P,TEST_LOT_2026_03_0H,2026-08-12 08:00:00,25.0,5.0351,12.563,3.7091,64.6644,0,30.0,15.0,NORMAL,Synthetic / Demonstration Dataset
C1300,LOT_2026_03,MICRO_ATMEGA328P,TEST_LOT_2026_03_24H,2026-08-13 08:00:00,125.0,5.0207,12.6271,4.6914,64.6675,24,30.0,15.0,NORMAL,Synthetic / Demonstration Dataset
C1300,LOT_2026_03,MICRO_ATMEGA328P,TEST_LOT_2026_03_96H,2026-08-16 08:00:00,125.0,4.9457,12.5052,4.8609,64.9916,96,30.0,15.0,NORMAL,Synthetic / Demonstration Dataset
C1300,LOT_2026_03,MICRO_ATMEGA328P,TEST_LOT_2026_03_168H,2026-08-19 08:00:00,85.0,4.9872,12.5392,5.0968,64.7941,168,30.0,15.0,NORMAL,Synthetic / Demonstration Dataset
C1301,LOT_2026_03,MICRO_ATMEGA328P,TEST_LOT_2026_03_0H,2026-08-12 08:00:00,25.0,5.0147,12.4689,4.3734,65.4873,0,30.0,15.0,NORMAL,Synthetic / Demonstration Dataset
C1301,LOT_2026_03,MICRO_ATMEGA328P,TEST_LOT_2026_03_24H,2026-08-13 08:00:00,125.0,5.0361,12.4898,5.3283,65.5822,24,30.0,15.0,NORMAL,Synthetic / Demonstration Dataset
C1301,LOT_2026_03,MICRO_ATMEGA328P,TEST_LOT_2026_03_96H,2026-08-16 08:00:00,125.0,5.0192,12.5088,5.8499,65.5809,96,30.0,15.0,NORMAL,Synthetic / Demonstration Dataset
C1301,LOT_2026_03,MICRO_ATMEGA328P,TEST_LOT_2026_03_168H,2026-08-19 08:00:00,85.0,4.9874,12.5996,4.8161,65.406,168,30.0,15.0,NORMAL,Synthetic / Demonstration Dataset
C1302,LOT_2026_03,MICRO_ATMEGA328P,TEST_LOT_2026_03_0H,2026-08-11 08:00:00,25.0,4.9513,12.5804,4.8133,64.9188,0,30.0,15.0,NORMAL,Synthetic / Demonstration Dataset
C1302,LOT_2026_03,MICRO_ATMEGA328P,TEST_LOT_2026_03_24H,2026-08-12 08:00:00,125.0,5.0391,12.5534,5.4591,65.9811,24,30.0,15.0,NORMAL,Synthetic / Demonstration Dataset
C1302,LOT_2026_03,MICRO_ATMEGA328P,TEST_LOT_2026_03_96H,2026-08-15 08:00:00,125.0,4.8412,12.5714,5.7417,65.5531,96,30.0,15.0,NORMAL,Synthetic / Demonstration Dataset
C1302,LOT_2026_03,MICRO_ATMEGA328P,TEST_LOT_2026_03_168H,2026-08-18 08:00:00,85.0,4.9511,12.6886,5.0815,64.8497,168,30.0,15.0,NORMAL,Synthetic / Demonstration Dataset
C1303,LOT_2026_03,MICRO_ATMEGA328P,TEST_LOT_2026_03_0H,2026-08-15 08:00:00,25.0,4.9675,12.4493,5.3859,65.0866,0,30.0,15.0,NORMAL,Synthetic / Demonstration Dataset
C1303,LOT_2026_03,MICRO_ATMEGA328P,TEST_LOT_2026_03_24H,2026-08-16 08:00:00,125.0,4.98,12.5607,6.6394,65.9849,24,30.0,15.0,NORMAL,Synthetic / Demonstration Dataset
C1303,LOT_2026_03,MICRO_ATMEGA328P,TEST_LOT_2026_03_96H,2026-08-19 08:00:00,125.0,4.9368,12.592,6.7691,64.6662,96,30.0,15.0,NORMAL,Synthetic / Demonstration Dataset
C1303,LOT_2026_03,MICRO_ATMEGA328P,TEST_LOT_2026_03_168H,2026-08-22 08:00:00,85.0,5.037,12.581,5.5617,65.245,168,30.0,15.0,NORMAL,Synthetic / Demonstration Dataset
C1304,LOT_2026_03,MICRO_ATMEGA328P,TEST_LOT_2026_03_0H,2026-08-09 08:00:00,25.0,4.9646,12.5237,3.6848,63.345,0,30.0,15.0,NORMAL,Synthetic / Demonstration Dataset
C1304,LOT_2026_03,MICRO_ATMEGA328P,TEST_LOT_2026_03_24H,2026-08-10 08:00:00,125.0,5.0326,12.6162,4.4844,64.4801,24,30.0,15.0,NORMAL,Synthetic / Demonstration Dataset
C1304,LOT_2026_03,MICRO_ATMEGA328P,TEST_LOT_2026_03_96H,2026-08-13 08:00:00,125.0,4.9043,12.5835,5.0541,64.5246,96,30.0,15.0,NORMAL,Synthetic / Demonstration Dataset
C1304,LOT_2026_03,MICRO_ATMEGA328P,TEST_LOT_2026_03_168H,2026-08-16 08:00:00,85.0,4.9876,12.6131,4.7127,64.3098,168,30.0,15.0,NORMAL,Synthetic / Demonstration Dataset
C1305,LOT_2026_03,MICRO_ATMEGA328P,TEST_LOT_2026_03_0H,2026-08-07 08:00:00,25.0,4.986,12.5451,5.3032,65.0367,0,30.0,15.0,NORMAL,Synthetic / Demonstration Dataset
C1305,LOT_2026_03,MICRO_ATMEGA328P,TEST_LOT_2026_03_24H,2026-08-08 08:00:00,125.0,4.9993,12.5609,6.4009,65.8512,24,30.0,15.0,NORMAL,Synthetic / Demonstration Dataset
C1305,LOT_2026_03,MICRO_ATMEGA328P,TEST_LOT_2026_03_96H,2026-08-11 08:00:00,125.0,5.0399,12.6137,6.7543,65.2205,96,30.0,15.0,NORMAL,Synthetic / Demonstration Dataset
C1305,LOT_2026_03,MICRO_ATMEGA328P,TEST_LOT_2026_03_168H,2026-08-14 08:00:00,85.0,4.9407,12.5972,6.7768,66.2758,168,30.0,15.0,NORMAL,Synthetic / Demonstration Dataset
C1306,LOT_2026_03,MICRO_ATMEGA328P,TEST_LOT_2026_03_0H,2026-08-06 08:00:00,25.0,5.0046,12.5093,3.2721,63.6618,0,30.0,15.0,NORMAL,Synthetic / Demonstration Dataset
C1306,LOT_2026_03,MICRO_ATMEGA328P,TEST_LOT_2026_03_24H,2026-08-07 08:00:00,125.0,4.9673,12.5046,4.4907,64.7927,24,30.0,15.0,NORMAL,Synthetic / Demonstration Dataset
C1306,LOT_2026_03,MICRO_ATMEGA328P,TEST_LOT_2026_03_96H,2026-08-10 08:00:00,125.0,4.9929,12.6037,4.5333,65.0985,96,30.0,15.0,NORMAL,Synthetic / Demonstration Dataset
C1306,LOT_2026_03,MICRO_ATMEGA328P,TEST_LOT_2026_03_168H,2026-08-13 08:00:00,85.0,4.9735,12.5033,3.1369,64.3681,168,30.0,15.0,NORMAL,Synthetic / Demonstration Dataset
C1307,LOT_2026_03,MICRO_ATMEGA328P,TEST_LOT_2026_03_0H,2026-08-16 08:00:00,25.0,5.1275,12.5536,2.7013,63.9437,0,30.0,15.0,NORMAL,Synthetic / Demonstration Dataset
C1307,LOT_2026_03,MICRO_ATMEGA328P,TEST_LOT_2026_03_24H,2026-08-17 08:00:00,125.0,5.1172,12.5812,3.7651,64.9756,24,30.0,15.0,NORMAL,Synthetic / Demonstration Dataset
C1307,LOT_2026_03,MICRO_ATMEGA328P,TEST_LOT_2026_03_96H,2026-08-20 08:00:00,125.0,4.9929,12.5127,3.6486,63.808,96,30.0,15.0,NORMAL,Synthetic / Demonstration Dataset
C1307,LOT_2026_03,MICRO_ATMEGA328P,TEST_LOT_2026_03_168H,2026-08-23 08:00:00,85.0,4.9325,12.5279,3.1657,63.0299,168,30.0,15.0,NORMAL,Synthetic / Demonstration Dataset
C1308,LOT_2026_03,MICRO_ATMEGA328P,TEST_LOT_2026_03_0H,2026-08-10 08:00:00,25.0,4.9982,12.5569,4.9539,64.6506,0,30.0,15.0,NORMAL,Synthetic / Demonstration Dataset
C1308,LOT_2026_03,MICRO_ATMEGA328P,TEST_LOT_2026_03_24H,2026-08-11 08:00:00,125.0,5.068,12.507,6.9231,66.1071,24,30.0,15.0,NORMAL,Synthetic / Demonstration Dataset
C1308,LOT_2026_03,MICRO_ATMEGA328P,TEST_LOT_2026_03_96H,2026-08-14 08:00:00,125.0,4.9493,12.4939,6.0858,65.813,96,30.0,15.0,NORMAL,Synthetic / Demonstration Dataset
C1308,LOT_2026_03,MICRO_ATMEGA328P,TEST_LOT_2026_03_168H,2026-08-17 08:00:00,85.0,5.0484,12.6066,5.6911,66.2042,168,30.0,15.0,NORMAL,Synthetic / Demonstration Dataset
C1309,LOT_2026_03,MICRO_ATMEGA328P,TEST_LOT_2026_03_0H,2026-08-07 08:00:00,25.0,5.0086,12.8685,34.8929,79.6547,0,30.0,15.0,SEVERE_FAILURE,Synthetic / Demonstration Dataset
C1309,LOT_2026_03,MICRO_ATMEGA328P,TEST_LOT_2026_03_24H,2026-08-08 08:00:00,125.0,4.9687,13.0231,54.433,90.029,24,30.0,15.0,SEVERE_FAILURE,Synthetic / Demonstration Dataset
C1309,LOT_2026_03,MICRO_ATMEGA328P,TEST_LOT_2026_03_96H,2026-08-11 08:00:00,125.0,5.0101,13.2326,75.3688,100.6529,96,30.0,15.0,SEVERE_FAILURE,Synthetic / Demonstration Dataset
C1309,LOT_2026_03,MICRO_ATMEGA328P,TEST_LOT_2026_03_168H,2026-08-14 08:00:00,85.0,4.9913,13.4423,97.7003,111.5091,168,30.0,15.0,SEVERE_FAILURE,Synthetic / Demonstration Dataset
C1310,LOT_2026_03,MICRO_ATMEGA328P,TEST_LOT_2026_03_0H,2026-08-12 08:00:00,25.0,4.9156,12.5397,3.9907,64.0845,0,30.0,15.0,NORMAL,Synthetic / Demonstration Dataset
C1310,LOT_2026_03,MICRO_ATMEGA328P,TEST_LOT_2026_03_24H,2026-08-13 08:00:00,125.0,4.9517,12.6101,4.9679,64.5705,24,30.0,15.0,NORMAL,Synthetic / Demonstration Dataset
C1310,LOT_2026_03,MICRO_ATMEGA328P,TEST_LOT_2026_03_96H,2026-08-16 08:00:00,125.0,5.0189,12.4811,4.9934,64.0901,96,30.0,15.0,NORMAL,Synthetic / Demonstration Dataset
C1310,LOT_2026_03,MICRO_ATMEGA328P,TEST_LOT_2026_03_168H,2026-08-19 08:00:00,85.0,4.9778,12.5058,5.0883,65.4213,168,30.0,15.0,NORMAL,Synthetic / Demonstration Dataset
C1311,LOT_2026_03,MICRO_ATMEGA328P,TEST_LOT_2026_03_0H,2026-08-01 08:00:00,25.0,4.9863,12.4967,4.1516,64.7655,0,30.0,15.0,NORMAL,Synthetic / Demonstration Dataset
C1311,LOT_2026_03,MICRO_ATMEGA328P,TEST_LOT_2026_03_24H,2026-08-02 08:00:00,125.0,4.9069,12.561,5.5416,65.8062,24,30.0,15.0,NORMAL,Synthetic / Demonstration Dataset
C1311,LOT_2026_03,MICRO_ATMEGA328P,TEST_LOT_2026_03_96H,2026-08-05 08:00:00,125.0,4.9434,12.573,5.1902,65.7211,96,30.0,15.0,NORMAL,Synthetic / Demonstration Dataset
C1311,LOT_2026_03,MICRO_ATMEGA328P,TEST_LOT_2026_03_168H,2026-08-08 08:00:00,85.0,5.0183,12.5599,5.4968,64.6865,168,30.0,15.0,NORMAL,Synthetic / Demonstration Dataset
C1312,LOT_2026_03,MICRO_ATMEGA328P,TEST_LOT_2026_03_0H,2026-08-05 08:00:00,25.0,5.0405,12.498,5.4934,65.4745,0,30.0,15.0,NORMAL,Synthetic / Demonstration Dataset
C1312,LOT_2026_03,MICRO_ATMEGA328P,TEST_LOT_2026_03_24H,2026-08-06 08:00:00,125.0,5.0441,12.5661,6.9887,65.4584,24,30.0,15.0,NORMAL,Synthetic / Demonstration Dataset
C1312,LOT_2026_03,MICRO_ATMEGA328P,TEST_LOT_2026_03_96H,2026-08-09 08:00:00,125.0,4.9496,12.5652,6.7713,65.7313,96,30.0,15.0,NORMAL,Synthetic / Demonstration Dataset
C1312,LOT_2026_03,MICRO_ATMEGA328P,TEST_LOT_2026_03_168H,2026-08-12 08:00:00,85.0,5.0447,12.6241,7.5615,66.5754,168,30.0,15.0,NORMAL,Synthetic / Demonstration Dataset
C1313,LOT_2026_03,MICRO_ATMEGA328P,TEST_LOT_2026_03_0H,2026-08-02 08:00:00,25.0,4.9862,12.5359,4.5073,64.8713,0,30.0,15.0,NORMAL,Synthetic / Demonstration Dataset
C1313,LOT_2026_03,MICRO_ATMEGA328P,TEST_LOT_2026_03_24H,2026-08-03 08:00:00,125.0,5.0,12.5429,5.7422,64.9998,24,30.0,15.0,NORMAL,Synthetic / Demonstration Dataset
C1313,LOT_2026_03,MICRO_ATMEGA328P,TEST_LOT_2026_03_96H,2026-08-06 08:00:00,125.0,5.0642,12.663,5.2674,65.8833,96,30.0,15.0,NORMAL,Synthetic / Demonstration Dataset
C1313,LOT_2026_03,MICRO_ATMEGA328P,TEST_LOT_2026_03_168H,2026-08-09 08:00:00,85.0,5.0394,12.6005,4.9321,64.7139,168,30.0,15.0,NORMAL,Synthetic / Demonstration Dataset
C1314,LOT_2026_03,MICRO_ATMEGA328P,TEST_LOT_2026_03_0H,2026-08-05 08:00:00,25.0,4.9772,12.6284,5.1923,65.3245,0,30.0,15.0,NORMAL,Synthetic / Demonstration Dataset
C1314,LOT_2026_03,MICRO_ATMEGA328P,TEST_LOT_2026_03_24H,2026-08-06 08:00:00,125.0,5.0335,12.6154,6.2506,65.7492,24,30.0,15.0,NORMAL,Synthetic / Demonstration Dataset
C1314,LOT_2026_03,MICRO_ATMEGA328P,TEST_LOT_2026_03_96H,2026-08-09 08:00:00,125.0,4.9965,12.5109,6.7634,65.7868,96,30.0,15.0,NORMAL,Synthetic / Demonstration Dataset
C1314,LOT_2026_03,MICRO_ATMEGA328P,TEST_LOT_2026_03_168H,2026-08-12 08:00:00,85.0,4.9936,12.605,6.4977,65.5037,168,30.0,15.0,NORMAL,Synthetic / Demonstration Dataset
C1315,LOT_2026_03,MICRO_ATMEGA328P,TEST_LOT_2026_03_0H,2026-08-16 08:00:00,25.0,5.0416,12.5565,4.5399,64.5126,0,30.0,15.0,NORMAL,Synthetic / Demonstration Dataset
C1315,LOT_2026_03,MICRO_ATMEGA328P,TEST_LOT_2026_03_24H,2026-08-17 08:00:00,125.0,4.9656,12.523,5.936,63.6996,24,30.0,15.0,NORMAL,Synthetic / Demonstration Dataset
C1315,LOT_2026_03,MICRO_ATMEGA328P,TEST_LOT_2026_03_96H,2026-08-20 08:00:00,125.0,5.0654,12.4525,5.6084,64.7093,96,30.0,15.0,NORMAL,Synthetic / Demonstration Dataset
C1315,LOT_2026_03,MICRO_ATMEGA328P,TEST_LOT_2026_03_168H,2026-08-23 08:00:00,85.0,4.8878,12.5318,5.7294,66.0777,168,30.0,15.0,NORMAL,Synthetic / Demonstration Dataset
C1316,LOT_2026_03,MICRO_ATMEGA328P,TEST_LOT_2026_03_0H,2026-08-01 08:00:00,25.0,5.0145,12.518,6.4356,65.1177,0,30.0,15.0,NORMAL,Synthetic / Demonstration Dataset
C1316,LOT_2026_03,MICRO_ATMEGA328P,TEST_LOT_2026_03_24H,2026-08-02 08:00:00,125.0,5.014,12.6729,7.9975,67.1055,24,30.0,15.0,NORMAL,Synthetic / Demonstration Dataset
C1316,LOT_2026_03,MICRO_ATMEGA328P,TEST_LOT_2026_03_96H,2026-08-05 08:00:00,125.0,4.9832,12.7319,8.113,66.9481,96,30.0,15.0,NORMAL,Synthetic / Demonstration Dataset
C1316,LOT_2026_03,MICRO_ATMEGA328P,TEST_LOT_2026_03_168H,2026-08-08 08:00:00,85.0,4.9888,12.5297,7.3562,64.6753,168,30.0,15.0,NORMAL,Synthetic / Demonstration Dataset
C1317,LOT_2026_03,MICRO_ATMEGA328P,TEST_LOT_2026_03_0H,2026-08-16 08:00:00,25.0,5.0891,12.469,5.0513,65.0602,0,30.0,15.0,NORMAL,Synthetic / Demonstration Dataset
C1317,LOT_2026_03,MICRO_ATMEGA328P,TEST_LOT_2026_03_24H,2026-08-17 08:00:00,125.0,5.0261,12.5527,6.1319,64.7159,24,30.0,15.0,NORMAL,Synthetic / Demonstration Dataset
C1317,LOT_2026_03,MICRO_ATMEGA328P,TEST_LOT_2026_03_96H,2026-08-20 08:00:00,125.0,4.9585,12.6279,6.0683,66.3425,96,30.0,15.0,NORMAL,Synthetic / Demonstration Dataset
C1317,LOT_2026_03,MICRO_ATMEGA328P,TEST_LOT_2026_03_168H,2026-08-23 08:00:00,85.0,5.0614,12.551,5.966,65.2788,168,30.0,15.0,NORMAL,Synthetic / Demonstration Dataset
C1318,LOT_2026_03,MICRO_ATMEGA328P,TEST_LOT_2026_03_0H,2026-08-11 08:00:00,25.0,5.0142,12.5207,4.8469,64.9371,0,30.0,15.0,NORMAL,Synthetic / Demonstration Dataset
C1318,LOT_2026_03,MICRO_ATMEGA328P,TEST_LOT_2026_03_24H,2026-08-12 08:00:00,125.0,5.0065,12.5646,6.2452,65.9315,24,30.0,15.0,NORMAL,Synthetic / Demonstration Dataset
C1318,LOT_2026_03,MICRO_ATMEGA328P,TEST_LOT_2026_03_96H,2026-08-15 08:00:00,125.0,4.9969,12.5405,6.4162,65.8264,96,30.0,15.0,NORMAL,Synthetic / Demonstration Dataset
C1318,LOT_2026_03,MICRO_ATMEGA328P,TEST_LOT_2026_03_168H,2026-08-18 08:00:00,85.0,4.9895,12.428,5.1624,64.0338,168,30.0,15.0,NORMAL,Synthetic / Demonstration Dataset
C1319,LOT_2026_03,MICRO_ATMEGA328P,TEST_LOT_2026_03_0H,2026-08-02 08:00:00,25.0,5.0524,12.5341,3.3402,63.3813,0,30.0,15.0,NORMAL,Synthetic / Demonstration Dataset
C1319,LOT_2026_03,MICRO_ATMEGA328P,TEST_LOT_2026_03_24H,2026-08-03 08:00:00,125.0,5.0494,12.5691,4.3661,64.5651,24,30.0,15.0,NORMAL,Synthetic / Demonstration Dataset
C1319,LOT_2026_03,MICRO_ATMEGA328P,TEST_LOT_2026_03_96H,2026-08-06 08:00:00,125.0,5.0451,12.5211,4.4519,64.7446,96,30.0,15.0,NORMAL,Synthetic / Demonstration Dataset
C1319,LOT_2026_03,MICRO_ATMEGA328P,TEST_LOT_2026_03_168H,2026-08-09 08:00:00,85.0,4.9193,12.5866,4.0738,65.8227,168,30.0,15.0,NORMAL,Synthetic / Demonstration Dataset
C1320,LOT_2026_03,MICRO_ATMEGA328P,TEST_LOT_2026_03_0H,2026-08-16 08:00:00,25.0,5.0481,12.4989,4.1021,64.6341,0,30.0,15.0,NORMAL,Synthetic / Demonstration Dataset
C1320,LOT_2026_03,MICRO_ATMEGA328P,TEST_LOT_2026_03_24H,2026-08-17 08:00:00,125.0,4.974,12.5545,5.5245,64.1363,24,30.0,15.0,NORMAL,Synthetic / Demonstration Dataset
C1320,LOT_2026_03,MICRO_ATMEGA328P,TEST_LOT_2026_03_96H,2026-08-20 08:00:00,125.0,4.9047,12.5719,5.0434,65.5415,96,30.0,15.0,NORMAL,Synthetic / Demonstration Dataset
C1320,LOT_2026_03,MICRO_ATMEGA328P,TEST_LOT_2026_03_168H,2026-08-23 08:00:00,85.0,5.0143,12.5331,4.9431,65.4344,168,30.0,15.0,NORMAL,Synthetic / Demonstration Dataset
C1321,LOT_2026_03,MICRO_ATMEGA328P,TEST_LOT_2026_03_0H,2026-08-03 08:00:00,25.0,4.9007,12.596,4.9047,64.7089,0,30.0,15.0,NORMAL,Synthetic / Demonstration Dataset
C1321,LOT_2026_03,MICRO_ATMEGA328P,TEST_LOT_2026_03_24H,2026-08-04 08:00:00,125.0,4.9781,12.4631,5.8208,64.6292,24,30.0,15.0,NORMAL,Synthetic / Demonstration Dataset
C1321,LOT_2026_03,MICRO_ATMEGA328P,TEST_LOT_2026_03_96H,2026-08-07 08:00:00,125.0,5.0113,12.5783,6.2971,65.6506,96,30.0,15.0,NORMAL,Synthetic / Demonstration Dataset
C1321,LOT_2026_03,MICRO_ATMEGA328P,TEST_LOT_2026_03_168H,2026-08-10 08:00:00,85.0,4.9973,12.5344,5.6309,64.2993,168,30.0,15.0,NORMAL,Synthetic / Demonstration Dataset
C1322,LOT_2026_03,MICRO_ATMEGA328P,TEST_LOT_2026_03_0H,2026-08-03 08:00:00,25.0,5.0445,12.6212,4.1832,64.9987,0,30.0,15.0,NORMAL,Synthetic / Demonstration Dataset
C1322,LOT_2026_03,MICRO_ATMEGA328P,TEST_LOT_2026_03_24H,2026-08-04 08:00:00,125.0,5.0043,12.6434,5.6304,66.5992,24,30.0,15.0,NORMAL,Synthetic / Demonstration Dataset
C1322,LOT_2026_03,MICRO_ATMEGA328P,TEST_LOT_2026_03_96H,2026-08-07 08:00:00,125.0,5.0111,12.5519,4.7558,64.6128,96,30.0,15.0,NORMAL,Synthetic / Demonstration Dataset
C1322,LOT_2026_03,MICRO_ATMEGA328P,TEST_LOT_2026_03_168H,2026-08-10 08:00:00,85.0,5.0021,12.5168,5.3536,65.1602,168,30.0,15.0,NORMAL,Synthetic / Demonstration Dataset
C1323,LOT_2026_03,MICRO_ATMEGA328P,TEST_LOT_2026_03_0H,2026-08-02 08:00:00,25.0,5.0091,12.589,5.7648,65.2093,0,30.0,15.0,NORMAL,Synthetic / Demonstration Dataset
C1323,LOT_2026_03,MICRO_ATMEGA328P,TEST_LOT_2026_03_24H,2026-08-03 08:00:00,125.0,4.9395,12.5477,7.2663,66.069,24,30.0,15.0,NORMAL,Synthetic / Demonstration Dataset
C1323,LOT_2026_03,MICRO_ATMEGA328P,TEST_LOT_2026_03_96H,2026-08-06 08:00:00,125.0,4.9585,12.5838,6.8183,65.9903,96,30.0,15.0,NORMAL,Synthetic / Demonstration Dataset
C1323,LOT_2026_03,MICRO_ATMEGA328P,TEST_LOT_2026_03_168H,2026-08-09 08:00:00,85.0,4.97,12.5755,7.2659,65.713,168,30.0,15.0,NORMAL,Synthetic / Demonstration Dataset
C1324,LOT_2026_03,MICRO_ATMEGA328P,TEST_LOT_2026_03_0H,2026-08-10 08:00:00,25.0,5.0595,12.5778,5.3661,65.8463,0,30.0,15.0,NORMAL,Synthetic / Demonstration Dataset
C1324,LOT_2026_03,MICRO_ATMEGA328P,TEST_LOT_2026_03_24H,2026-08-11 08:00:00,125.0,5.0403,12.5706,6.6871,65.203,24,30.0,15.0,NORMAL,Synthetic / Demonstration Dataset
C1324,LOT_2026_03,MICRO_ATMEGA328P,TEST_LOT_2026_03_96H,2026-08-14 08:00:00,125.0,4.9502,12.6858,6.8881,65.7352,96,30.0,15.0,NORMAL,Synthetic / Demonstration Dataset
C1324,LOT_2026_03,MICRO_ATMEGA328P,TEST_LOT_2026_03_168H,2026-08-17 08:00:00,85.0,4.9994,12.5058,6.747,64.6869,168,30.0,15.0,NORMAL,Synthetic / Demonstration Dataset
C1325,LOT_2026_03,MICRO_ATMEGA328P,TEST_LOT_2026_03_0H,2026-08-08 08:00:00,25.0,5.0775,12.5173,5.4004,64.1648,0,30.0,15.0,NORMAL,Synthetic / Demonstration Dataset
C1325,LOT_2026_03,MICRO_ATMEGA328P,TEST_LOT_2026_03_24H,2026-08-09 08:00:00,125.0,4.9531,12.5339,6.6424,66.2027,24,30.0,15.0,NORMAL,Synthetic / Demonstration Dataset
C1325,LOT_2026_03,MICRO_ATMEGA328P,TEST_LOT_2026_03_96H,2026-08-12 08:00:00,125.0,4.9585,12.5976,6.8223,66.3279,96,30.0,15.0,NORMAL,Synthetic / Demonstration Dataset
C1325,LOT_2026_03,MICRO_ATMEGA328P,TEST_LOT_2026_03_168H,2026-08-15 08:00:00,85.0,5.0069,12.5895,6.3454,65.939,168,30.0,15.0,NORMAL,Synthetic / Demonstration Dataset
C1326,LOT_2026_03,MICRO_ATMEGA328P,TEST_LOT_2026_03_0H,2026-08-14 08:00:00,25.0,5.0716,12.5775,4.8337,64.6352,0,30.0,15.0,NORMAL,Synthetic / Demonstration Dataset
C1326,LOT_2026_03,MICRO_ATMEGA328P,TEST_LOT_2026_03_24H,2026-08-15 08:00:00,125.0,4.9721,12.5909,5.9337,65.0776,24,30.0,15.0,NORMAL,Synthetic / Demonstration Dataset
C1326,LOT_2026_03,MICRO_ATMEGA328P,TEST_LOT_2026_03_96H,2026-08-18 08:00:00,125.0,5.0529,12.5697,6.0074,66.2528,96,30.0,15.0,NORMAL,Synthetic / Demonstration Dataset
C1326,LOT_2026_03,MICRO_ATMEGA328P,TEST_LOT_2026_03_168H,2026-08-21 08:00:00,85.0,4.9412,12.5571,6.2192,66.2283,168,30.0,15.0,NORMAL,Synthetic / Demonstration Dataset
C1327,LOT_2026_03,MICRO_ATMEGA328P,TEST_LOT_2026_03_0H,2026-08-08 08:00:00,25.0,5.021,12.5363,3.8234,63.315,0,30.0,15.0,NORMAL,Synthetic / Demonstration Dataset
C1327,LOT_2026_03,MICRO_ATMEGA328P,TEST_LOT_2026_03_24H,2026-08-09 08:00:00,125.0,4.9581,12.4902,4.8568,64.9341,24,30.0,15.0,NORMAL,Synthetic / Demonstration Dataset
C1327,LOT_2026_03,MICRO_ATMEGA328P,TEST_LOT_2026_03_96H,2026-08-12 08:00:00,125.0,4.9663,12.6701,4.253,65.0329,96,30.0,15.0,NORMAL,Synthetic / Demonstration Dataset
C1327,LOT_2026_03,MICRO_ATMEGA328P,TEST_LOT_2026_03_168H,2026-08-15 08:00:00,85.0,5.0702,12.4938,4.3354,64.3216,168,30.0,15.0,NORMAL,Synthetic / Demonstration Dataset
C1328,LOT_2026_03,MICRO_ATMEGA328P,TEST_LOT_2026_03_0H,2026-08-13 08:00:00,25.0,5.0128,12.6073,3.8821,63.8167,0,30.0,15.0,NORMAL,Synthetic / Demonstration Dataset
C1328,LOT_2026_03,MICRO_ATMEGA328P,TEST_LOT_2026_03_24H,2026-08-14 08:00:00,125.0,5.0545,12.6217,4.404,63.4551,24,30.0,15.0,NORMAL,Synthetic / Demonstration Dataset
C1328,LOT_2026_03,MICRO_ATMEGA328P,TEST_LOT_2026_03_96H,2026-08-17 08:00:00,125.0,5.0113,12.5125,5.1841,64.2206,96,30.0,15.0,NORMAL,Synthetic / Demonstration Dataset
C1328,LOT_2026_03,MICRO_ATMEGA328P,TEST_LOT_2026_03_168H,2026-08-20 08:00:00,85.0,5.009,12.5651,5.2402,64.7315,168,30.0,15.0,NORMAL,Synthetic / Demonstration Dataset
C1329,LOT_2026_03,MICRO_ATMEGA328P,TEST_LOT_2026_03_0H,2026-08-15 08:00:00,25.0,4.8773,12.5302,4.1596,65.4791,0,30.0,15.0,NORMAL,Synthetic / Demonstration Dataset
C1329,LOT_2026_03,MICRO_ATMEGA328P,TEST_LOT_2026_03_24H,2026-08-16 08:00:00,125.0,4.9239,12.572,5.0179,65.3965,24,30.0,15.0,NORMAL,Synthetic / Demonstration Dataset
C1329,LOT_2026_03,MICRO_ATMEGA328P,TEST_LOT_2026_03_96H,2026-08-19 08:00:00,125.0,4.9826,12.5646,5.1406,64.9731,96,30.0,15.0,NORMAL,Synthetic / Demonstration Dataset
C1329,LOT_2026_03,MICRO_ATMEGA328P,TEST_LOT_2026_03_168H,2026-08-22 08:00:00,85.0,5.1219,12.4701,5.5548,66.046,168,30.0,15.0,NORMAL,Synthetic / Demonstration Dataset
C1330,LOT_2026_03,MICRO_ATMEGA328P,TEST_LOT_2026_03_0H,2026-08-14 08:00:00,25.0,5.0694,12.5851,4.8854,64.9809,0,30.0,15.0,NORMAL,Synthetic / Demonstration Dataset
C1330,LOT_2026_03,MICRO_ATMEGA328P,TEST_LOT_2026_03_24H,2026-08-15 08:00:00,125.0,4.9803,12.5241,6.2848,66.1492,24,30.0,15.0,NORMAL,Synthetic / Demonstration Dataset
C1330,LOT_2026_03,MICRO_ATMEGA328P,TEST_LOT_2026_03_96H,2026-08-18 08:00:00,125.0,5.0321,12.5607,5.9185,64.0033,96,30.0,15.0,NORMAL,Synthetic / Demonstration Dataset
C1330,LOT_2026_03,MICRO_ATMEGA328P,TEST_LOT_2026_03_168H,2026-08-21 08:00:00,85.0,5.0167,12.5363,5.6623,63.7394,168,30.0,15.0,NORMAL,Synthetic / Demonstration Dataset
C1331,LOT_2026_03,MICRO_ATMEGA328P,TEST_LOT_2026_03_0H,2026-08-02 08:00:00,25.0,5.0085,12.5808,5.8578,65.1331,0,30.0,15.0,NORMAL,Synthetic / Demonstration Dataset
C1331,LOT_2026_03,MICRO_ATMEGA328P,TEST_LOT_2026_03_24H,2026-08-03 08:00:00,125.0,5.0917,12.5372,7.3969,67.2403,24,30.0,15.0,NORMAL,Synthetic / Demonstration Dataset
C1331,LOT_2026_03,MICRO_ATMEGA328P,TEST_LOT_2026_03_96H,2026-08-06 08:00:00,125.0,4.9565,12.6859,7.5328,66.5112,96,30.0,15.0,NORMAL,Synthetic / Demonstration Dataset
C1331,LOT_2026_03,MICRO_ATMEGA328P,TEST_LOT_2026_03_168H,2026-08-09 08:00:00,85.0,4.9865,12.5333,7.3118,66.2608,168,30.0,15.0,NORMAL,Synthetic / Demonstration Dataset
C1332,LOT_2026_03,MICRO_ATMEGA328P,TEST_LOT_2026_03_0H,2026-08-04 08:00:00,25.0,4.9845,12.5593,6.0663,66.4434,0,30.0,15.0,NORMAL,Synthetic / Demonstration Dataset
C1332,LOT_2026_03,MICRO_ATMEGA328P,TEST_LOT_2026_03_24H,2026-08-05 08:00:00,125.0,5.0255,12.6183,7.4475,66.1008,24,30.0,15.0,NORMAL,Synthetic / Demonstration Dataset
C1332,LOT_2026_03,MICRO_ATMEGA328P,TEST_LOT_2026_03_96H,2026-08-08 08:00:00,125.0,5.0331,12.5575,7.7511,66.8854,96,30.0,15.0,NORMAL,Synthetic / Demonstration Dataset
C1332,LOT_2026_03,MICRO_ATMEGA328P,TEST_LOT_2026_03_168H,2026-08-11 08:00:00,85.0,4.9662,12.4936,6.9972,65.684,168,30.0,15.0,NORMAL,Synthetic / Demonstration Dataset
C1333,LOT_2026_03,MICRO_ATMEGA328P,TEST_LOT_2026_03_0H,2026-08-07 08:00:00,25.0,4.98,12.5721,4.1488,63.4958,0,30.0,15.0,SENSOR_NOISE,Synthetic / Demonstration Dataset
C1333,LOT_2026_03,MICRO_ATMEGA328P,TEST_LOT_2026_03_24H,2026-08-08 08:00:00,125.0,4.9625,12.5705,4.7446,65.0528,24,30.0,15.0,SENSOR_NOISE,Synthetic / Demonstration Dataset
C1333,LOT_2026_03,MICRO_ATMEGA328P,TEST_LOT_2026_03_96H,2026-08-11 08:00:00,125.0,5.0585,12.5177,,65.3206,96,30.0,15.0,SENSOR_NOISE,Synthetic / Demonstration Dataset
C1333,LOT_2026_03,MICRO_ATMEGA328P,TEST_LOT_2026_03_168H,2026-08-14 08:00:00,85.0,4.9566,12.5191,4.9321,65.4248,168,30.0,15.0,SENSOR_NOISE,Synthetic / Demonstration Dataset
C1334,LOT_2026_03,MICRO_ATMEGA328P,TEST_LOT_2026_03_0H,2026-08-08 08:00:00,25.0,5.0484,12.5689,5.09,64.038,0,30.0,15.0,NORMAL,Synthetic / Demonstration Dataset
C1334,LOT_2026_03,MICRO_ATMEGA328P,TEST_LOT_2026_03_24H,2026-08-09 08:00:00,125.0,5.0188,12.5943,6.8554,65.6922,24,30.0,15.0,NORMAL,Synthetic / Demonstration Dataset
C1334,LOT_2026_03,MICRO_ATMEGA328P,TEST_LOT_2026_03_96H,2026-08-12 08:00:00,125.0,4.9453,12.5992,6.8687,64.6346,96,30.0,15.0,NORMAL,Synthetic / Demonstration Dataset
C1334,LOT_2026_03,MICRO_ATMEGA328P,TEST_LOT_2026_03_168H,2026-08-15 08:00:00,85.0,4.946,12.5784,6.4522,66.5744,168,30.0,15.0,NORMAL,Synthetic / Demonstration Dataset
C1335,LOT_2026_03,MICRO_ATMEGA328P,TEST_LOT_2026_03_0H,2026-08-03 08:00:00,25.0,5.0612,12.6106,5.4593,64.902,0,30.0,15.0,NORMAL,Synthetic / Demonstration Dataset
C1335,LOT_2026_03,MICRO_ATMEGA328P,TEST_LOT_2026_03_24H,2026-08-04 08:00:00,125.0,4.9138,12.535,6.9348,66.8378,24,30.0,15.0,NORMAL,Synthetic / Demonstration Dataset
C1335,LOT_2026_03,MICRO_ATMEGA328P,TEST_LOT_2026_03_96H,2026-08-07 08:00:00,125.0,4.9066,12.6684,6.7726,66.2377,96,30.0,15.0,NORMAL,Synthetic / Demonstration Dataset
C1335,LOT_2026_03,MICRO_ATMEGA328P,TEST_LOT_2026_03_168H,2026-08-10 08:00:00,85.0,4.951,12.5833,6.9049,66.1135,168,30.0,15.0,NORMAL,Synthetic / Demonstration Dataset
C1336,LOT_2026_03,MICRO_ATMEGA328P,TEST_LOT_2026_03_0H,2026-08-14 08:00:00,25.0,4.9915,12.4664,4.144,64.3553,0,30.0,15.0,NORMAL,Synthetic / Demonstration Dataset
C1336,LOT_2026_03,MICRO_ATMEGA328P,TEST_LOT_2026_03_24H,2026-08-15 08:00:00,125.0,4.9627,12.6498,5.4465,64.3257,24,30.0,15.0,NORMAL,Synthetic / Demonstration Dataset
C1336,LOT_2026_03,MICRO_ATMEGA328P,TEST_LOT_2026_03_96H,2026-08-18 08:00:00,125.0,4.9672,12.5434,5.2391,65.9767,96,30.0,15.0,NORMAL,Synthetic / Demonstration Dataset
C1336,LOT_2026_03,MICRO_ATMEGA328P,TEST_LOT_2026_03_168H,2026-08-21 08:00:00,85.0,4.9774,12.5792,4.6482,64.8823,168,30.0,15.0,NORMAL,Synthetic / Demonstration Dataset
C1337,LOT_2026_03,MICRO_ATMEGA328P,TEST_LOT_2026_03_0H,2026-08-16 08:00:00,25.0,4.9517,12.5458,4.9413,65.6779,0,30.0,15.0,NORMAL,Synthetic / Demonstration Dataset
C1337,LOT_2026_03,MICRO_ATMEGA328P,TEST_LOT_2026_03_24H,2026-08-17 08:00:00,125.0,4.9651,12.4671,5.7833,65.7272,24,30.0,15.0,NORMAL,Synthetic / Demonstration Dataset
C1337,LOT_2026_03,MICRO_ATMEGA328P,TEST_LOT_2026_03_96H,2026-08-20 08:00:00,125.0,4.9908,12.517,6.7307,65.2552,96,30.0,15.0,NORMAL,Synthetic / Demonstration Dataset
C1337,LOT_2026_03,MICRO_ATMEGA328P,TEST_LOT_2026_03_168H,2026-08-23 08:00:00,85.0,4.985,12.6041,5.8492,65.0065,168,30.0,15.0,NORMAL,Synthetic / Demonstration Dataset
C1338,LOT_2026_03,MICRO_ATMEGA328P,TEST_LOT_2026_03_0H,2026-08-08 08:00:00,25.0,4.9847,12.5143,5.1492,64.8681,0,30.0,15.0,NORMAL,Synthetic / Demonstration Dataset
C1338,LOT_2026_03,MICRO_ATMEGA328P,TEST_LOT_2026_03_24H,2026-08-09 08:00:00,125.0,5.0457,12.5524,6.4998,64.9975,24,30.0,15.0,NORMAL,Synthetic / Demonstration Dataset
C1338,LOT_2026_03,MICRO_ATMEGA328P,TEST_LOT_2026_03_96H,2026-08-12 08:00:00,125.0,4.9551,12.582,6.899,65.934,96,30.0,15.0,NORMAL,Synthetic / Demonstration Dataset
C1338,LOT_2026_03,MICRO_ATMEGA328P,TEST_LOT_2026_03_168H,2026-08-15 08:00:00,85.0,4.9757,12.5924,6.1441,63.3333,168,30.0,15.0,NORMAL,Synthetic / Demonstration Dataset
C1339,LOT_2026_03,MICRO_ATMEGA328P,TEST_LOT_2026_03_0H,2026-08-10 08:00:00,25.0,4.9544,12.5775,5.7103,65.5771,0,30.0,15.0,NORMAL,Synthetic / Demonstration Dataset
C1339,LOT_2026_03,MICRO_ATMEGA328P,TEST_LOT_2026_03_24H,2026-08-11 08:00:00,125.0,5.0099,12.5325,7.3984,65.1962,24,30.0,15.0,NORMAL,Synthetic / Demonstration Dataset
C1339,LOT_2026_03,MICRO_ATMEGA328P,TEST_LOT_2026_03_96H,2026-08-14 08:00:00,125.0,4.9021,12.5394,7.0868,65.8605,96,30.0,15.0,NORMAL,Synthetic / Demonstration Dataset
C1339,LOT_2026_03,MICRO_ATMEGA328P,TEST_LOT_2026_03_168H,2026-08-17 08:00:00,85.0,5.0021,12.5535,6.5345,65.5624,168,30.0,15.0,NORMAL,Synthetic / Demonstration Dataset
C1340,LOT_2026_03,MICRO_ATMEGA328P,TEST_LOT_2026_03_0H,2026-08-15 08:00:00,25.0,4.9353,12.5608,2.8618,64.4336,0,30.0,15.0,NORMAL,Synthetic / Demonstration Dataset
C1340,LOT_2026_03,MICRO_ATMEGA328P,TEST_LOT_2026_03_24H,2026-08-16 08:00:00,125.0,4.9593,12.5859,3.2329,63.6677,24,30.0,15.0,NORMAL,Synthetic / Demonstration Dataset
C1340,LOT_2026_03,MICRO_ATMEGA328P,TEST_LOT_2026_03_96H,2026-08-19 08:00:00,125.0,5.0721,12.5195,3.7541,64.0616,96,30.0,15.0,NORMAL,Synthetic / Demonstration Dataset
C1340,LOT_2026_03,MICRO_ATMEGA328P,TEST_LOT_2026_03_168H,2026-08-22 08:00:00,85.0,5.0927,12.5581,3.5829,64.3034,168,30.0,15.0,NORMAL,Synthetic / Demonstration Dataset
C1341,LOT_2026_03,MICRO_ATMEGA328P,TEST_LOT_2026_03_0H,2026-08-08 08:00:00,25.0,5.0269,12.5768,4.3817,64.0201,0,30.0,15.0,NORMAL,Synthetic / Demonstration Dataset
C1341,LOT_2026_03,MICRO_ATMEGA328P,TEST_LOT_2026_03_24H,2026-08-09 08:00:00,125.0,4.9924,12.5579,5.6628,64.7787,24,30.0,15.0,NORMAL,Synthetic / Demonstration Dataset
C1341,LOT_2026_03,MICRO_ATMEGA328P,TEST_LOT_2026_03_96H,2026-08-12 08:00:00,125.0,4.9485,12.5008,5.474,65.4727,96,30.0,15.0,NORMAL,Synthetic / Demonstration Dataset
C1341,LOT_2026_03,MICRO_ATMEGA328P,TEST_LOT_2026_03_168H,2026-08-15 08:00:00,85.0,4.935,12.6608,5.1964,64.3953,168,30.0,15.0,NORMAL,Synthetic / Demonstration Dataset
C1342,LOT_2026_03,MICRO_ATMEGA328P,TEST_LOT_2026_03_0H,2026-08-07 08:00:00,25.0,4.9262,12.5796,5.6748,65.1808,0,30.0,15.0,SUDDEN_DEGRADE,Synthetic / Demonstration Dataset
C1342,LOT_2026_03,MICRO_ATMEGA328P,TEST_LOT_2026_03_24H,2026-08-08 08:00:00,125.0,4.9054,12.5914,7.582,65.5486,24,30.0,15.0,SUDDEN_DEGRADE,Synthetic / Demonstration Dataset
C1342,LOT_2026_03,MICRO_ATMEGA328P,TEST_LOT_2026_03_96H,2026-08-11 08:00:00,125.0,4.9801,12.7216,22.1421,73.9413,96,30.0,15.0,SUDDEN_DEGRADE,Synthetic / Demonstration Dataset
C1342,LOT_2026_03,MICRO_ATMEGA328P,TEST_LOT_2026_03_168H,2026-08-14 08:00:00,85.0,4.9234,12.8514,29.3917,77.0675,168,30.0,15.0,SUDDEN_DEGRADE,Synthetic / Demonstration Dataset
C1343,LOT_2026_03,MICRO_ATMEGA328P,TEST_LOT_2026_03_0H,2026-08-08 08:00:00,25.0,4.9737,12.5308,5.696,64.8704,0,30.0,15.0,NORMAL,Synthetic / Demonstration Dataset
C1343,LOT_2026_03,MICRO_ATMEGA328P,TEST_LOT_2026_03_24H,2026-08-09 08:00:00,125.0,4.9645,12.6051,7.2855,65.9037,24,30.0,15.0,NORMAL,Synthetic / Demonstration Dataset
C1343,LOT_2026_03,MICRO_ATMEGA328P,TEST_LOT_2026_03_96H,2026-08-12 08:00:00,125.0,4.9715,12.5059,6.4839,65.7631,96,30.0,15.0,NORMAL,Synthetic / Demonstration Dataset
C1343,LOT_2026_03,MICRO_ATMEGA328P,TEST_LOT_2026_03_168H,2026-08-15 08:00:00,85.0,5.0463,12.5584,6.2942,65.5361,168,30.0,15.0,NORMAL,Synthetic / Demonstration Dataset
C1344,LOT_2026_03,MICRO_ATMEGA328P,TEST_LOT_2026_03_0H,2026-08-09 08:00:00,25.0,5.0482,12.5523,5.3259,64.6809,0,30.0,15.0,NORMAL,Synthetic / Demonstration Dataset
C1344,LOT_2026_03,MICRO_ATMEGA328P,TEST_LOT_2026_03_24H,2026-08-10 08:00:00,125.0,4.9657,12.5312,6.2053,65.6696,24,30.0,15.0,NORMAL,Synthetic / Demonstration Dataset
C1344,LOT_2026_03,MICRO_ATMEGA328P,TEST_LOT_2026_03_96H,2026-08-13 08:00:00,125.0,5.0344,12.5356,6.6268,65.7777,96,30.0,15.0,NORMAL,Synthetic / Demonstration Dataset
C1344,LOT_2026_03,MICRO_ATMEGA328P,TEST_LOT_2026_03_168H,2026-08-16 08:00:00,85.0,5.0171,12.5664,6.9434,65.5955,168,30.0,15.0,NORMAL,Synthetic / Demonstration Dataset
C1345,LOT_2026_03,MICRO_ATMEGA328P,TEST_LOT_2026_03_0H,2026-08-03 08:00:00,25.0,4.9683,12.5391,8.1612,66.2425,0,30.0,15.0,LOT_ANOMALY,Synthetic / Demonstration Dataset
C1345,LOT_2026_03,MICRO_ATMEGA328P,TEST_LOT_2026_03_24H,2026-08-04 08:00:00,125.0,4.9889,12.5392,10.6654,68.9378,24,30.0,15.0,LOT_ANOMALY,Synthetic / Demonstration Dataset
C1345,LOT_2026_03,MICRO_ATMEGA328P,TEST_LOT_2026_03_96H,2026-08-07 08:00:00,125.0,4.9297,12.5894,11.147,68.1428,96,30.0,15.0,LOT_ANOMALY,Synthetic / Demonstration Dataset
C1345,LOT_2026_03,MICRO_ATMEGA328P,TEST_LOT_2026_03_168H,2026-08-10 08:00:00,85.0,4.9446,12.6666,11.7751,69.2622,168,30.0,15.0,LOT_ANOMALY,Synthetic / Demonstration Dataset
C1346,LOT_2026_03,MICRO_ATMEGA328P,TEST_LOT_2026_03_0H,2026-08-10 08:00:00,25.0,4.9861,12.4912,4.2982,64.522,0,30.0,15.0,NORMAL,Synthetic / Demonstration Dataset
C1346,LOT_2026_03,MICRO_ATMEGA328P,TEST_LOT_2026_03_24H,2026-08-11 08:00:00,125.0,5.033,12.6084,5.3891,64.727,24,30.0,15.0,NORMAL,Synthetic / Demonstration Dataset
C1346,LOT_2026_03,MICRO_ATMEGA328P,TEST_LOT_2026_03_96H,2026-08-14 08:00:00,125.0,4.9989,12.5628,4.8096,65.0607,96,30.0,15.0,NORMAL,Synthetic / Demonstration Dataset
C1346,LOT_2026_03,MICRO_ATMEGA328P,TEST_LOT_2026_03_168H,2026-08-17 08:00:00,85.0,5.0062,12.6269,5.1157,65.2964,168,30.0,15.0,NORMAL,Synthetic / Demonstration Dataset
C1347,LOT_2026_03,MICRO_ATMEGA328P,TEST_LOT_2026_03_0H,2026-08-10 08:00:00,25.0,4.975,12.5365,4.5025,65.7742,0,30.0,15.0,NORMAL,Synthetic / Demonstration Dataset
C1347,LOT_2026_03,MICRO_ATMEGA328P,TEST_LOT_2026_03_24H,2026-08-11 08:00:00,125.0,4.999,12.5319,5.599,65.9863,24,30.0,15.0,NORMAL,Synthetic / Demonstration Dataset
C1347,LOT_2026_03,MICRO_ATMEGA328P,TEST_LOT_2026_03_96H,2026-08-14 08:00:00,125.0,5.0225,12.5688,6.4685,65.7572,96,30.0,15.0,NORMAL,Synthetic / Demonstration Dataset
C1347,LOT_2026_03,MICRO_ATMEGA328P,TEST_LOT_2026_03_168H,2026-08-17 08:00:00,85.0,5.0373,12.5509,4.4226,64.979,168,30.0,15.0,NORMAL,Synthetic / Demonstration Dataset
C1348,LOT_2026_03,MICRO_ATMEGA328P,TEST_LOT_2026_03_0H,2026-08-15 08:00:00,25.0,4.9808,12.5218,4.232,65.2545,0,30.0,15.0,NORMAL,Synthetic / Demonstration Dataset
C1348,LOT_2026_03,MICRO_ATMEGA328P,TEST_LOT_2026_03_24H,2026-08-16 08:00:00,125.0,5.1041,12.5738,5.2275,64.3164,24,30.0,15.0,NORMAL,Synthetic / Demonstration Dataset
C1348,LOT_2026_03,MICRO_ATMEGA328P,TEST_LOT_2026_03_96H,2026-08-19 08:00:00,125.0,4.9674,12.4442,5.3921,66.1957,96,30.0,15.0,NORMAL,Synthetic / Demonstration Dataset
C1348,LOT_2026_03,MICRO_ATMEGA328P,TEST_LOT_2026_03_168H,2026-08-22 08:00:00,85.0,5.0267,12.5633,5.5028,64.3877,168,30.0,15.0,NORMAL,Synthetic / Demonstration Dataset
C1349,LOT_2026_03,MICRO_ATMEGA328P,TEST_LOT_2026_03_0H,2026-08-13 08:00:00,25.0,5.0421,12.4916,4.4143,63.1248,0,30.0,15.0,NORMAL,Synthetic / Demonstration Dataset
C1349,LOT_2026_03,MICRO_ATMEGA328P,TEST_LOT_2026_03_24H,2026-08-14 08:00:00,125.0,4.9929,12.5616,5.4826,65.6966,24,30.0,15.0,NORMAL,Synthetic / Demonstration Dataset
C1349,LOT_2026_03,MICRO_ATMEGA328P,TEST_LOT_2026_03_96H,2026-08-17 08:00:00,125.0,5.0129,12.6186,5.8867,64.494,96,30.0,15.0,NORMAL,Synthetic / Demonstration Dataset
C1349,LOT_2026_03,MICRO_ATMEGA328P,TEST_LOT_2026_03_168H,2026-08-20 08:00:00,85.0,5.0313,12.4942,5.618,64.3697,168,30.0,15.0,NORMAL,Synthetic / Demonstration Dataset
C1350,LOT_2026_03,MICRO_ATMEGA328P,TEST_LOT_2026_03_0H,2026-08-16 08:00:00,25.0,4.9669,12.5797,4.2044,64.2181,0,30.0,15.0,SENSOR_NOISE,Synthetic / Demonstration Dataset
C1350,LOT_2026_03,MICRO_ATMEGA328P,TEST_LOT_2026_03_24H,2026-08-17 08:00:00,125.0,4.9694,12.6067,5.0798,65.048,24,30.0,15.0,SENSOR_NOISE,Synthetic / Demonstration Dataset
C1350,LOT_2026_03,MICRO_ATMEGA328P,TEST_LOT_2026_03_96H,2026-08-20 08:00:00,125.0,4.9945,12.618,,64.7021,96,30.0,15.0,SENSOR_NOISE,Synthetic / Demonstration Dataset
C1350,LOT_2026_03,MICRO_ATMEGA328P,TEST_LOT_2026_03_168H,2026-08-23 08:00:00,85.0,5.0105,12.5494,5.7463,66.9362,168,30.0,15.0,SENSOR_NOISE,Synthetic / Demonstration Dataset
C1351,LOT_2026_03,MICRO_ATMEGA328P,TEST_LOT_2026_03_0H,2026-08-11 08:00:00,25.0,4.9823,12.4779,3.9566,65.0736,0,30.0,15.0,GRADUAL_DEGRADE,Synthetic / Demonstration Dataset
C1351,LOT_2026_03,MICRO_ATMEGA328P,TEST_LOT_2026_03_24H,2026-08-12 08:00:00,125.0,4.9332,12.6693,6.2538,65.3081,24,30.0,15.0,GRADUAL_DEGRADE,Synthetic / Demonstration Dataset
C1351,LOT_2026_03,MICRO_ATMEGA328P,TEST_LOT_2026_03_96H,2026-08-15 08:00:00,125.0,5.0365,12.6863,8.4488,67.0175,96,30.0,15.0,GRADUAL_DEGRADE,Synthetic / Demonstration Dataset
C1351,LOT_2026_03,MICRO_ATMEGA328P,TEST_LOT_2026_03_168H,2026-08-18 08:00:00,85.0,5.082,12.5751,13.4148,70.1144,168,30.0,15.0,GRADUAL_DEGRADE,Synthetic / Demonstration Dataset
C1352,LOT_2026_03,MICRO_ATMEGA328P,TEST_LOT_2026_03_0H,2026-08-01 08:00:00,25.0,5.0527,12.5403,4.2096,65.0865,0,30.0,15.0,NORMAL,Synthetic / Demonstration Dataset
C1352,LOT_2026_03,MICRO_ATMEGA328P,TEST_LOT_2026_03_24H,2026-08-02 08:00:00,125.0,4.908,12.397,5.3033,65.2828,24,30.0,15.0,NORMAL,Synthetic / Demonstration Dataset
C1352,LOT_2026_03,MICRO_ATMEGA328P,TEST_LOT_2026_03_96H,2026-08-05 08:00:00,125.0,5.0199,12.5406,5.3166,66.4196,96,30.0,15.0,NORMAL,Synthetic / Demonstration Dataset
C1352,LOT_2026_03,MICRO_ATMEGA328P,TEST_LOT_2026_03_168H,2026-08-08 08:00:00,85.0,4.9777,12.5695,5.2661,64.8651,168,30.0,15.0,NORMAL,Synthetic / Demonstration Dataset
C1353,LOT_2026_03,MICRO_ATMEGA328P,TEST_LOT_2026_03_0H,2026-08-01 08:00:00,25.0,4.9391,12.5483,4.8755,64.6391,0,30.0,15.0,NORMAL,Synthetic / Demonstration Dataset
C1353,LOT_2026_03,MICRO_ATMEGA328P,TEST_LOT_2026_03_24H,2026-08-02 08:00:00,125.0,5.0988,12.504,5.8211,65.4149,24,30.0,15.0,NORMAL,Synthetic / Demonstration Dataset
C1353,LOT_2026_03,MICRO_ATMEGA328P,TEST_LOT_2026_03_96H,2026-08-05 08:00:00,125.0,5.0149,12.4955,5.9216,65.986,96,30.0,15.0,NORMAL,Synthetic / Demonstration Dataset
C1353,LOT_2026_03,MICRO_ATMEGA328P,TEST_LOT_2026_03_168H,2026-08-08 08:00:00,85.0,4.958,12.6291,6.8208,65.6717,168,30.0,15.0,NORMAL,Synthetic / Demonstration Dataset
C1354,LOT_2026_03,MICRO_ATMEGA328P,TEST_LOT_2026_03_0H,2026-08-09 08:00:00,25.0,5.0753,12.8724,31.3102,79.1178,0,30.0,15.0,SEVERE_FAILURE,Synthetic / Demonstration Dataset
C1354,LOT_2026_03,MICRO_ATMEGA328P,TEST_LOT_2026_03_24H,2026-08-10 08:00:00,125.0,4.9723,12.9757,48.8439,86.4508,24,30.0,15.0,SEVERE_FAILURE,Synthetic / Demonstration Dataset
C1354,LOT_2026_03,MICRO_ATMEGA328P,TEST_LOT_2026_03_96H,2026-08-13 08:00:00,125.0,5.0191,13.2325,67.6301,95.2258,96,30.0,15.0,SEVERE_FAILURE,Synthetic / Demonstration Dataset
C1354,LOT_2026_03,MICRO_ATMEGA328P,TEST_LOT_2026_03_168H,2026-08-16 08:00:00,85.0,5.0205,13.3629,87.6686,106.4052,168,30.0,15.0,SEVERE_FAILURE,Synthetic / Demonstration Dataset
C1355,LOT_2026_03,MICRO_ATMEGA328P,TEST_LOT_2026_03_0H,2026-08-06 08:00:00,25.0,4.9906,12.5465,5.1684,64.9505,0,30.0,15.0,NORMAL,Synthetic / Demonstration Dataset
C1355,LOT_2026_03,MICRO_ATMEGA328P,TEST_LOT_2026_03_24H,2026-08-07 08:00:00,125.0,5.0209,12.5778,6.6749,65.0431,24,30.0,15.0,NORMAL,Synthetic / Demonstration Dataset
C1355,LOT_2026_03,MICRO_ATMEGA328P,TEST_LOT_2026_03_96H,2026-08-10 08:00:00,125.0,5.0449,12.5661,6.4257,66.1251,96,30.0,15.0,NORMAL,Synthetic / Demonstration Dataset
C1355,LOT_2026_03,MICRO_ATMEGA328P,TEST_LOT_2026_03_168H,2026-08-13 08:00:00,85.0,5.0519,12.5749,7.028,65.6946,168,30.0,15.0,NORMAL,Synthetic / Demonstration Dataset
C1356,LOT_2026_03,MICRO_ATMEGA328P,TEST_LOT_2026_03_0H,2026-08-15 08:00:00,25.0,4.9916,12.5113,2.7583,64.1231,0,30.0,15.0,NORMAL,Synthetic / Demonstration Dataset
C1356,LOT_2026_03,MICRO_ATMEGA328P,TEST_LOT_2026_03_24H,2026-08-16 08:00:00,125.0,4.984,12.4462,3.513,63.669,24,30.0,15.0,NORMAL,Synthetic / Demonstration Dataset
C1356,LOT_2026_03,MICRO_ATMEGA328P,TEST_LOT_2026_03_96H,2026-08-19 08:00:00,125.0,5.0858,12.5335,3.8416,64.6257,96,30.0,15.0,NORMAL,Synthetic / Demonstration Dataset
C1356,LOT_2026_03,MICRO_ATMEGA328P,TEST_LOT_2026_03_168H,2026-08-22 08:00:00,85.0,4.9595,12.558,3.964,64.0192,168,30.0,15.0,NORMAL,Synthetic / Demonstration Dataset
C1357,LOT_2026_03,MICRO_ATMEGA328P,TEST_LOT_2026_03_0H,2026-08-06 08:00:00,25.0,5.0076,12.5699,5.493,64.7574,0,30.0,15.0,SUDDEN_DEGRADE,Synthetic / Demonstration Dataset
C1357,LOT_2026_03,MICRO_ATMEGA328P,TEST_LOT_2026_03_24H,2026-08-07 08:00:00,125.0,5.0354,12.6388,7.2132,66.4703,24,30.0,15.0,SUDDEN_DEGRADE,Synthetic / Demonstration Dataset
C1357,LOT_2026_03,MICRO_ATMEGA328P,TEST_LOT_2026_03_96H,2026-08-10 08:00:00,125.0,5.0393,12.6457,17.3699,69.4143,96,30.0,15.0,SUDDEN_DEGRADE,Synthetic / Demonstration Dataset
C1357,LOT_2026_03,MICRO_ATMEGA328P,TEST_LOT_2026_03_168H,2026-08-13 08:00:00,85.0,5.068,12.8858,30.5865,78.1453,168,30.0,15.0,SUDDEN_DEGRADE,Synthetic / Demonstration Dataset
C1358,LOT_2026_03,MICRO_ATMEGA328P,TEST_LOT_2026_03_0H,2026-08-14 08:00:00,25.0,5.0724,12.8512,30.4312,77.6055,0,30.0,15.0,SEVERE_FAILURE,Synthetic / Demonstration Dataset
C1358,LOT_2026_03,MICRO_ATMEGA328P,TEST_LOT_2026_03_24H,2026-08-15 08:00:00,125.0,5.0041,12.9682,47.4727,86.9415,24,30.0,15.0,SEVERE_FAILURE,Synthetic / Demonstration Dataset
C1358,LOT_2026_03,MICRO_ATMEGA328P,TEST_LOT_2026_03_96H,2026-08-18 08:00:00,125.0,4.9562,13.117,65.7314,95.9971,96,30.0,15.0,SEVERE_FAILURE,Synthetic / Demonstration Dataset
C1358,LOT_2026_03,MICRO_ATMEGA328P,TEST_LOT_2026_03_168H,2026-08-21 08:00:00,85.0,4.9978,13.421,85.2073,104.684,168,30.0,15.0,SEVERE_FAILURE,Synthetic / Demonstration Dataset
C1359,LOT_2026_03,MICRO_ATMEGA328P,TEST_LOT_2026_03_0H,2026-08-16 08:00:00,25.0,4.9539,12.5479,4.7573,63.9546,0,30.0,15.0,NORMAL,Synthetic / Demonstration Dataset
C1359,LOT_2026_03,MICRO_ATMEGA328P,TEST_LOT_2026_03_24H,2026-08-17 08:00:00,125.0,4.9282,12.593,5.8318,65.8638,24,30.0,15.0,NORMAL,Synthetic / Demonstration Dataset
C1359,LOT_2026_03,MICRO_ATMEGA328P,TEST_LOT_2026_03_96H,2026-08-20 08:00:00,125.0,5.0667,12.6793,5.4459,65.2517,96,30.0,15.0,NORMAL,Synthetic / Demonstration Dataset
C1359,LOT_2026_03,MICRO_ATMEGA328P,TEST_LOT_2026_03_168H,2026-08-23 08:00:00,85.0,5.1412,12.4889,5.489,65.2571,168,30.0,15.0,NORMAL,Synthetic / Demonstration Dataset
C1360,LOT_2026_03,MICRO_ATMEGA328P,TEST_LOT_2026_03_0H,2026-08-16 08:00:00,25.0,5.0673,12.5674,4.9449,64.6608,0,30.0,15.0,SENSOR_NOISE,Synthetic / Demonstration Dataset
C1360,LOT_2026_03,MICRO_ATMEGA328P,TEST_LOT_2026_03_24H,2026-08-17 08:00:00,125.0,4.9829,12.5091,5.9455,65.5027,24,30.0,15.0,SENSOR_NOISE,Synthetic / Demonstration Dataset
C1360,LOT_2026_03,MICRO_ATMEGA328P,TEST_LOT_2026_03_96H,2026-08-20 08:00:00,125.0,4.9253,12.6237,,65.2343,96,30.0,15.0,SENSOR_NOISE,Synthetic / Demonstration Dataset
C1360,LOT_2026_03,MICRO_ATMEGA328P,TEST_LOT_2026_03_168H,2026-08-23 08:00:00,85.0,4.9916,12.5576,5.4181,64.1175,168,30.0,15.0,SENSOR_NOISE,Synthetic / Demonstration Dataset
C1361,LOT_2026_04,OPAMP_LM741,TEST_LOT_2026_04_0H,2026-08-11 08:00:00,25.0,15.2567,1.8153,8.9092,353.055,0,50.0,25.0,GRADUAL_DEGRADE,Synthetic / Demonstration Dataset
C1361,LOT_2026_04,OPAMP_LM741,TEST_LOT_2026_04_24H,2026-08-12 08:00:00,125.0,14.8882,1.8393,14.7432,357.2829,24,50.0,25.0,GRADUAL_DEGRADE,Synthetic / Demonstration Dataset
C1361,LOT_2026_04,OPAMP_LM741,TEST_LOT_2026_04_96H,2026-08-15 08:00:00,125.0,15.0088,1.8598,18.9976,358.2976,96,50.0,25.0,GRADUAL_DEGRADE,Synthetic / Demonstration Dataset
C1361,LOT_2026_04,OPAMP_LM741,TEST_LOT_2026_04_168H,2026-08-18 08:00:00,85.0,14.6871,2.0071,28.8428,367.4019,168,50.0,25.0,GRADUAL_DEGRADE,Synthetic / Demonstration Dataset
C1362,LOT_2026_04,OPAMP_LM741,TEST_LOT_2026_04_0H,2026-08-16 08:00:00,25.0,14.9604,1.7269,11.7021,356.7864,0,50.0,25.0,NORMAL,Synthetic / Demonstration Dataset
C1362,LOT_2026_04,OPAMP_LM741,TEST_LOT_2026_04_24H,2026-08-17 08:00:00,125.0,14.9482,1.8365,14.3134,357.6596,24,50.0,25.0,NORMAL,Synthetic / Demonstration Dataset
C1362,LOT_2026_04,OPAMP_LM741,TEST_LOT_2026_04_96H,2026-08-20 08:00:00,125.0,15.048,1.8344,14.5327,358.6113,96,50.0,25.0,NORMAL,Synthetic / Demonstration Dataset
C1362,LOT_2026_04,OPAMP_LM741,TEST_LOT_2026_04_168H,2026-08-23 08:00:00,85.0,15.0963,1.8029,13.4266,356.969,168,50.0,25.0,NORMAL,Synthetic / Demonstration Dataset
C1363,LOT_2026_04,OPAMP_LM741,TEST_LOT_2026_04_0H,2026-08-13 08:00:00,25.0,14.9445,1.8105,8.2173,350.4906,0,50.0,25.0,NORMAL,Synthetic / Demonstration Dataset
C1363,LOT_2026_04,OPAMP_LM741,TEST_LOT_2026_04_24H,2026-08-14 08:00:00,125.0,14.6392,1.7318,10.024,351.1393,24,50.0,25.0,NORMAL,Synthetic / Demonstration Dataset
C1363,LOT_2026_04,OPAMP_LM741,TEST_LOT_2026_04_96H,2026-08-17 08:00:00,125.0,15.05,1.7998,10.2574,353.7896,96,50.0,25.0,NORMAL,Synthetic / Demonstration Dataset
C1363,LOT_2026_04,OPAMP_LM741,TEST_LOT_2026_04_168H,2026-08-20 08:00:00,85.0,15.1074,1.8055,9.4816,353.572,168,50.0,25.0,NORMAL,Synthetic / Demonstration Dataset
C1364,LOT_2026_04,OPAMP_LM741,TEST_LOT_2026_04_0H,2026-08-02 08:00:00,25.0,15.194,1.9496,15.2058,353.2428,0,50.0,25.0,LOT_ANOMALY,Synthetic / Demonstration Dataset
C1364,LOT_2026_04,OPAMP_LM741,TEST_LOT_2026_04_24H,2026-08-03 08:00:00,125.0,15.4635,1.9044,19.0351,359.9216,24,50.0,25.0,LOT_ANOMALY,Synthetic / Demonstration Dataset
C1364,LOT_2026_04,OPAMP_LM741,TEST_LOT_2026_04_96H,2026-08-06 08:00:00,125.0,15.0735,1.9319,19.4202,355.3534,96,50.0,25.0,LOT_ANOMALY,Synthetic / Demonstration Dataset
C1364,LOT_2026_04,OPAMP_LM741,TEST_LOT_2026_04_168H,2026-08-09 08:00:00,85.0,14.6596,1.8765,18.6957,356.1884,168,50.0,25.0,LOT_ANOMALY,Synthetic / Demonstration Dataset
C1365,LOT_2026_04,OPAMP_LM741,TEST_LOT_2026_04_0H,2026-08-11 08:00:00,25.0,14.7515,1.7801,10.5728,358.6693,0,50.0,25.0,NORMAL,Synthetic / Demonstration Dataset
C1365,LOT_2026_04,OPAMP_LM741,TEST_LOT_2026_04_24H,2026-08-12 08:00:00,125.0,14.7143,1.8405,12.7651,354.3297,24,50.0,25.0,NORMAL,Synthetic / Demonstration Dataset
C1365,LOT_2026_04,OPAMP_LM741,TEST_LOT_2026_04_96H,2026-08-15 08:00:00,125.0,14.8905,1.9285,12.9805,351.037,96,50.0,25.0,NORMAL,Synthetic / Demonstration Dataset
C1365,LOT_2026_04,OPAMP_LM741,TEST_LOT_2026_04_168H,2026-08-18 08:00:00,85.0,14.9414,1.8448,13.559,354.7677,168,50.0,25.0,NORMAL,Synthetic / Demonstration Dataset
C1366,LOT_2026_04,OPAMP_LM741,TEST_LOT_2026_04_0H,2026-08-04 08:00:00,25.0,14.8823,1.8243,9.4259,349.7751,0,50.0,25.0,NORMAL,Synthetic / Demonstration Dataset
C1366,LOT_2026_04,OPAMP_LM741,TEST_LOT_2026_04_24H,2026-08-05 08:00:00,125.0,14.6723,1.8301,11.6384,358.7912,24,50.0,25.0,NORMAL,Synthetic / Demonstration Dataset
C1366,LOT_2026_04,OPAMP_LM741,TEST_LOT_2026_04_96H,2026-08-08 08:00:00,125.0,15.1018,1.8147,11.2122,361.2006,96,50.0,25.0,NORMAL,Synthetic / Demonstration Dataset
C1366,LOT_2026_04,OPAMP_LM741,TEST_LOT_2026_04_168H,2026-08-11 08:00:00,85.0,15.4224,1.6867,10.6218,354.1577,168,50.0,25.0,NORMAL,Synthetic / Demonstration Dataset
C1367,LOT_2026_04,OPAMP_LM741,TEST_LOT_2026_04_0H,2026-08-13 08:00:00,25.0,14.7452,2.234,51.9157,376.4461,0,50.0,25.0,SEVERE_FAILURE,Synthetic / Demonstration Dataset
C1367,LOT_2026_04,OPAMP_LM741,TEST_LOT_2026_04_24H,2026-08-14 08:00:00,125.0,14.9573,2.5046,80.9885,401.3383,24,50.0,25.0,SEVERE_FAILURE,Synthetic / Demonstration Dataset
C1367,LOT_2026_04,OPAMP_LM741,TEST_LOT_2026_04_96H,2026-08-17 08:00:00,125.0,14.9613,2.8469,112.1379,403.7962,96,50.0,25.0,SEVERE_FAILURE,Synthetic / Demonstration Dataset
C1367,LOT_2026_04,OPAMP_LM741,TEST_LOT_2026_04_168H,2026-08-20 08:00:00,85.0,15.0443,3.1417,145.364,421.2452,168,50.0,25.0,SEVERE_FAILURE,Synthetic / Demonstration Dataset
C1368,LOT_2026_04,OPAMP_LM741,TEST_LOT_2026_04_0H,2026-08-01 08:00:00,25.0,15.1766,1.8303,12.3485,348.1095,0,50.0,25.0,GRADUAL_DEGRADE,Synthetic / Demonstration Dataset
C1368,LOT_2026_04,OPAMP_LM741,TEST_LOT_2026_04_24H,2026-08-02 08:00:00,125.0,14.9458,1.8279,19.2437,360.7718,24,50.0,25.0,GRADUAL_DEGRADE,Synthetic / Demonstration Dataset
C1368,LOT_2026_04,OPAMP_LM741,TEST_LOT_2026_04_96H,2026-08-05 08:00:00,125.0,15.1655,2.0626,29.0491,365.2909,96,50.0,25.0,GRADUAL_DEGRADE,Synthetic / Demonstration Dataset
C1368,LOT_2026_04,OPAMP_LM741,TEST_LOT_2026_04_168H,2026-08-08 08:00:00,85.0,14.8737,2.048,34.5311,364.3925,168,50.0,25.0,GRADUAL_DEGRADE,Synthetic / Demonstration Dataset
C1369,LOT_2026_04,OPAMP_LM741,TEST_LOT_2026_04_0H,2026-08-15 08:00:00,25.0,14.7442,1.8133,12.0356,353.0677,0,50.0,25.0,NORMAL,Synthetic / Demonstration Dataset
C1369,LOT_2026_04,OPAMP_LM741,TEST_LOT_2026_04_24H,2026-08-16 08:00:00,125.0,15.0898,1.8188,15.123,356.5825,24,50.0,25.0,NORMAL,Synthetic / Demonstration Dataset
C1369,LOT_2026_04,OPAMP_LM741,TEST_LOT_2026_04_96H,2026-08-19 08:00:00,125.0,14.8581,1.7665,15.4728,358.7549,96,50.0,25.0,NORMAL,Synthetic / Demonstration Dataset
C1369,LOT_2026_04,OPAMP_LM741,TEST_LOT_2026_04_168H,2026-08-22 08:00:00,85.0,15.0999,1.8743,14.0684,363.2317,168,50.0,25.0,NORMAL,Synthetic / Demonstration Dataset
C1370,LOT_2026_04,OPAMP_LM741,TEST_LOT_2026_04_0H,2026-08-07 08:00:00,25.0,14.8196,1.8142,8.1041,350.1823,0,50.0,25.0,NORMAL,Synthetic / Demonstration Dataset
C1370,LOT_2026_04,OPAMP_LM741,TEST_LOT_2026_04_24H,2026-08-08 08:00:00,125.0,15.2799,1.7152,9.6153,353.5782,24,50.0,25.0,NORMAL,Synthetic / Demonstration Dataset
C1370,LOT_2026_04,OPAMP_LM741,TEST_LOT_2026_04_96H,2026-08-11 08:00:00,125.0,15.1964,1.7072,10.0635,356.4859,96,50.0,25.0,NORMAL,Synthetic / Demonstration Dataset
C1370,LOT_2026_04,OPAMP_LM741,TEST_LOT_2026_04_168H,2026-08-14 08:00:00,85.0,15.0941,1.7459,9.1257,360.0659,168,50.0,25.0,NORMAL,Synthetic / Demonstration Dataset
C1371,LOT_2026_04,OPAMP_LM741,TEST_LOT_2026_04_0H,2026-08-16 08:00:00,25.0,14.6307,1.7514,9.0847,353.6278,0,50.0,25.0,NORMAL,Synthetic / Demonstration Dataset
C1371,LOT_2026_04,OPAMP_LM741,TEST_LOT_2026_04_24H,2026-08-17 08:00:00,125.0,14.8112,1.7521,11.4014,359.0627,24,50.0,25.0,NORMAL,Synthetic / Demonstration Dataset
C1371,LOT_2026_04,OPAMP_LM741,TEST_LOT_2026_04_96H,2026-08-20 08:00:00,125.0,14.9732,1.7997,10.7665,356.1448,96,50.0,25.0,NORMAL,Synthetic / Demonstration Dataset
C1371,LOT_2026_04,OPAMP_LM741,TEST_LOT_2026_04_168H,2026-08-23 08:00:00,85.0,14.861,1.8196,10.2869,352.0075,168,50.0,25.0,NORMAL,Synthetic / Demonstration Dataset
C1372,LOT_2026_04,OPAMP_LM741,TEST_LOT_2026_04_0H,2026-08-02 08:00:00,25.0,15.1842,1.8097,8.5339,360.4532,0,50.0,25.0,NORMAL,Synthetic / Demonstration Dataset
C1372,LOT_2026_04,OPAMP_LM741,TEST_LOT_2026_04_24H,2026-08-03 08:00:00,125.0,14.8098,1.8115,10.6688,351.7797,24,50.0,25.0,NORMAL,Synthetic / Demonstration Dataset
C1372,LOT_2026_04,OPAMP_LM741,TEST_LOT_2026_04_96H,2026-08-06 08:00:00,125.0,14.9329,1.8491,10.0061,355.9652,96,50.0,25.0,NORMAL,Synthetic / Demonstration Dataset
C1372,LOT_2026_04,OPAMP_LM741,TEST_LOT_2026_04_168H,2026-08-09 08:00:00,85.0,14.9276,1.7867,9.3828,348.7795,168,50.0,25.0,NORMAL,Synthetic / Demonstration Dataset
C1373,LOT_2026_04,OPAMP_LM741,TEST_LOT_2026_04_0H,2026-08-05 08:00:00,25.0,14.9657,1.7407,11.0216,350.4457,0,50.0,25.0,NORMAL,Synthetic / Demonstration Dataset
C1373,LOT_2026_04,OPAMP_LM741,TEST_LOT_2026_04_24H,2026-08-06 08:00:00,125.0,14.9429,1.8968,13.7301,362.3676,24,50.0,25.0,NORMAL,Synthetic / Demonstration Dataset
C1373,LOT_2026_04,OPAMP_LM741,TEST_LOT_2026_04_96H,2026-08-09 08:00:00,125.0,14.92,1.7146,13.954,358.0725,96,50.0,25.0,NORMAL,Synthetic / Demonstration Dataset
C1373,LOT_2026_04,OPAMP_LM741,TEST_LOT_2026_04_168H,2026-08-12 08:00:00,85.0,14.9947,1.7378,13.7293,354.5026,168,50.0,25.0,NORMAL,Synthetic / Demonstration Dataset
C1374,LOT_2026_04,OPAMP_LM741,TEST_LOT_2026_04_0H,2026-08-15 08:00:00,25.0,14.8353,1.6713,9.9453,354.6302,0,50.0,25.0,SUDDEN_DEGRADE,Synthetic / Demonstration Dataset
C1374,LOT_2026_04,OPAMP_LM741,TEST_LOT_2026_04_24H,2026-08-16 08:00:00,125.0,15.0759,1.8291,13.3411,361.0722,24,50.0,25.0,SUDDEN_DEGRADE,Synthetic / Demonstration Dataset
C1374,LOT_2026_04,OPAMP_LM741,TEST_LOT_2026_04_96H,2026-08-19 08:00:00,125.0,15.0609,1.9327,31.5327,362.1257,96,50.0,25.0,SUDDEN_DEGRADE,Synthetic / Demonstration Dataset
C1374,LOT_2026_04,OPAMP_LM741,TEST_LOT_2026_04_168H,2026-08-22 08:00:00,85.0,15.0969,2.2414,59.6395,384.2028,168,50.0,25.0,SUDDEN_DEGRADE,Synthetic / Demonstration Dataset
C1375,LOT_2026_04,OPAMP_LM741,TEST_LOT_2026_04_0H,2026-08-16 08:00:00,25.0,15.0966,1.8077,10.3594,349.0464,0,50.0,25.0,GRADUAL_DEGRADE,Synthetic / Demonstration Dataset
C1375,LOT_2026_04,OPAMP_LM741,TEST_LOT_2026_04_24H,2026-08-17 08:00:00,125.0,14.8709,1.8769,16.4259,355.0726,24,50.0,25.0,GRADUAL_DEGRADE,Synthetic / Demonstration Dataset
C1375,LOT_2026_04,OPAMP_LM741,TEST_LOT_2026_04_96H,2026-08-20 08:00:00,125.0,14.855,1.8999,23.9703,362.3454,96,50.0,25.0,GRADUAL_DEGRADE,Synthetic / Demonstration Dataset
C1375,LOT_2026_04,OPAMP_LM741,TEST_LOT_2026_04_168H,2026-08-23 08:00:00,85.0,14.6529,1.9885,33.0472,371.1512,168,50.0,25.0,GRADUAL_DEGRADE,Synthetic / Demonstration Dataset
C1376,LOT_2026_04,OPAMP_LM741,TEST_LOT_2026_04_0H,2026-08-08 08:00:00,25.0,15.2688,1.9223,11.7948,358.3744,0,50.0,25.0,NORMAL,Synthetic / Demonstration Dataset
C1376,LOT_2026_04,OPAMP_LM741,TEST_LOT_2026_04_24H,2026-08-09 08:00:00,125.0,14.9696,1.8285,14.3098,355.7417,24,50.0,25.0,NORMAL,Synthetic / Demonstration Dataset
C1376,LOT_2026_04,OPAMP_LM741,TEST_LOT_2026_04_96H,2026-08-12 08:00:00,125.0,15.0001,1.8982,14.9601,359.8479,96,50.0,25.0,NORMAL,Synthetic / Demonstration Dataset
C1376,LOT_2026_04,OPAMP_LM741,TEST_LOT_2026_04_168H,2026-08-15 08:00:00,85.0,14.7424,1.7698,13.166,355.0895,168,50.0,25.0,NORMAL,Synthetic / Demonstration Dataset
C1377,LOT_2026_04,OPAMP_LM741,TEST_LOT_2026_04_0H,2026-08-10 08:00:00,25.0,14.9028,1.8384,10.327,353.3166,0,50.0,25.0,NORMAL,Synthetic / Demonstration Dataset
C1377,LOT_2026_04,OPAMP_LM741,TEST_LOT_2026_04_24H,2026-08-11 08:00:00,125.0,15.0176,1.9137,12.6941,352.9337,24,50.0,25.0,NORMAL,Synthetic / Demonstration Dataset
C1377,LOT_2026_04,OPAMP_LM741,TEST_LOT_2026_04_96H,2026-08-14 08:00:00,125.0,14.9108,1.7685,13.5475,356.0145,96,50.0,25.0,NORMAL,Synthetic / Demonstration Dataset
C1377,LOT_2026_04,OPAMP_LM741,TEST_LOT_2026_04_168H,2026-08-17 08:00:00,85.0,15.1343,1.8648,13.4658,359.5161,168,50.0,25.0,NORMAL,Synthetic / Demonstration Dataset
C1378,LOT_2026_04,OPAMP_LM741,TEST_LOT_2026_04_0H,2026-08-14 08:00:00,25.0,15.0489,1.7925,9.2423,360.9529,0,50.0,25.0,NORMAL,Synthetic / Demonstration Dataset
C1378,LOT_2026_04,OPAMP_LM741,TEST_LOT_2026_04_24H,2026-08-15 08:00:00,125.0,14.9433,1.7548,11.3047,356.1424,24,50.0,25.0,NORMAL,Synthetic / Demonstration Dataset
C1378,LOT_2026_04,OPAMP_LM741,TEST_LOT_2026_04_96H,2026-08-18 08:00:00,125.0,14.8198,1.8382,11.5562,356.5942,96,50.0,25.0,NORMAL,Synthetic / Demonstration Dataset
C1378,LOT_2026_04,OPAMP_LM741,TEST_LOT_2026_04_168H,2026-08-21 08:00:00,85.0,15.1819,1.8172,11.2534,351.9994,168,50.0,25.0,NORMAL,Synthetic / Demonstration Dataset
C1379,LOT_2026_04,OPAMP_LM741,TEST_LOT_2026_04_0H,2026-08-04 08:00:00,25.0,15.2643,1.8,9.1691,360.6961,0,50.0,25.0,NORMAL,Synthetic / Demonstration Dataset
C1379,LOT_2026_04,OPAMP_LM741,TEST_LOT_2026_04_24H,2026-08-05 08:00:00,125.0,15.1131,1.8606,11.3626,351.4003,24,50.0,25.0,NORMAL,Synthetic / Demonstration Dataset
C1379,LOT_2026_04,OPAMP_LM741,TEST_LOT_2026_04_96H,2026-08-08 08:00:00,125.0,14.8145,1.8005,11.4734,357.9773,96,50.0,25.0,NORMAL,Synthetic / Demonstration Dataset
C1379,LOT_2026_04,OPAMP_LM741,TEST_LOT_2026_04_168H,2026-08-11 08:00:00,85.0,15.0839,1.7277,10.258,359.1306,168,50.0,25.0,NORMAL,Synthetic / Demonstration Dataset
C1380,LOT_2026_04,OPAMP_LM741,TEST_LOT_2026_04_0H,2026-08-04 08:00:00,25.0,14.8459,1.7219,9.3685,352.6565,0,50.0,25.0,NORMAL,Synthetic / Demonstration Dataset
C1380,LOT_2026_04,OPAMP_LM741,TEST_LOT_2026_04_24H,2026-08-05 08:00:00,125.0,14.9177,1.8652,11.0244,354.8517,24,50.0,25.0,NORMAL,Synthetic / Demonstration Dataset
C1380,LOT_2026_04,OPAMP_LM741,TEST_LOT_2026_04_96H,2026-08-08 08:00:00,125.0,15.0339,1.8187,11.1783,362.4373,96,50.0,25.0,NORMAL,Synthetic / Demonstration Dataset
C1380,LOT_2026_04,OPAMP_LM741,TEST_LOT_2026_04_168H,2026-08-11 08:00:00,85.0,15.0458,1.8582,11.295,355.1771,168,50.0,25.0,NORMAL,Synthetic / Demonstration Dataset
C1381,LOT_2026_04,OPAMP_LM741,TEST_LOT_2026_04_0H,2026-08-05 08:00:00,25.0,15.2488,1.719,10.0753,358.4255,0,50.0,25.0,NORMAL,Synthetic / Demonstration Dataset
C1381,LOT_2026_04,OPAMP_LM741,TEST_LOT_2026_04_24H,2026-08-06 08:00:00,125.0,14.9563,1.7954,12.3038,356.6898,24,50.0,25.0,NORMAL,Synthetic / Demonstration Dataset
C1381,LOT_2026_04,OPAMP_LM741,TEST_LOT_2026_04_96H,2026-08-09 08:00:00,125.0,14.9378,1.7892,12.4347,349.5487,96,50.0,25.0,NORMAL,Synthetic / Demonstration Dataset
C1381,LOT_2026_04,OPAMP_LM741,TEST_LOT_2026_04_168H,2026-08-12 08:00:00,85.0,14.9232,1.8216,11.4081,362.5749,168,50.0,25.0,NORMAL,Synthetic / Demonstration Dataset
C1382,LOT_2026_04,OPAMP_LM741,TEST_LOT_2026_04_0H,2026-08-10 08:00:00,25.0,14.8464,1.7585,9.4267,355.25,0,50.0,25.0,NORMAL,Synthetic / Demonstration Dataset
C1382,LOT_2026_04,OPAMP_LM741,TEST_LOT_2026_04_24H,2026-08-11 08:00:00,125.0,15.1093,1.8583,11.6933,359.2389,24,50.0,25.0,NORMAL,Synthetic / Demonstration Dataset
C1382,LOT_2026_04,OPAMP_LM741,TEST_LOT_2026_04_96H,2026-08-14 08:00:00,125.0,15.308,1.798,11.5716,356.1685,96,50.0,25.0,NORMAL,Synthetic / Demonstration Dataset
C1382,LOT_2026_04,OPAMP_LM741,TEST_LOT_2026_04_168H,2026-08-17 08:00:00,85.0,15.085,1.7038,11.5864,355.8129,168,50.0,25.0,NORMAL,Synthetic / Demonstration Dataset
C1383,LOT_2026_04,OPAMP_LM741,TEST_LOT_2026_04_0H,2026-08-09 08:00:00,25.0,14.7985,1.8495,11.2002,356.9656,0,50.0,25.0,NORMAL,Synthetic / Demonstration Dataset
C1383,LOT_2026_04,OPAMP_LM741,TEST_LOT_2026_04_24H,2026-08-10 08:00:00,125.0,14.8962,1.8894,13.9644,357.5408,24,50.0,25.0,NORMAL,Synthetic / Demonstration Dataset
C1383,LOT_2026_04,OPAMP_LM741,TEST_LOT_2026_04_96H,2026-08-13 08:00:00,125.0,15.4179,1.9213,14.436,358.8998,96,50.0,25.0,NORMAL,Synthetic / Demonstration Dataset
C1383,LOT_2026_04,OPAMP_LM741,TEST_LOT_2026_04_168H,2026-08-16 08:00:00,85.0,15.0905,1.7949,14.032,356.8785,168,50.0,25.0,NORMAL,Synthetic / Demonstration Dataset
C1384,LOT_2026_04,OPAMP_LM741,TEST_LOT_2026_04_0H,2026-08-16 08:00:00,25.0,15.1239,1.7545,11.0798,351.7126,0,50.0,25.0,NORMAL,Synthetic / Demonstration Dataset
C1384,LOT_2026_04,OPAMP_LM741,TEST_LOT_2026_04_24H,2026-08-17 08:00:00,125.0,15.0802,1.8677,13.4539,357.2215,24,50.0,25.0,NORMAL,Synthetic / Demonstration Dataset
C1384,LOT_2026_04,OPAMP_LM741,TEST_LOT_2026_04_96H,2026-08-20 08:00:00,125.0,15.2605,1.78,13.3554,361.2359,96,50.0,25.0,NORMAL,Synthetic / Demonstration Dataset
C1384,LOT_2026_04,OPAMP_LM741,TEST_LOT_2026_04_168H,2026-08-23 08:00:00,85.0,15.192,1.8097,13.1884,356.0949,168,50.0,25.0,NORMAL,Synthetic / Demonstration Dataset
C1385,LOT_2026_04,OPAMP_LM741,TEST_LOT_2026_04_0H,2026-08-08 08:00:00,25.0,15.2323,2.1472,43.1211,375.8351,0,50.0,25.0,SEVERE_FAILURE,Synthetic / Demonstration Dataset
C1385,LOT_2026_04,OPAMP_LM741,TEST_LOT_2026_04_24H,2026-08-09 08:00:00,125.0,15.0201,2.3679,67.269,382.4689,24,50.0,25.0,SEVERE_FAILURE,Synthetic / Demonstration Dataset
C1385,LOT_2026_04,OPAMP_LM741,TEST_LOT_2026_04_96H,2026-08-12 08:00:00,125.0,14.9534,2.554,93.1417,397.4957,96,50.0,25.0,SEVERE_FAILURE,Synthetic / Demonstration Dataset
C1385,LOT_2026_04,OPAMP_LM741,TEST_LOT_2026_04_168H,2026-08-15 08:00:00,85.0,14.9939,2.9447,120.7392,410.6969,168,50.0,25.0,SEVERE_FAILURE,Synthetic / Demonstration Dataset
C1386,LOT_2026_04,OPAMP_LM741,TEST_LOT_2026_04_0H,2026-08-05 08:00:00,25.0,14.8693,1.8033,9.9706,357.5691,0,50.0,25.0,NORMAL,Synthetic / Demonstration Dataset
C1386,LOT_2026_04,OPAMP_LM741,TEST_LOT_2026_04_24H,2026-08-06 08:00:00,125.0,15.0131,1.831,11.9303,353.4519,24,50.0,25.0,NORMAL,Synthetic / Demonstration Dataset
C1386,LOT_2026_04,OPAMP_LM741,TEST_LOT_2026_04_96H,2026-08-09 08:00:00,125.0,15.0346,1.7645,12.1131,357.2813,96,50.0,25.0,NORMAL,Synthetic / Demonstration Dataset
C1386,LOT_2026_04,OPAMP_LM741,TEST_LOT_2026_04_168H,2026-08-12 08:00:00,85.0,15.1594,1.929,11.2139,352.5943,168,50.0,25.0,NORMAL,Synthetic / Demonstration Dataset
C1387,LOT_2026_04,OPAMP_LM741,TEST_LOT_2026_04_0H,2026-08-05 08:00:00,25.0,14.891,1.8601,10.8069,350.975,0,50.0,25.0,NORMAL,Synthetic / Demonstration Dataset
C1387,LOT_2026_04,OPAMP_LM741,TEST_LOT_2026_04_24H,2026-08-06 08:00:00,125.0,14.8691,1.8229,13.3236,353.0532,24,50.0,25.0,NORMAL,Synthetic / Demonstration Dataset
C1387,LOT_2026_04,OPAMP_LM741,TEST_LOT_2026_04_96H,2026-08-09 08:00:00,125.0,14.8745,1.8638,13.6243,355.6078,96,50.0,25.0,NORMAL,Synthetic / Demonstration Dataset
C1387,LOT_2026_04,OPAMP_LM741,TEST_LOT_2026_04_168H,2026-08-12 08:00:00,85.0,15.0222,1.7869,12.5004,356.9865,168,50.0,25.0,NORMAL,Synthetic / Demonstration Dataset
C1388,LOT_2026_04,OPAMP_LM741,TEST_LOT_2026_04_0H,2026-08-09 08:00:00,25.0,14.8833,1.8786,12.0022,361.2445,0,50.0,25.0,GRADUAL_DEGRADE,Synthetic / Demonstration Dataset
C1388,LOT_2026_04,OPAMP_LM741,TEST_LOT_2026_04_24H,2026-08-10 08:00:00,125.0,14.8765,1.8683,18.0971,359.1614,24,50.0,25.0,GRADUAL_DEGRADE,Synthetic / Demonstration Dataset
C1388,LOT_2026_04,OPAMP_LM741,TEST_LOT_2026_04_96H,2026-08-13 08:00:00,125.0,15.2725,1.9312,27.1275,359.5487,96,50.0,25.0,GRADUAL_DEGRADE,Synthetic / Demonstration Dataset
C1388,LOT_2026_04,OPAMP_LM741,TEST_LOT_2026_04_168H,2026-08-16 08:00:00,85.0,15.0043,2.0596,35.8561,358.015,168,50.0,25.0,GRADUAL_DEGRADE,Synthetic / Demonstration Dataset
C1389,LOT_2026_04,OPAMP_LM741,TEST_LOT_2026_04_0H,2026-08-14 08:00:00,25.0,14.6791,1.8083,11.5573,360.4253,0,50.0,25.0,NORMAL,Synthetic / Demonstration Dataset
C1389,LOT_2026_04,OPAMP_LM741,TEST_LOT_2026_04_24H,2026-08-15 08:00:00,125.0,14.9455,1.7747,14.639,361.8364,24,50.0,25.0,NORMAL,Synthetic / Demonstration Dataset
C1389,LOT_2026_04,OPAMP_LM741,TEST_LOT_2026_04_96H,2026-08-18 08:00:00,125.0,14.9267,1.8146,14.5403,354.7593,96,50.0,25.0,NORMAL,Synthetic / Demonstration Dataset
C1389,LOT_2026_04,OPAMP_LM741,TEST_LOT_2026_04_168H,2026-08-21 08:00:00,85.0,15.0474,1.8041,13.2378,355.0804,168,50.0,25.0,NORMAL,Synthetic / Demonstration Dataset
C1390,LOT_2026_04,OPAMP_LM741,TEST_LOT_2026_04_0H,2026-08-09 08:00:00,25.0,14.7776,1.7906,10.9354,349.6019,0,50.0,25.0,NORMAL,Synthetic / Demonstration Dataset
C1390,LOT_2026_04,OPAMP_LM741,TEST_LOT_2026_04_24H,2026-08-10 08:00:00,125.0,14.7091,1.8784,13.3884,352.093,24,50.0,25.0,NORMAL,Synthetic / Demonstration Dataset
C1390,LOT_2026_04,OPAMP_LM741,TEST_LOT_2026_04_96H,2026-08-13 08:00:00,125.0,14.9455,1.914,12.8443,358.9113,96,50.0,25.0,NORMAL,Synthetic / Demonstration Dataset
C1390,LOT_2026_04,OPAMP_LM741,TEST_LOT_2026_04_168H,2026-08-16 08:00:00,85.0,14.7985,1.7986,11.8344,363.7514,168,50.0,25.0,NORMAL,Synthetic / Demonstration Dataset
C1391,LOT_2026_04,OPAMP_LM741,TEST_LOT_2026_04_0H,2026-08-10 08:00:00,25.0,14.8592,1.8055,15.2058,362.9489,0,50.0,25.0,LOT_ANOMALY,Synthetic / Demonstration Dataset
C1391,LOT_2026_04,OPAMP_LM741,TEST_LOT_2026_04_24H,2026-08-11 08:00:00,125.0,15.158,1.8528,18.9172,359.1029,24,50.0,25.0,LOT_ANOMALY,Synthetic / Demonstration Dataset
C1391,LOT_2026_04,OPAMP_LM741,TEST_LOT_2026_04_96H,2026-08-14 08:00:00,125.0,14.9783,1.9569,20.0785,361.3947,96,50.0,25.0,LOT_ANOMALY,Synthetic / Demonstration Dataset
C1391,LOT_2026_04,OPAMP_LM741,TEST_LOT_2026_04_168H,2026-08-17 08:00:00,85.0,14.9976,1.9304,18.1283,361.4071,168,50.0,25.0,LOT_ANOMALY,Synthetic / Demonstration Dataset
C1392,LOT_2026_04,OPAMP_LM741,TEST_LOT_2026_04_0H,2026-08-16 08:00:00,25.0,14.7162,1.7114,10.1175,349.5172,0,50.0,25.0,NORMAL,Synthetic / Demonstration Dataset
C1392,LOT_2026_04,OPAMP_LM741,TEST_LOT_2026_04_24H,2026-08-17 08:00:00,125.0,14.9434,1.7488,12.2585,359.7081,24,50.0,25.0,NORMAL,Synthetic / Demonstration Dataset
C1392,LOT_2026_04,OPAMP_LM741,TEST_LOT_2026_04_96H,2026-08-20 08:00:00,125.0,14.7944,1.8249,12.0461,359.4317,96,50.0,25.0,NORMAL,Synthetic / Demonstration Dataset
C1392,LOT_2026_04,OPAMP_LM741,TEST_LOT_2026_04_168H,2026-08-23 08:00:00,85.0,15.0874,1.906,12.7002,352.1079,168,50.0,25.0,NORMAL,Synthetic / Demonstration Dataset
C1393,LOT_2026_04,OPAMP_LM741,TEST_LOT_2026_04_0H,2026-08-15 08:00:00,25.0,14.7208,1.8024,12.7575,358.341,0,50.0,25.0,GRADUAL_DEGRADE,Synthetic / Demonstration Dataset
C1393,LOT_2026_04,OPAMP_LM741,TEST_LOT_2026_04_24H,2026-08-16 08:00:00,125.0,14.866,1.8137,19.5774,359.8315,24,50.0,25.0,GRADUAL_DEGRADE,Synthetic / Demonstration Dataset
C1393,LOT_2026_04,OPAMP_LM741,TEST_LOT_2026_04_96H,2026-08-19 08:00:00,125.0,14.8205,1.9709,29.4034,354.6065,96,50.0,25.0,GRADUAL_DEGRADE,Synthetic / Demonstration Dataset
C1393,LOT_2026_04,OPAMP_LM741,TEST_LOT_2026_04_168H,2026-08-22 08:00:00,85.0,14.9869,2.2339,43.9942,373.8198,168,50.0,25.0,GRADUAL_DEGRADE,Synthetic / Demonstration Dataset
C1394,LOT_2026_04,OPAMP_LM741,TEST_LOT_2026_04_0H,2026-08-12 08:00:00,25.0,14.7861,1.8174,9.7725,357.7889,0,50.0,25.0,NORMAL,Synthetic / Demonstration Dataset
C1394,LOT_2026_04,OPAMP_LM741,TEST_LOT_2026_04_24H,2026-08-13 08:00:00,125.0,15.0437,1.8,11.8154,355.2636,24,50.0,25.0,NORMAL,Synthetic / Demonstration Dataset
C1394,LOT_2026_04,OPAMP_LM741,TEST_LOT_2026_04_96H,2026-08-16 08:00:00,125.0,14.9667,1.8604,11.1913,353.3858,96,50.0,25.0,NORMAL,Synthetic / Demonstration Dataset
C1394,LOT_2026_04,OPAMP_LM741,TEST_LOT_2026_04_168H,2026-08-19 08:00:00,85.0,14.8866,1.8322,11.4167,354.9505,168,50.0,25.0,NORMAL,Synthetic / Demonstration Dataset
C1395,LOT_2026_04,OPAMP_LM741,TEST_LOT_2026_04_0H,2026-08-13 08:00:00,25.0,15.1999,1.8368,9.0387,352.4022,0,50.0,25.0,NORMAL,Synthetic / Demonstration Dataset
C1395,LOT_2026_04,OPAMP_LM741,TEST_LOT_2026_04_24H,2026-08-14 08:00:00,125.0,15.0806,1.8442,11.2059,349.6731,24,50.0,25.0,NORMAL,Synthetic / Demonstration Dataset
C1395,LOT_2026_04,OPAMP_LM741,TEST_LOT_2026_04_96H,2026-08-17 08:00:00,125.0,14.9145,1.7978,11.5689,365.017,96,50.0,25.0,NORMAL,Synthetic / Demonstration Dataset
C1395,LOT_2026_04,OPAMP_LM741,TEST_LOT_2026_04_168H,2026-08-20 08:00:00,85.0,14.9421,1.6968,10.7066,360.2175,168,50.0,25.0,NORMAL,Synthetic / Demonstration Dataset
C1396,LOT_2026_04,OPAMP_LM741,TEST_LOT_2026_04_0H,2026-08-11 08:00:00,25.0,14.8495,1.7689,8.5516,359.2332,0,50.0,25.0,NORMAL,Synthetic / Demonstration Dataset
C1396,LOT_2026_04,OPAMP_LM741,TEST_LOT_2026_04_24H,2026-08-12 08:00:00,125.0,14.9763,1.8223,10.6875,353.2424,24,50.0,25.0,NORMAL,Synthetic / Demonstration Dataset
C1396,LOT_2026_04,OPAMP_LM741,TEST_LOT_2026_04_96H,2026-08-15 08:00:00,125.0,15.011,1.8552,10.6722,358.7212,96,50.0,25.0,NORMAL,Synthetic / Demonstration Dataset
C1396,LOT_2026_04,OPAMP_LM741,TEST_LOT_2026_04_168H,2026-08-18 08:00:00,85.0,14.9456,1.8396,10.2471,354.8016,168,50.0,25.0,NORMAL,Synthetic / Demonstration Dataset
C1397,LOT_2026_04,OPAMP_LM741,TEST_LOT_2026_04_0H,2026-08-08 08:00:00,25.0,14.9395,1.7929,8.8675,357.6195,0,50.0,25.0,GRADUAL_DEGRADE,Synthetic / Demonstration Dataset
C1397,LOT_2026_04,OPAMP_LM741,TEST_LOT_2026_04_24H,2026-08-09 08:00:00,125.0,14.9725,1.7966,14.8605,358.9041,24,50.0,25.0,GRADUAL_DEGRADE,Synthetic / Demonstration Dataset
C1397,LOT_2026_04,OPAMP_LM741,TEST_LOT_2026_04_96H,2026-08-12 08:00:00,125.0,14.8186,1.9117,20.8813,360.8378,96,50.0,25.0,GRADUAL_DEGRADE,Synthetic / Demonstration Dataset
C1397,LOT_2026_04,OPAMP_LM741,TEST_LOT_2026_04_168H,2026-08-15 08:00:00,85.0,15.0279,1.9506,29.6495,367.0681,168,50.0,25.0,GRADUAL_DEGRADE,Synthetic / Demonstration Dataset
C1398,LOT_2026_04,OPAMP_LM741,TEST_LOT_2026_04_0H,2026-08-08 08:00:00,25.0,14.8468,1.7937,10.9641,350.3857,0,50.0,25.0,NORMAL,Synthetic / Demonstration Dataset
C1398,LOT_2026_04,OPAMP_LM741,TEST_LOT_2026_04_24H,2026-08-09 08:00:00,125.0,15.0998,1.9071,13.5577,355.978,24,50.0,25.0,NORMAL,Synthetic / Demonstration Dataset
C1398,LOT_2026_04,OPAMP_LM741,TEST_LOT_2026_04_96H,2026-08-12 08:00:00,125.0,15.1482,1.7991,13.6795,353.6689,96,50.0,25.0,NORMAL,Synthetic / Demonstration Dataset
C1398,LOT_2026_04,OPAMP_LM741,TEST_LOT_2026_04_168H,2026-08-15 08:00:00,85.0,14.9476,1.7805,12.404,353.8226,168,50.0,25.0,NORMAL,Synthetic / Demonstration Dataset
C1399,LOT_2026_04,OPAMP_LM741,TEST_LOT_2026_04_0H,2026-08-14 08:00:00,25.0,14.9855,1.8276,11.2229,353.684,0,50.0,25.0,GRADUAL_DEGRADE,Synthetic / Demonstration Dataset
C1399,LOT_2026_04,OPAMP_LM741,TEST_LOT_2026_04_24H,2026-08-15 08:00:00,125.0,14.7079,1.929,18.0122,356.1693,24,50.0,25.0,GRADUAL_DEGRADE,Synthetic / Demonstration Dataset
C1399,LOT_2026_04,OPAMP_LM741,TEST_LOT_2026_04_96H,2026-08-18 08:00:00,125.0,15.1285,2.0565,25.2839,359.8899,96,50.0,25.0,GRADUAL_DEGRADE,Synthetic / Demonstration Dataset
C1399,LOT_2026_04,OPAMP_LM741,TEST_LOT_2026_04_168H,2026-08-21 08:00:00,85.0,15.1652,2.0597,32.3919,374.3324,168,50.0,25.0,GRADUAL_DEGRADE,Synthetic / Demonstration Dataset
C1400,LOT_2026_04,OPAMP_LM741,TEST_LOT_2026_04_0H,2026-08-16 08:00:00,25.0,15.1436,1.79,9.5311,359.0825,0,50.0,25.0,NORMAL,Synthetic / Demonstration Dataset
C1400,LOT_2026_04,OPAMP_LM741,TEST_LOT_2026_04_24H,2026-08-17 08:00:00,125.0,14.9418,1.8821,11.6755,354.1173,24,50.0,25.0,NORMAL,Synthetic / Demonstration Dataset
C1400,LOT_2026_04,OPAMP_LM741,TEST_LOT_2026_04_96H,2026-08-20 08:00:00,125.0,14.9225,1.8438,11.2887,360.5165,96,50.0,25.0,NORMAL,Synthetic / Demonstration Dataset
C1400,LOT_2026_04,OPAMP_LM741,TEST_LOT_2026_04_168H,2026-08-23 08:00:00,85.0,15.1977,1.7438,11.1726,354.0349,168,50.0,25.0,NORMAL,Synthetic / Demonstration Dataset
C1401,LOT_2026_04,OPAMP_LM741,TEST_LOT_2026_04_0H,2026-08-13 08:00:00,25.0,14.9828,1.8024,9.8195,357.328,0,50.0,25.0,NORMAL,Synthetic / Demonstration Dataset
C1401,LOT_2026_04,OPAMP_LM741,TEST_LOT_2026_04_24H,2026-08-14 08:00:00,125.0,15.0209,1.8169,11.9167,352.7177,24,50.0,25.0,NORMAL,Synthetic / Demonstration Dataset
C1401,LOT_2026_04,OPAMP_LM741,TEST_LOT_2026_04_96H,2026-08-17 08:00:00,125.0,14.9785,1.8128,12.1025,356.1624,96,50.0,25.0,NORMAL,Synthetic / Demonstration Dataset
C1401,LOT_2026_04,OPAMP_LM741,TEST_LOT_2026_04_168H,2026-08-20 08:00:00,85.0,14.9352,1.8784,11.4798,351.6467,168,50.0,25.0,NORMAL,Synthetic / Demonstration Dataset
C1402,LOT_2026_04,OPAMP_LM741,TEST_LOT_2026_04_0H,2026-08-05 08:00:00,25.0,15.417,1.7411,9.3007,349.9122,0,50.0,25.0,NORMAL,Synthetic / Demonstration Dataset
C1402,LOT_2026_04,OPAMP_LM741,TEST_LOT_2026_04_24H,2026-08-06 08:00:00,125.0,14.6884,1.804,11.5771,363.2989,24,50.0,25.0,NORMAL,Synthetic / Demonstration Dataset
C1402,LOT_2026_04,OPAMP_LM741,TEST_LOT_2026_04_96H,2026-08-09 08:00:00,125.0,14.7027,1.7347,10.9646,358.6266,96,50.0,25.0,NORMAL,Synthetic / Demonstration Dataset
C1402,LOT_2026_04,OPAMP_LM741,TEST_LOT_2026_04_168H,2026-08-12 08:00:00,85.0,14.9231,1.8478,11.3686,360.5502,168,50.0,25.0,NORMAL,Synthetic / Demonstration Dataset
C1403,LOT_2026_04,OPAMP_LM741,TEST_LOT_2026_04_0H,2026-08-02 08:00:00,25.0,14.963,1.708,12.3106,353.2822,0,50.0,25.0,NORMAL,Synthetic / Demonstration Dataset
C1403,LOT_2026_04,OPAMP_LM741,TEST_LOT_2026_04_24H,2026-08-03 08:00:00,125.0,14.9612,1.8397,14.9103,361.3713,24,50.0,25.0,NORMAL,Synthetic / Demonstration Dataset
C1403,LOT_2026_04,OPAMP_LM741,TEST_LOT_2026_04_96H,2026-08-06 08:00:00,125.0,14.9742,1.9108,15.5916,359.0476,96,50.0,25.0,NORMAL,Synthetic / Demonstration Dataset
C1403,LOT_2026_04,OPAMP_LM741,TEST_LOT_2026_04_168H,2026-08-09 08:00:00,85.0,15.136,1.8463,14.2648,364.3347,168,50.0,25.0,NORMAL,Synthetic / Demonstration Dataset
C1404,LOT_2026_04,OPAMP_LM741,TEST_LOT_2026_04_0H,2026-08-11 08:00:00,25.0,14.9227,1.7781,8.4397,355.7579,0,50.0,25.0,NORMAL,Synthetic / Demonstration Dataset
C1404,LOT_2026_04,OPAMP_LM741,TEST_LOT_2026_04_24H,2026-08-12 08:00:00,125.0,14.9963,1.7356,10.672,358.2848,24,50.0,25.0,NORMAL,Synthetic / Demonstration Dataset
C1404,LOT_2026_04,OPAMP_LM741,TEST_LOT_2026_04_96H,2026-08-15 08:00:00,125.0,14.7087,1.8074,10.7595,349.8142,96,50.0,25.0,NORMAL,Synthetic / Demonstration Dataset
C1404,LOT_2026_04,OPAMP_LM741,TEST_LOT_2026_04_168H,2026-08-18 08:00:00,85.0,14.8646,1.8365,9.6027,355.2103,168,50.0,25.0,NORMAL,Synthetic / Demonstration Dataset
C1405,LOT_2026_04,OPAMP_LM741,TEST_LOT_2026_04_0H,2026-08-15 08:00:00,25.0,15.132,1.7145,8.6231,355.467,0,50.0,25.0,GRADUAL_DEGRADE,Synthetic / Demonstration Dataset
C1405,LOT_2026_04,OPAMP_LM741,TEST_LOT_2026_04_24H,2026-08-16 08:00:00,125.0,14.8779,1.8669,13.0036,354.0312,24,50.0,25.0,GRADUAL_DEGRADE,Synthetic / Demonstration Dataset
C1405,LOT_2026_04,OPAMP_LM741,TEST_LOT_2026_04_96H,2026-08-19 08:00:00,125.0,14.9877,1.9061,19.0753,358.0056,96,50.0,25.0,GRADUAL_DEGRADE,Synthetic / Demonstration Dataset
C1405,LOT_2026_04,OPAMP_LM741,TEST_LOT_2026_04_168H,2026-08-22 08:00:00,85.0,15.0273,1.9646,26.2405,364.9867,168,50.0,25.0,GRADUAL_DEGRADE,Synthetic / Demonstration Dataset
C1406,LOT_2026_04,OPAMP_LM741,TEST_LOT_2026_04_0H,2026-08-15 08:00:00,25.0,14.9454,1.8421,9.3837,359.4425,0,50.0,25.0,NORMAL,Synthetic / Demonstration Dataset
C1406,LOT_2026_04,OPAMP_LM741,TEST_LOT_2026_04_24H,2026-08-16 08:00:00,125.0,14.9793,1.8045,11.6188,357.7279,24,50.0,25.0,NORMAL,Synthetic / Demonstration Dataset
C1406,LOT_2026_04,OPAMP_LM741,TEST_LOT_2026_04_96H,2026-08-19 08:00:00,125.0,14.7527,1.8456,11.7024,352.8392,96,50.0,25.0,NORMAL,Synthetic / Demonstration Dataset
C1406,LOT_2026_04,OPAMP_LM741,TEST_LOT_2026_04_168H,2026-08-22 08:00:00,85.0,14.7497,1.7924,10.3229,351.6036,168,50.0,25.0,NORMAL,Synthetic / Demonstration Dataset
C1407,LOT_2026_04,OPAMP_LM741,TEST_LOT_2026_04_0H,2026-08-05 08:00:00,25.0,14.9462,1.7492,7.3742,353.1624,0,50.0,25.0,NORMAL,Synthetic / Demonstration Dataset
C1407,LOT_2026_04,OPAMP_LM741,TEST_LOT_2026_04_24H,2026-08-06 08:00:00,125.0,15.2744,1.8152,8.9381,352.7204,24,50.0,25.0,NORMAL,Synthetic / Demonstration Dataset
C1407,LOT_2026_04,OPAMP_LM741,TEST_LOT_2026_04_96H,2026-08-09 08:00:00,125.0,15.2122,1.8397,9.1861,349.7063,96,50.0,25.0,NORMAL,Synthetic / Demonstration Dataset
C1407,LOT_2026_04,OPAMP_LM741,TEST_LOT_2026_04_168H,2026-08-12 08:00:00,85.0,14.8827,1.7607,8.2706,352.0513,168,50.0,25.0,NORMAL,Synthetic / Demonstration Dataset
C1408,LOT_2026_04,OPAMP_LM741,TEST_LOT_2026_04_0H,2026-08-05 08:00:00,25.0,15.1104,1.8472,10.2066,353.9595,0,50.0,25.0,NORMAL,Synthetic / Demonstration Dataset
C1408,LOT_2026_04,OPAMP_LM741,TEST_LOT_2026_04_24H,2026-08-06 08:00:00,125.0,14.8439,1.795,12.0956,351.6902,24,50.0,25.0,NORMAL,Synthetic / Demonstration Dataset
C1408,LOT_2026_04,OPAMP_LM741,TEST_LOT_2026_04_96H,2026-08-09 08:00:00,125.0,14.8231,1.861,13.0187,350.6228,96,50.0,25.0,NORMAL,Synthetic / Demonstration Dataset
C1408,LOT_2026_04,OPAMP_LM741,TEST_LOT_2026_04_168H,2026-08-12 08:00:00,85.0,14.9791,1.8974,12.1739,352.1265,168,50.0,25.0,NORMAL,Synthetic / Demonstration Dataset
C1409,LOT_2026_04,OPAMP_LM741,TEST_LOT_2026_04_0H,2026-08-09 08:00:00,25.0,14.9444,1.7873,9.4889,353.5335,0,50.0,25.0,NORMAL,Synthetic / Demonstration Dataset
C1409,LOT_2026_04,OPAMP_LM741,TEST_LOT_2026_04_24H,2026-08-10 08:00:00,125.0,14.9485,1.7119,11.5483,359.2508,24,50.0,25.0,NORMAL,Synthetic / Demonstration Dataset
C1409,LOT_2026_04,OPAMP_LM741,TEST_LOT_2026_04_96H,2026-08-13 08:00:00,125.0,15.0447,1.771,12.7767,352.7675,96,50.0,25.0,NORMAL,Synthetic / Demonstration Dataset
C1409,LOT_2026_04,OPAMP_LM741,TEST_LOT_2026_04_168H,2026-08-16 08:00:00,85.0,15.0578,1.7993,11.3503,358.312,168,50.0,25.0,NORMAL,Synthetic / Demonstration Dataset
C1410,LOT_2026_04,OPAMP_LM741,TEST_LOT_2026_04_0H,2026-08-13 08:00:00,25.0,15.1131,1.7888,7.6892,350.3588,0,50.0,25.0,NORMAL,Synthetic / Demonstration Dataset
C1410,LOT_2026_04,OPAMP_LM741,TEST_LOT_2026_04_24H,2026-08-14 08:00:00,125.0,15.0182,1.8616,9.123,353.7632,24,50.0,25.0,NORMAL,Synthetic / Demonstration Dataset
C1410,LOT_2026_04,OPAMP_LM741,TEST_LOT_2026_04_96H,2026-08-17 08:00:00,125.0,15.0287,1.8838,9.28,356.1496,96,50.0,25.0,NORMAL,Synthetic / Demonstration Dataset
C1410,LOT_2026_04,OPAMP_LM741,TEST_LOT_2026_04_168H,2026-08-20 08:00:00,85.0,15.1834,1.8166,9.3015,351.9174,168,50.0,25.0,NORMAL,Synthetic / Demonstration Dataset
C1411,LOT_2026_04,OPAMP_LM741,TEST_LOT_2026_04_0H,2026-08-11 08:00:00,25.0,14.8618,1.7255,8.0723,356.3438,0,50.0,25.0,NORMAL,Synthetic / Demonstration Dataset
C1411,LOT_2026_04,OPAMP_LM741,TEST_LOT_2026_04_24H,2026-08-12 08:00:00,125.0,15.0263,1.7377,10.1184,361.3123,24,50.0,25.0,NORMAL,Synthetic / Demonstration Dataset
C1411,LOT_2026_04,OPAMP_LM741,TEST_LOT_2026_04_96H,2026-08-15 08:00:00,125.0,15.0905,1.8014,9.897,355.6788,96,50.0,25.0,NORMAL,Synthetic / Demonstration Dataset
C1411,LOT_2026_04,OPAMP_LM741,TEST_LOT_2026_04_168H,2026-08-18 08:00:00,85.0,14.8956,1.8627,9.7436,349.3435,168,50.0,25.0,NORMAL,Synthetic / Demonstration Dataset
C1412,LOT_2026_04,OPAMP_LM741,TEST_LOT_2026_04_0H,2026-08-13 08:00:00,25.0,15.1939,1.8187,8.9196,363.3511,0,50.0,25.0,GRADUAL_DEGRADE,Synthetic / Demonstration Dataset
C1412,LOT_2026_04,OPAMP_LM741,TEST_LOT_2026_04_24H,2026-08-14 08:00:00,125.0,14.5945,1.8613,14.433,355.9979,24,50.0,25.0,GRADUAL_DEGRADE,Synthetic / Demonstration Dataset
C1412,LOT_2026_04,OPAMP_LM741,TEST_LOT_2026_04_96H,2026-08-17 08:00:00,125.0,14.9888,1.9304,18.5622,353.1898,96,50.0,25.0,GRADUAL_DEGRADE,Synthetic / Demonstration Dataset
C1412,LOT_2026_04,OPAMP_LM741,TEST_LOT_2026_04_168H,2026-08-20 08:00:00,85.0,14.9491,2.0054,30.7473,365.4422,168,50.0,25.0,GRADUAL_DEGRADE,Synthetic / Demonstration Dataset
C1413,LOT_2026_04,OPAMP_LM741,TEST_LOT_2026_04_0H,2026-08-16 08:00:00,25.0,15.0868,1.815,9.2029,359.993,0,50.0,25.0,SENSOR_NOISE,Synthetic / Demonstration Dataset
C1413,LOT_2026_04,OPAMP_LM741,TEST_LOT_2026_04_24H,2026-08-17 08:00:00,125.0,14.8971,1.8569,11.5848,352.464,24,50.0,25.0,SENSOR_NOISE,Synthetic / Demonstration Dataset
C1413,LOT_2026_04,OPAMP_LM741,TEST_LOT_2026_04_96H,2026-08-20 08:00:00,125.0,14.9225,1.7654,,356.8072,96,50.0,25.0,SENSOR_NOISE,Synthetic / Demonstration Dataset
C1413,LOT_2026_04,OPAMP_LM741,TEST_LOT_2026_04_168H,2026-08-23 08:00:00,85.0,14.7374,1.7867,9.5571,355.0671,168,50.0,25.0,SENSOR_NOISE,Synthetic / Demonstration Dataset
C1414,LOT_2026_04,OPAMP_LM741,TEST_LOT_2026_04_0H,2026-08-10 08:00:00,25.0,14.7631,1.7563,9.7226,356.2306,0,50.0,25.0,NORMAL,Synthetic / Demonstration Dataset
C1414,LOT_2026_04,OPAMP_LM741,TEST_LOT_2026_04_24H,2026-08-11 08:00:00,125.0,14.9976,1.8783,12.0468,357.4143,24,50.0,25.0,NORMAL,Synthetic / Demonstration Dataset
C1414,LOT_2026_04,OPAMP_LM741,TEST_LOT_2026_04_96H,2026-08-14 08:00:00,125.0,14.9579,1.7474,11.7581,355.5006,96,50.0,25.0,NORMAL,Synthetic / Demonstration Dataset
C1414,LOT_2026_04,OPAMP_LM741,TEST_LOT_2026_04_168H,2026-08-17 08:00:00,85.0,15.1028,1.8885,11.8356,354.8577,168,50.0,25.0,NORMAL,Synthetic / Demonstration Dataset
C1415,LOT_2026_04,OPAMP_LM741,TEST_LOT_2026_04_0H,2026-08-03 08:00:00,25.0,15.2019,2.317,58.2162,378.9006,0,50.0,25.0,SEVERE_FAILURE,Synthetic / Demonstration Dataset
C1415,LOT_2026_04,OPAMP_LM741,TEST_LOT_2026_04_24H,2026-08-04 08:00:00,125.0,14.5516,2.5537,90.8172,397.4469,24,50.0,25.0,SEVERE_FAILURE,Synthetic / Demonstration Dataset
C1415,LOT_2026_04,OPAMP_LM741,TEST_LOT_2026_04_96H,2026-08-07 08:00:00,125.0,15.0774,2.8927,125.7469,413.6447,96,50.0,25.0,SEVERE_FAILURE,Synthetic / Demonstration Dataset
C1415,LOT_2026_04,OPAMP_LM741,TEST_LOT_2026_04_168H,2026-08-10 08:00:00,85.0,15.0755,3.3283,163.0053,434.0535,168,50.0,25.0,SEVERE_FAILURE,Synthetic / Demonstration Dataset
C1416,LOT_2026_04,OPAMP_LM741,TEST_LOT_2026_04_0H,2026-08-04 08:00:00,25.0,14.9947,1.7832,10.8769,359.0873,0,50.0,25.0,NORMAL,Synthetic / Demonstration Dataset
C1416,LOT_2026_04,OPAMP_LM741,TEST_LOT_2026_04_24H,2026-08-05 08:00:00,125.0,14.7928,1.8451,13.4034,352.6731,24,50.0,25.0,NORMAL,Synthetic / Demonstration Dataset
C1416,LOT_2026_04,OPAMP_LM741,TEST_LOT_2026_04_96H,2026-08-08 08:00:00,125.0,14.9022,1.8329,13.065,357.8432,96,50.0,25.0,NORMAL,Synthetic / Demonstration Dataset
C1416,LOT_2026_04,OPAMP_LM741,TEST_LOT_2026_04_168H,2026-08-11 08:00:00,85.0,14.9452,1.7993,12.4469,359.8898,168,50.0,25.0,NORMAL,Synthetic / Demonstration Dataset
C1417,LOT_2026_04,OPAMP_LM741,TEST_LOT_2026_04_0H,2026-08-04 08:00:00,25.0,14.9537,1.8447,6.7423,355.1815,0,50.0,25.0,NORMAL,Synthetic / Demonstration Dataset
C1417,LOT_2026_04,OPAMP_LM741,TEST_LOT_2026_04_24H,2026-08-05 08:00:00,125.0,14.6949,1.7242,8.6348,356.1166,24,50.0,25.0,NORMAL,Synthetic / Demonstration Dataset
C1417,LOT_2026_04,OPAMP_LM741,TEST_LOT_2026_04_96H,2026-08-08 08:00:00,125.0,14.8288,1.7707,9.009,355.9096,96,50.0,25.0,NORMAL,Synthetic / Demonstration Dataset
C1417,LOT_2026_04,OPAMP_LM741,TEST_LOT_2026_04_168H,2026-08-11 08:00:00,85.0,15.0783,1.6397,7.3486,355.3972,168,50.0,25.0,NORMAL,Synthetic / Demonstration Dataset
C1418,LOT_2026_04,OPAMP_LM741,TEST_LOT_2026_04_0H,2026-08-10 08:00:00,25.0,14.9329,1.8223,8.9717,356.0512,0,50.0,25.0,NORMAL,Synthetic / Demonstration Dataset
C1418,LOT_2026_04,OPAMP_LM741,TEST_LOT_2026_04_24H,2026-08-11 08:00:00,125.0,15.1454,1.725,11.0042,356.2175,24,50.0,25.0,NORMAL,Synthetic / Demonstration Dataset
C1418,LOT_2026_04,OPAMP_LM741,TEST_LOT_2026_04_96H,2026-08-14 08:00:00,125.0,15.1377,1.8428,10.8416,357.9525,96,50.0,25.0,NORMAL,Synthetic / Demonstration Dataset
C1418,LOT_2026_04,OPAMP_LM741,TEST_LOT_2026_04_168H,2026-08-17 08:00:00,85.0,15.169,1.8045,11.2335,355.6123,168,50.0,25.0,NORMAL,Synthetic / Demonstration Dataset
C1419,LOT_2026_04,OPAMP_LM741,TEST_LOT_2026_04_0H,2026-08-02 08:00:00,25.0,15.0204,1.8441,10.8869,347.6374,0,50.0,25.0,SUDDEN_DEGRADE,Synthetic / Demonstration Dataset
C1419,LOT_2026_04,OPAMP_LM741,TEST_LOT_2026_04_24H,2026-08-03 08:00:00,125.0,15.2821,1.721,13.991,357.6698,24,50.0,25.0,SUDDEN_DEGRADE,Synthetic / Demonstration Dataset
C1419,LOT_2026_04,OPAMP_LM741,TEST_LOT_2026_04_96H,2026-08-06 08:00:00,125.0,14.8365,2.0957,40.2778,375.4404,96,50.0,25.0,SUDDEN_DEGRADE,Synthetic / Demonstration Dataset
C1419,LOT_2026_04,OPAMP_LM741,TEST_LOT_2026_04_168H,2026-08-09 08:00:00,85.0,15.0616,2.1977,57.6112,380.4059,168,50.0,25.0,SUDDEN_DEGRADE,Synthetic / Demonstration Dataset
C1420,LOT_2026_04,OPAMP_LM741,TEST_LOT_2026_04_0H,2026-08-02 08:00:00,25.0,14.8856,1.7589,9.6938,353.4692,0,50.0,25.0,NORMAL,Synthetic / Demonstration Dataset
C1420,LOT_2026_04,OPAMP_LM741,TEST_LOT_2026_04_24H,2026-08-03 08:00:00,125.0,14.8032,1.7998,11.9643,355.837,24,50.0,25.0,NORMAL,Synthetic / Demonstration Dataset
C1420,LOT_2026_04,OPAMP_LM741,TEST_LOT_2026_04_96H,2026-08-06 08:00:00,125.0,15.2695,1.7733,11.5969,353.4554,96,50.0,25.0,NORMAL,Synthetic / Demonstration Dataset
C1420,LOT_2026_04,OPAMP_LM741,TEST_LOT_2026_04_168H,2026-08-09 08:00:00,85.0,15.2698,1.8363,10.8667,352.1553,168,50.0,25.0,NORMAL,Synthetic / Demonstration Dataset
C1421,LOT_2026_04,OPAMP_LM741,TEST_LOT_2026_04_0H,2026-08-12 08:00:00,25.0,15.0301,1.8278,11.4933,354.541,0,50.0,25.0,NORMAL,Synthetic / Demonstration Dataset
C1421,LOT_2026_04,OPAMP_LM741,TEST_LOT_2026_04_24H,2026-08-13 08:00:00,125.0,15.0507,1.8113,13.8521,363.2847,24,50.0,25.0,NORMAL,Synthetic / Demonstration Dataset
C1421,LOT_2026_04,OPAMP_LM741,TEST_LOT_2026_04_96H,2026-08-16 08:00:00,125.0,15.2304,1.8314,13.695,357.8943,96,50.0,25.0,NORMAL,Synthetic / Demonstration Dataset
C1421,LOT_2026_04,OPAMP_LM741,TEST_LOT_2026_04_168H,2026-08-19 08:00:00,85.0,14.9055,1.8801,13.6938,347.3705,168,50.0,25.0,NORMAL,Synthetic / Demonstration Dataset
C1422,LOT_2026_04,OPAMP_LM741,TEST_LOT_2026_04_0H,2026-08-08 08:00:00,25.0,14.8614,1.7303,9.3018,353.8986,0,50.0,25.0,NORMAL,Synthetic / Demonstration Dataset
C1422,LOT_2026_04,OPAMP_LM741,TEST_LOT_2026_04_24H,2026-08-09 08:00:00,125.0,15.1054,1.827,11.4948,353.4175,24,50.0,25.0,NORMAL,Synthetic / Demonstration Dataset
C1422,LOT_2026_04,OPAMP_LM741,TEST_LOT_2026_04_96H,2026-08-12 08:00:00,125.0,15.0186,1.8634,11.655,358.5468,96,50.0,25.0,NORMAL,Synthetic / Demonstration Dataset
C1422,LOT_2026_04,OPAMP_LM741,TEST_LOT_2026_04_168H,2026-08-15 08:00:00,85.0,14.8654,1.7761,10.8797,353.5156,168,50.0,25.0,NORMAL,Synthetic / Demonstration Dataset
C1423,LOT_2026_04,OPAMP_LM741,TEST_LOT_2026_04_0H,2026-08-06 08:00:00,25.0,15.0402,1.8336,9.7875,354.7148,0,50.0,25.0,NORMAL,Synthetic / Demonstration Dataset
C1423,LOT_2026_04,OPAMP_LM741,TEST_LOT_2026_04_24H,2026-08-07 08:00:00,125.0,15.0215,1.7941,11.9889,352.7556,24,50.0,25.0,NORMAL,Synthetic / Demonstration Dataset
C1423,LOT_2026_04,OPAMP_LM741,TEST_LOT_2026_04_96H,2026-08-10 08:00:00,125.0,14.8957,1.8384,11.473,353.2763,96,50.0,25.0,NORMAL,Synthetic / Demonstration Dataset
C1423,LOT_2026_04,OPAMP_LM741,TEST_LOT_2026_04_168H,2026-08-13 08:00:00,85.0,15.07,1.8391,11.3035,351.8734,168,50.0,25.0,NORMAL,Synthetic / Demonstration Dataset
C1424,LOT_2026_04,OPAMP_LM741,TEST_LOT_2026_04_0H,2026-08-03 08:00:00,25.0,15.1691,1.7571,11.3623,352.7977,0,50.0,25.0,NORMAL,Synthetic / Demonstration Dataset
C1424,LOT_2026_04,OPAMP_LM741,TEST_LOT_2026_04_24H,2026-08-04 08:00:00,125.0,14.978,1.7306,14.1606,352.1814,24,50.0,25.0,NORMAL,Synthetic / Demonstration Dataset
C1424,LOT_2026_04,OPAMP_LM741,TEST_LOT_2026_04_96H,2026-08-07 08:00:00,125.0,14.8255,1.8184,13.905,357.0659,96,50.0,25.0,NORMAL,Synthetic / Demonstration Dataset
C1424,LOT_2026_04,OPAMP_LM741,TEST_LOT_2026_04_168H,2026-08-10 08:00:00,85.0,14.9564,1.8919,13.8289,361.9151,168,50.0,25.0,NORMAL,Synthetic / Demonstration Dataset
C1425,LOT_2026_04,OPAMP_LM741,TEST_LOT_2026_04_0H,2026-08-13 08:00:00,25.0,15.0427,1.7207,11.887,357.5564,0,50.0,25.0,NORMAL,Synthetic / Demonstration Dataset
C1425,LOT_2026_04,OPAMP_LM741,TEST_LOT_2026_04_24H,2026-08-14 08:00:00,125.0,14.9878,1.9348,14.756,360.3874,24,50.0,25.0,NORMAL,Synthetic / Demonstration Dataset
C1425,LOT_2026_04,OPAMP_LM741,TEST_LOT_2026_04_96H,2026-08-17 08:00:00,125.0,15.163,1.865,14.829,348.6896,96,50.0,25.0,NORMAL,Synthetic / Demonstration Dataset
C1425,LOT_2026_04,OPAMP_LM741,TEST_LOT_2026_04_168H,2026-08-20 08:00:00,85.0,15.1796,1.795,13.5378,355.9868,168,50.0,25.0,NORMAL,Synthetic / Demonstration Dataset
C1426,LOT_2026_04,OPAMP_LM741,TEST_LOT_2026_04_0H,2026-08-08 08:00:00,25.0,15.2676,1.8732,8.912,351.3625,0,50.0,25.0,NORMAL,Synthetic / Demonstration Dataset
C1426,LOT_2026_04,OPAMP_LM741,TEST_LOT_2026_04_24H,2026-08-09 08:00:00,125.0,14.8979,1.8404,10.9698,357.2688,24,50.0,25.0,NORMAL,Synthetic / Demonstration Dataset
C1426,LOT_2026_04,OPAMP_LM741,TEST_LOT_2026_04_96H,2026-08-12 08:00:00,125.0,15.0498,1.9602,11.3466,352.0756,96,50.0,25.0,NORMAL,Synthetic / Demonstration Dataset
C1426,LOT_2026_04,OPAMP_LM741,TEST_LOT_2026_04_168H,2026-08-15 08:00:00,85.0,14.941,1.7182,9.6631,349.6079,168,50.0,25.0,NORMAL,Synthetic / Demonstration Dataset
C1427,LOT_2026_04,OPAMP_LM741,TEST_LOT_2026_04_0H,2026-08-05 08:00:00,25.0,14.8617,1.7419,8.9642,356.2959,0,50.0,25.0,NORMAL,Synthetic / Demonstration Dataset
C1427,LOT_2026_04,OPAMP_LM741,TEST_LOT_2026_04_24H,2026-08-06 08:00:00,125.0,14.9731,1.8535,10.8756,352.7557,24,50.0,25.0,NORMAL,Synthetic / Demonstration Dataset
C1427,LOT_2026_04,OPAMP_LM741,TEST_LOT_2026_04_96H,2026-08-09 08:00:00,125.0,15.0549,1.7131,11.0219,347.1638,96,50.0,25.0,NORMAL,Synthetic / Demonstration Dataset
C1427,LOT_2026_04,OPAMP_LM741,TEST_LOT_2026_04_168H,2026-08-12 08:00:00,85.0,15.0738,1.9096,10.643,355.8748,168,50.0,25.0,NORMAL,Synthetic / Demonstration Dataset
C1428,LOT_2026_04,OPAMP_LM741,TEST_LOT_2026_04_0H,2026-08-09 08:00:00,25.0,14.9707,1.8264,11.1495,361.4102,0,50.0,25.0,NORMAL,Synthetic / Demonstration Dataset
C1428,LOT_2026_04,OPAMP_LM741,TEST_LOT_2026_04_24H,2026-08-10 08:00:00,125.0,15.062,1.9379,13.1097,357.5419,24,50.0,25.0,NORMAL,Synthetic / Demonstration Dataset
C1428,LOT_2026_04,OPAMP_LM741,TEST_LOT_2026_04_96H,2026-08-13 08:00:00,125.0,14.9056,1.8417,14.3336,357.2841,96,50.0,25.0,NORMAL,Synthetic / Demonstration Dataset
C1428,LOT_2026_04,OPAMP_LM741,TEST_LOT_2026_04_168H,2026-08-16 08:00:00,85.0,14.8248,1.7646,11.942,358.8482,168,50.0,25.0,NORMAL,Synthetic / Demonstration Dataset
C1429,LOT_2026_04,OPAMP_LM741,TEST_LOT_2026_04_0H,2026-08-01 08:00:00,25.0,15.0486,1.8533,11.2124,355.0317,0,50.0,25.0,NORMAL,Synthetic / Demonstration Dataset
C1429,LOT_2026_04,OPAMP_LM741,TEST_LOT_2026_04_24H,2026-08-02 08:00:00,125.0,15.0013,1.8427,13.9834,356.0621,24,50.0,25.0,NORMAL,Synthetic / Demonstration Dataset
C1429,LOT_2026_04,OPAMP_LM741,TEST_LOT_2026_04_96H,2026-08-05 08:00:00,125.0,14.9368,1.8894,14.0613,353.0681,96,50.0,25.0,NORMAL,Synthetic / Demonstration Dataset
C1429,LOT_2026_04,OPAMP_LM741,TEST_LOT_2026_04_168H,2026-08-08 08:00:00,85.0,15.1031,1.8207,12.5136,354.6682,168,50.0,25.0,NORMAL,Synthetic / Demonstration Dataset
C1430,LOT_2026_04,OPAMP_LM741,TEST_LOT_2026_04_0H,2026-08-15 08:00:00,25.0,14.9089,1.8023,11.2339,360.5142,0,50.0,25.0,GRADUAL_DEGRADE,Synthetic / Demonstration Dataset
C1430,LOT_2026_04,OPAMP_LM741,TEST_LOT_2026_04_24H,2026-08-16 08:00:00,125.0,15.1752,1.8967,17.812,353.1652,24,50.0,25.0,GRADUAL_DEGRADE,Synthetic / Demonstration Dataset
C1430,LOT_2026_04,OPAMP_LM741,TEST_LOT_2026_04_96H,2026-08-19 08:00:00,125.0,14.9178,1.8125,22.9982,367.3541,96,50.0,25.0,GRADUAL_DEGRADE,Synthetic / Demonstration Dataset
C1430,LOT_2026_04,OPAMP_LM741,TEST_LOT_2026_04_168H,2026-08-22 08:00:00,85.0,15.0389,2.022,34.6268,365.1435,168,50.0,25.0,GRADUAL_DEGRADE,Synthetic / Demonstration Dataset
C1431,LOT_2026_04,OPAMP_LM741,TEST_LOT_2026_04_0H,2026-08-06 08:00:00,25.0,14.7864,1.7718,9.4631,348.3601,0,50.0,25.0,SUDDEN_DEGRADE,Synthetic / Demonstration Dataset
C1431,LOT_2026_04,OPAMP_LM741,TEST_LOT_2026_04_24H,2026-08-07 08:00:00,125.0,15.1781,1.7531,12.4332,356.8415,24,50.0,25.0,SUDDEN_DEGRADE,Synthetic / Demonstration Dataset
C1431,LOT_2026_04,OPAMP_LM741,TEST_LOT_2026_04_96H,2026-08-10 08:00:00,125.0,14.9738,2.057,30.6885,363.7125,96,50.0,25.0,SUDDEN_DEGRADE,Synthetic / Demonstration Dataset
C1431,LOT_2026_04,OPAMP_LM741,TEST_LOT_2026_04_168H,2026-08-13 08:00:00,85.0,14.9868,2.3557,55.6107,384.224,168,50.0,25.0,SUDDEN_DEGRADE,Synthetic / Demonstration Dataset
C1432,LOT_2026_04,OPAMP_LM741,TEST_LOT_2026_04_0H,2026-08-12 08:00:00,25.0,15.0836,1.8287,9.1243,352.471,0,50.0,25.0,NORMAL,Synthetic / Demonstration Dataset
C1432,LOT_2026_04,OPAMP_LM741,TEST_LOT_2026_04_24H,2026-08-13 08:00:00,125.0,14.9982,1.7997,10.8303,353.8899,24,50.0,25.0,NORMAL,Synthetic / Demonstration Dataset
C1432,LOT_2026_04,OPAMP_LM741,TEST_LOT_2026_04_96H,2026-08-16 08:00:00,125.0,14.8874,1.7571,11.4684,356.116,96,50.0,25.0,NORMAL,Synthetic / Demonstration Dataset
C1432,LOT_2026_04,OPAMP_LM741,TEST_LOT_2026_04_168H,2026-08-19 08:00:00,85.0,14.8235,1.8548,10.8401,349.2234,168,50.0,25.0,NORMAL,Synthetic / Demonstration Dataset
C1433,LOT_2026_04,OPAMP_LM741,TEST_LOT_2026_04_0H,2026-08-10 08:00:00,25.0,14.9879,2.1821,48.8131,373.3556,0,50.0,25.0,SEVERE_FAILURE,Synthetic / Demonstration Dataset
C1433,LOT_2026_04,OPAMP_LM741,TEST_LOT_2026_04_24H,2026-08-11 08:00:00,125.0,14.8048,2.3991,76.1484,391.002,24,50.0,25.0,SEVERE_FAILURE,Synthetic / Demonstration Dataset
C1433,LOT_2026_04,OPAMP_LM741,TEST_LOT_2026_04_96H,2026-08-14 08:00:00,125.0,15.0018,2.739,105.4362,404.27,96,50.0,25.0,SEVERE_FAILURE,Synthetic / Demonstration Dataset
C1433,LOT_2026_04,OPAMP_LM741,TEST_LOT_2026_04_168H,2026-08-17 08:00:00,85.0,15.0152,3.0271,136.6766,426.9518,168,50.0,25.0,SEVERE_FAILURE,Synthetic / Demonstration Dataset
C1434,LOT_2026_04,OPAMP_LM741,TEST_LOT_2026_04_0H,2026-08-14 08:00:00,25.0,15.0191,1.7849,11.0547,358.862,0,50.0,25.0,NORMAL,Synthetic / Demonstration Dataset
C1434,LOT_2026_04,OPAMP_LM741,TEST_LOT_2026_04_24H,2026-08-15 08:00:00,125.0,14.8692,1.9178,13.3167,356.7657,24,50.0,25.0,NORMAL,Synthetic / Demonstration Dataset
C1434,LOT_2026_04,OPAMP_LM741,TEST_LOT_2026_04_96H,2026-08-18 08:00:00,125.0,15.0009,1.876,13.3509,358.8498,96,50.0,25.0,NORMAL,Synthetic / Demonstration Dataset
C1434,LOT_2026_04,OPAMP_LM741,TEST_LOT_2026_04_168H,2026-08-21 08:00:00,85.0,14.8126,1.8801,13.2658,356.0062,168,50.0,25.0,NORMAL,Synthetic / Demonstration Dataset
C1435,LOT_2026_04,OPAMP_LM741,TEST_LOT_2026_04_0H,2026-08-15 08:00:00,25.0,15.1814,1.8379,10.2727,356.3651,0,50.0,25.0,NORMAL,Synthetic / Demonstration Dataset
C1435,LOT_2026_04,OPAMP_LM741,TEST_LOT_2026_04_24H,2026-08-16 08:00:00,125.0,14.9932,1.7817,12.0911,358.5342,24,50.0,25.0,NORMAL,Synthetic / Demonstration Dataset
C1435,LOT_2026_04,OPAMP_LM741,TEST_LOT_2026_04_96H,2026-08-19 08:00:00,125.0,14.9547,1.7971,13.044,361.9691,96,50.0,25.0,NORMAL,Synthetic / Demonstration Dataset
C1435,LOT_2026_04,OPAMP_LM741,TEST_LOT_2026_04_168H,2026-08-22 08:00:00,85.0,14.8208,1.7752,11.6833,353.8991,168,50.0,25.0,NORMAL,Synthetic / Demonstration Dataset
C1436,LOT_2026_04,OPAMP_LM741,TEST_LOT_2026_04_0H,2026-08-07 08:00:00,25.0,15.1268,1.6814,9.1322,351.4771,0,50.0,25.0,GRADUAL_DEGRADE,Synthetic / Demonstration Dataset
C1436,LOT_2026_04,OPAMP_LM741,TEST_LOT_2026_04_24H,2026-08-08 08:00:00,125.0,14.8907,1.8436,15.3028,358.2824,24,50.0,25.0,GRADUAL_DEGRADE,Synthetic / Demonstration Dataset
C1436,LOT_2026_04,OPAMP_LM741,TEST_LOT_2026_04_96H,2026-08-11 08:00:00,125.0,14.8778,1.8216,20.1611,353.4024,96,50.0,25.0,GRADUAL_DEGRADE,Synthetic / Demonstration Dataset
C1436,LOT_2026_04,OPAMP_LM741,TEST_LOT_2026_04_168H,2026-08-14 08:00:00,85.0,15.1516,2.1263,24.9886,358.1386,168,50.0,25.0,GRADUAL_DEGRADE,Synthetic / Demonstration Dataset
C1437,LOT_2026_04,OPAMP_LM741,TEST_LOT_2026_04_0H,2026-08-16 08:00:00,25.0,15.0675,2.1547,47.5286,375.6594,0,50.0,25.0,SEVERE_FAILURE,Synthetic / Demonstration Dataset
C1437,LOT_2026_04,OPAMP_LM741,TEST_LOT_2026_04_24H,2026-08-17 08:00:00,125.0,14.8383,2.4094,74.1446,385.6748,24,50.0,25.0,SEVERE_FAILURE,Synthetic / Demonstration Dataset
C1437,LOT_2026_04,OPAMP_LM741,TEST_LOT_2026_04_96H,2026-08-20 08:00:00,125.0,14.999,2.7404,102.6618,408.4788,96,50.0,25.0,SEVERE_FAILURE,Synthetic / Demonstration Dataset
C1437,LOT_2026_04,OPAMP_LM741,TEST_LOT_2026_04_168H,2026-08-23 08:00:00,85.0,15.0858,3.0606,133.0801,415.6069,168,50.0,25.0,SEVERE_FAILURE,Synthetic / Demonstration Dataset
C1438,LOT_2026_04,OPAMP_LM741,TEST_LOT_2026_04_0H,2026-08-13 08:00:00,25.0,14.9208,1.7544,8.99,355.8678,0,50.0,25.0,NORMAL,Synthetic / Demonstration Dataset
C1438,LOT_2026_04,OPAMP_LM741,TEST_LOT_2026_04_24H,2026-08-14 08:00:00,125.0,15.0889,1.8005,10.6317,357.8826,24,50.0,25.0,NORMAL,Synthetic / Demonstration Dataset
C1438,LOT_2026_04,OPAMP_LM741,TEST_LOT_2026_04_96H,2026-08-17 08:00:00,125.0,14.8648,1.7885,10.8874,353.9364,96,50.0,25.0,NORMAL,Synthetic / Demonstration Dataset
C1438,LOT_2026_04,OPAMP_LM741,TEST_LOT_2026_04_168H,2026-08-20 08:00:00,85.0,15.1195,1.904,10.878,353.7048,168,50.0,25.0,NORMAL,Synthetic / Demonstration Dataset
C1439,LOT_2026_04,OPAMP_LM741,TEST_LOT_2026_04_0H,2026-08-10 08:00:00,25.0,14.9386,1.773,6.1488,355.5752,0,50.0,25.0,NORMAL,Synthetic / Demonstration Dataset
C1439,LOT_2026_04,OPAMP_LM741,TEST_LOT_2026_04_24H,2026-08-11 08:00:00,125.0,14.9256,1.8626,7.6914,350.2276,24,50.0,25.0,NORMAL,Synthetic / Demonstration Dataset
C1439,LOT_2026_04,OPAMP_LM741,TEST_LOT_2026_04_96H,2026-08-14 08:00:00,125.0,14.838,1.7774,7.6396,359.3813,96,50.0,25.0,NORMAL,Synthetic / Demonstration Dataset
C1439,LOT_2026_04,OPAMP_LM741,TEST_LOT_2026_04_168H,2026-08-17 08:00:00,85.0,14.9798,1.6879,7.2715,352.6313,168,50.0,25.0,NORMAL,Synthetic / Demonstration Dataset
C1440,LOT_2026_04,OPAMP_LM741,TEST_LOT_2026_04_0H,2026-08-10 08:00:00,25.0,15.1726,2.2571,57.8572,374.3747,0,50.0,25.0,SEVERE_FAILURE,Synthetic / Demonstration Dataset
C1440,LOT_2026_04,OPAMP_LM741,TEST_LOT_2026_04_24H,2026-08-11 08:00:00,125.0,14.9357,2.6508,90.2573,399.6786,24,50.0,25.0,SEVERE_FAILURE,Synthetic / Demonstration Dataset
C1440,LOT_2026_04,OPAMP_LM741,TEST_LOT_2026_04_96H,2026-08-14 08:00:00,125.0,15.144,2.86,124.9716,416.2768,96,50.0,25.0,SEVERE_FAILURE,Synthetic / Demonstration Dataset
C1440,LOT_2026_04,OPAMP_LM741,TEST_LOT_2026_04_168H,2026-08-17 08:00:00,85.0,14.7242,3.3649,162.0002,429.7129,168,50.0,25.0,SEVERE_FAILURE,Synthetic / Demonstration Dataset
C1441,LOT_2026_04,OPAMP_LM741,TEST_LOT_2026_04_0H,2026-08-13 08:00:00,25.0,14.8001,1.8686,11.0089,350.377,0,50.0,25.0,NORMAL,Synthetic / Demonstration Dataset
C1441,LOT_2026_04,OPAMP_LM741,TEST_LOT_2026_04_24H,2026-08-14 08:00:00,125.0,14.8503,1.7452,13.2902,356.976,24,50.0,25.0,NORMAL,Synthetic / Demonstration Dataset
C1441,LOT_2026_04,OPAMP_LM741,TEST_LOT_2026_04_96H,2026-08-17 08:00:00,125.0,15.4,1.8471,14.2208,361.0188,96,50.0,25.0,NORMAL,Synthetic / Demonstration Dataset
C1441,LOT_2026_04,OPAMP_LM741,TEST_LOT_2026_04_168H,2026-08-20 08:00:00,85.0,15.0748,1.8117,12.8819,357.1237,168,50.0,25.0,NORMAL,Synthetic / Demonstration Dataset
C1442,LOT_2026_04,OPAMP_LM741,TEST_LOT_2026_04_0H,2026-08-02 08:00:00,25.0,14.9132,1.8042,10.8108,355.2009,0,50.0,25.0,NORMAL,Synthetic / Demonstration Dataset
C1442,LOT_2026_04,OPAMP_LM741,TEST_LOT_2026_04_24H,2026-08-03 08:00:00,125.0,14.8401,1.8315,13.4113,363.3977,24,50.0,25.0,NORMAL,Synthetic / Demonstration Dataset
C1442,LOT_2026_04,OPAMP_LM741,TEST_LOT_2026_04_96H,2026-08-06 08:00:00,125.0,15.2024,1.8387,13.752,357.9995,96,50.0,25.0,NORMAL,Synthetic / Demonstration Dataset
C1442,LOT_2026_04,OPAMP_LM741,TEST_LOT_2026_04_168H,2026-08-09 08:00:00,85.0,15.234,1.7325,13.0051,351.8985,168,50.0,25.0,NORMAL,Synthetic / Demonstration Dataset
C1443,LOT_2026_04,OPAMP_LM741,TEST_LOT_2026_04_0H,2026-08-16 08:00:00,25.0,14.9585,1.7838,11.7372,351.479,0,50.0,25.0,SUDDEN_DEGRADE,Synthetic / Demonstration Dataset
C1443,LOT_2026_04,OPAMP_LM741,TEST_LOT_2026_04_24H,2026-08-17 08:00:00,125.0,14.9167,1.8311,15.6129,357.5922,24,50.0,25.0,SUDDEN_DEGRADE,Synthetic / Demonstration Dataset
C1443,LOT_2026_04,OPAMP_LM741,TEST_LOT_2026_04_96H,2026-08-20 08:00:00,125.0,15.0882,2.1588,41.0643,373.8428,96,50.0,25.0,SUDDEN_DEGRADE,Synthetic / Demonstration Dataset
C1443,LOT_2026_04,OPAMP_LM741,TEST_LOT_2026_04_168H,2026-08-23 08:00:00,85.0,15.161,2.3387,65.2872,380.8973,168,50.0,25.0,SUDDEN_DEGRADE,Synthetic / Demonstration Dataset
C1444,LOT_2026_04,OPAMP_LM741,TEST_LOT_2026_04_0H,2026-08-10 08:00:00,25.0,14.9581,1.8519,15.2058,356.1503,0,50.0,25.0,LOT_ANOMALY,Synthetic / Demonstration Dataset
C1444,LOT_2026_04,OPAMP_LM741,TEST_LOT_2026_04_24H,2026-08-11 08:00:00,125.0,14.8873,1.8924,18.5447,358.7107,24,50.0,25.0,LOT_ANOMALY,Synthetic / Demonstration Dataset
C1444,LOT_2026_04,OPAMP_LM741,TEST_LOT_2026_04_96H,2026-08-14 08:00:00,125.0,15.0079,1.9009,19.7001,361.9249,96,50.0,25.0,LOT_ANOMALY,Synthetic / Demonstration Dataset
C1444,LOT_2026_04,OPAMP_LM741,TEST_LOT_2026_04_168H,2026-08-17 08:00:00,85.0,15.2189,1.9621,19.5051,362.7991,168,50.0,25.0,LOT_ANOMALY,Synthetic / Demonstration Dataset
C1445,LOT_2026_04,OPAMP_LM741,TEST_LOT_2026_04_0H,2026-08-08 08:00:00,25.0,15.0657,1.843,12.6683,364.1879,0,50.0,25.0,NORMAL,Synthetic / Demonstration Dataset
C1445,LOT_2026_04,OPAMP_LM741,TEST_LOT_2026_04_24H,2026-08-09 08:00:00,125.0,14.9679,1.9105,14.7877,360.8248,24,50.0,25.0,NORMAL,Synthetic / Demonstration Dataset
C1445,LOT_2026_04,OPAMP_LM741,TEST_LOT_2026_04_96H,2026-08-12 08:00:00,125.0,15.0161,1.8433,16.4856,357.0805,96,50.0,25.0,NORMAL,Synthetic / Demonstration Dataset
C1445,LOT_2026_04,OPAMP_LM741,TEST_LOT_2026_04_168H,2026-08-15 08:00:00,85.0,15.2432,1.9295,14.779,357.1935,168,50.0,25.0,NORMAL,Synthetic / Demonstration Dataset
C1446,LOT_2026_04,OPAMP_LM741,TEST_LOT_2026_04_0H,2026-08-12 08:00:00,25.0,14.9083,1.7793,10.4694,358.8966,0,50.0,25.0,NORMAL,Synthetic / Demonstration Dataset
C1446,LOT_2026_04,OPAMP_LM741,TEST_LOT_2026_04_24H,2026-08-13 08:00:00,125.0,14.8954,1.844,13.1879,355.7432,24,50.0,25.0,NORMAL,Synthetic / Demonstration Dataset
C1446,LOT_2026_04,OPAMP_LM741,TEST_LOT_2026_04_96H,2026-08-16 08:00:00,125.0,14.9417,1.736,13.2343,360.1301,96,50.0,25.0,NORMAL,Synthetic / Demonstration Dataset
C1446,LOT_2026_04,OPAMP_LM741,TEST_LOT_2026_04_168H,2026-08-19 08:00:00,85.0,14.9701,1.8422,12.0378,357.2538,168,50.0,25.0,NORMAL,Synthetic / Demonstration Dataset
C1447,LOT_2026_04,OPAMP_LM741,TEST_LOT_2026_04_0H,2026-08-07 08:00:00,25.0,14.7555,1.8349,10.7132,348.6749,0,50.0,25.0,NORMAL,Synthetic / Demonstration Dataset
C1447,LOT_2026_04,OPAMP_LM741,TEST_LOT_2026_04_24H,2026-08-08 08:00:00,125.0,15.1678,1.7644,13.2805,357.7898,24,50.0,25.0,NORMAL,Synthetic / Demonstration Dataset
C1447,LOT_2026_04,OPAMP_LM741,TEST_LOT_2026_04_96H,2026-08-11 08:00:00,125.0,14.9326,1.8696,13.5964,347.0493,96,50.0,25.0,NORMAL,Synthetic / Demonstration Dataset
C1447,LOT_2026_04,OPAMP_LM741,TEST_LOT_2026_04_168H,2026-08-14 08:00:00,85.0,15.0045,1.8165,12.9387,359.9135,168,50.0,25.0,NORMAL,Synthetic / Demonstration Dataset
C1448,LOT_2026_04,OPAMP_LM741,TEST_LOT_2026_04_0H,2026-08-05 08:00:00,25.0,15.0729,1.9028,12.241,350.684,0,50.0,25.0,NORMAL,Synthetic / Demonstration Dataset
C1448,LOT_2026_04,OPAMP_LM741,TEST_LOT_2026_04_24H,2026-08-06 08:00:00,125.0,14.9802,1.8115,15.089,350.7941,24,50.0,25.0,NORMAL,Synthetic / Demonstration Dataset
C1448,LOT_2026_04,OPAMP_LM741,TEST_LOT_2026_04_96H,2026-08-09 08:00:00,125.0,15.1313,1.9198,15.2694,361.7524,96,50.0,25.0,NORMAL,Synthetic / Demonstration Dataset
C1448,LOT_2026_04,OPAMP_LM741,TEST_LOT_2026_04_168H,2026-08-12 08:00:00,85.0,15.1936,1.9079,13.8122,355.9961,168,50.0,25.0,NORMAL,Synthetic / Demonstration Dataset
C1449,LOT_2026_04,OPAMP_LM741,TEST_LOT_2026_04_0H,2026-08-02 08:00:00,25.0,14.8599,1.876,10.1999,349.8087,0,50.0,25.0,NORMAL,Synthetic / Demonstration Dataset
C1449,LOT_2026_04,OPAMP_LM741,TEST_LOT_2026_04_24H,2026-08-03 08:00:00,125.0,14.9105,1.7707,12.6083,349.7426,24,50.0,25.0,NORMAL,Synthetic / Demonstration Dataset
C1449,LOT_2026_04,OPAMP_LM741,TEST_LOT_2026_04_96H,2026-08-06 08:00:00,125.0,14.8103,1.828,12.5224,362.4539,96,50.0,25.0,NORMAL,Synthetic / Demonstration Dataset
C1449,LOT_2026_04,OPAMP_LM741,TEST_LOT_2026_04_168H,2026-08-09 08:00:00,85.0,15.2996,1.7705,11.9613,351.4974,168,50.0,25.0,NORMAL,Synthetic / Demonstration Dataset
C1450,LOT_2026_04,OPAMP_LM741,TEST_LOT_2026_04_0H,2026-08-15 08:00:00,25.0,14.9902,1.9255,8.9334,348.6493,0,50.0,25.0,NORMAL,Synthetic / Demonstration Dataset
C1450,LOT_2026_04,OPAMP_LM741,TEST_LOT_2026_04_24H,2026-08-16 08:00:00,125.0,14.895,1.7999,11.1088,351.1513,24,50.0,25.0,NORMAL,Synthetic / Demonstration Dataset
C1450,LOT_2026_04,OPAMP_LM741,TEST_LOT_2026_04_96H,2026-08-19 08:00:00,125.0,14.9934,1.8683,11.3966,356.3116,96,50.0,25.0,NORMAL,Synthetic / Demonstration Dataset
C1450,LOT_2026_04,OPAMP_LM741,TEST_LOT_2026_04_168H,2026-08-22 08:00:00,85.0,15.1645,1.6952,9.588,348.2494,168,50.0,25.0,NORMAL,Synthetic / Demonstration Dataset
C1451,LOT_2026_04,OPAMP_LM741,TEST_LOT_2026_04_0H,2026-08-12 08:00:00,25.0,14.8644,1.8605,9.0652,353.9335,0,50.0,25.0,NORMAL,Synthetic / Demonstration Dataset
C1451,LOT_2026_04,OPAMP_LM741,TEST_LOT_2026_04_24H,2026-08-13 08:00:00,125.0,14.9148,1.8301,11.4176,357.3679,24,50.0,25.0,NORMAL,Synthetic / Demonstration Dataset
C1451,LOT_2026_04,OPAMP_LM741,TEST_LOT_2026_04_96H,2026-08-16 08:00:00,125.0,14.9303,1.796,11.4888,354.7009,96,50.0,25.0,NORMAL,Synthetic / Demonstration Dataset
C1451,LOT_2026_04,OPAMP_LM741,TEST_LOT_2026_04_168H,2026-08-19 08:00:00,85.0,14.9874,1.7794,9.8607,356.9606,168,50.0,25.0,NORMAL,Synthetic / Demonstration Dataset
C1452,LOT_2026_04,OPAMP_LM741,TEST_LOT_2026_04_0H,2026-08-03 08:00:00,25.0,15.2005,1.8063,10.2754,353.17,0,50.0,25.0,NORMAL,Synthetic / Demonstration Dataset
C1452,LOT_2026_04,OPAMP_LM741,TEST_LOT_2026_04_24H,2026-08-04 08:00:00,125.0,15.1086,1.7372,12.5843,353.7888,24,50.0,25.0,NORMAL,Synthetic / Demonstration Dataset
C1452,LOT_2026_04,OPAMP_LM741,TEST_LOT_2026_04_96H,2026-08-07 08:00:00,125.0,15.0616,1.8508,12.4406,356.5746,96,50.0,25.0,NORMAL,Synthetic / Demonstration Dataset
C1452,LOT_2026_04,OPAMP_LM741,TEST_LOT_2026_04_168H,2026-08-10 08:00:00,85.0,14.7522,1.7965,10.846,353.6679,168,50.0,25.0,NORMAL,Synthetic / Demonstration Dataset
C1453,LOT_2026_04,OPAMP_LM741,TEST_LOT_2026_04_0H,2026-08-11 08:00:00,25.0,14.9296,1.8783,10.1723,347.0573,0,50.0,25.0,SUDDEN_DEGRADE,Synthetic / Demonstration Dataset
C1453,LOT_2026_04,OPAMP_LM741,TEST_LOT_2026_04_24H,2026-08-12 08:00:00,125.0,15.0454,1.8715,13.7213,359.4544,24,50.0,25.0,SUDDEN_DEGRADE,Synthetic / Demonstration Dataset
C1453,LOT_2026_04,OPAMP_LM741,TEST_LOT_2026_04_96H,2026-08-15 08:00:00,125.0,14.9094,2.0648,41.9837,363.8705,96,50.0,25.0,SUDDEN_DEGRADE,Synthetic / Demonstration Dataset
C1453,LOT_2026_04,OPAMP_LM741,TEST_LOT_2026_04_168H,2026-08-18 08:00:00,85.0,14.9456,2.299,64.1697,380.6741,168,50.0,25.0,SUDDEN_DEGRADE,Synthetic / Demonstration Dataset
C1454,LOT_2026_04,OPAMP_LM741,TEST_LOT_2026_04_0H,2026-08-06 08:00:00,25.0,14.9914,1.8323,10.4925,350.558,0,50.0,25.0,NORMAL,Synthetic / Demonstration Dataset
C1454,LOT_2026_04,OPAMP_LM741,TEST_LOT_2026_04_24H,2026-08-07 08:00:00,125.0,14.9826,1.9214,12.6528,355.9281,24,50.0,25.0,NORMAL,Synthetic / Demonstration Dataset
C1454,LOT_2026_04,OPAMP_LM741,TEST_LOT_2026_04_96H,2026-08-10 08:00:00,125.0,15.0058,1.8092,13.3417,355.8073,96,50.0,25.0,NORMAL,Synthetic / Demonstration Dataset
C1454,LOT_2026_04,OPAMP_LM741,TEST_LOT_2026_04_168H,2026-08-13 08:00:00,85.0,15.0905,1.89,12.1242,357.321,168,50.0,25.0,NORMAL,Synthetic / Demonstration Dataset
C1455,LOT_2026_04,OPAMP_LM741,TEST_LOT_2026_04_0H,2026-08-12 08:00:00,25.0,14.8553,1.7952,11.5903,353.2601,0,50.0,25.0,NORMAL,Synthetic / Demonstration Dataset
C1455,LOT_2026_04,OPAMP_LM741,TEST_LOT_2026_04_24H,2026-08-13 08:00:00,125.0,14.9462,1.8787,14.2238,353.8534,24,50.0,25.0,NORMAL,Synthetic / Demonstration Dataset
C1455,LOT_2026_04,OPAMP_LM741,TEST_LOT_2026_04_96H,2026-08-16 08:00:00,125.0,15.103,1.7396,14.2839,364.5676,96,50.0,25.0,NORMAL,Synthetic / Demonstration Dataset
C1455,LOT_2026_04,OPAMP_LM741,TEST_LOT_2026_04_168H,2026-08-19 08:00:00,85.0,14.6962,1.8409,13.3023,356.7682,168,50.0,25.0,NORMAL,Synthetic / Demonstration Dataset
C1456,LOT_2026_04,OPAMP_LM741,TEST_LOT_2026_04_0H,2026-08-09 08:00:00,25.0,15.1487,1.838,10.0676,356.0763,0,50.0,25.0,NORMAL,Synthetic / Demonstration Dataset
C1456,LOT_2026_04,OPAMP_LM741,TEST_LOT_2026_04_24H,2026-08-10 08:00:00,125.0,14.9843,1.9131,12.4291,351.0374,24,50.0,25.0,NORMAL,Synthetic / Demonstration Dataset
C1456,LOT_2026_04,OPAMP_LM741,TEST_LOT_2026_04_96H,2026-08-13 08:00:00,125.0,15.0098,1.8656,12.4913,353.2922,96,50.0,25.0,NORMAL,Synthetic / Demonstration Dataset
C1456,LOT_2026_04,OPAMP_LM741,TEST_LOT_2026_04_168H,2026-08-16 08:00:00,85.0,15.0235,1.8235,10.9425,360.6848,168,50.0,25.0,NORMAL,Synthetic / Demonstration Dataset
C1457,LOT_2026_04,OPAMP_LM741,TEST_LOT_2026_04_0H,2026-08-09 08:00:00,25.0,14.8094,1.9098,15.2058,365.8889,0,50.0,25.0,LOT_ANOMALY,Synthetic / Demonstration Dataset
C1457,LOT_2026_04,OPAMP_LM741,TEST_LOT_2026_04_24H,2026-08-10 08:00:00,125.0,14.8064,1.8668,18.711,359.4045,24,50.0,25.0,LOT_ANOMALY,Synthetic / Demonstration Dataset
C1457,LOT_2026_04,OPAMP_LM741,TEST_LOT_2026_04_96H,2026-08-13 08:00:00,125.0,14.9113,1.9749,19.7176,355.9579,96,50.0,25.0,LOT_ANOMALY,Synthetic / Demonstration Dataset
C1457,LOT_2026_04,OPAMP_LM741,TEST_LOT_2026_04_168H,2026-08-16 08:00:00,85.0,15.166,1.7636,17.7366,358.1538,168,50.0,25.0,LOT_ANOMALY,Synthetic / Demonstration Dataset
C1458,LOT_2026_04,OPAMP_LM741,TEST_LOT_2026_04_0H,2026-08-16 08:00:00,25.0,14.9982,1.783,13.907,356.7526,0,50.0,25.0,SUDDEN_DEGRADE,Synthetic / Demonstration Dataset
C1458,LOT_2026_04,OPAMP_LM741,TEST_LOT_2026_04_24H,2026-08-17 08:00:00,125.0,14.9924,1.9728,19.0793,363.3152,24,50.0,25.0,SUDDEN_DEGRADE,Synthetic / Demonstration Dataset
C1458,LOT_2026_04,OPAMP_LM741,TEST_LOT_2026_04_96H,2026-08-20 08:00:00,125.0,15.0368,2.2407,50.438,373.0205,96,50.0,25.0,SUDDEN_DEGRADE,Synthetic / Demonstration Dataset
C1458,LOT_2026_04,OPAMP_LM741,TEST_LOT_2026_04_168H,2026-08-23 08:00:00,85.0,15.193,2.6411,92.521,397.2694,168,50.0,25.0,SUDDEN_DEGRADE,Synthetic / Demonstration Dataset
C1459,LOT_2026_04,OPAMP_LM741,TEST_LOT_2026_04_0H,2026-08-10 08:00:00,25.0,14.8838,1.7453,9.5161,351.493,0,50.0,25.0,SENSOR_NOISE,Synthetic / Demonstration Dataset
C1459,LOT_2026_04,OPAMP_LM741,TEST_LOT_2026_04_24H,2026-08-11 08:00:00,125.0,14.9471,1.7851,11.6142,353.3754,24,50.0,25.0,SENSOR_NOISE,Synthetic / Demonstration Dataset
C1459,LOT_2026_04,OPAMP_LM741,TEST_LOT_2026_04_96H,2026-08-14 08:00:00,125.0,15.2066,1.8183,,355.675,96,50.0,25.0,SENSOR_NOISE,Synthetic / Demonstration Dataset
C1459,LOT_2026_04,OPAMP_LM741,TEST_LOT_2026_04_168H,2026-08-17 08:00:00,85.0,14.9665,1.8664,10.6872,358.9747,168,50.0,25.0,SENSOR_NOISE,Synthetic / Demonstration Dataset
C1460,LOT_2026_04,OPAMP_LM741,TEST_LOT_2026_04_0H,2026-08-03 08:00:00,25.0,15.1404,1.8351,11.3274,357.0679,0,50.0,25.0,NORMAL,Synthetic / Demonstration Dataset
C1460,LOT_2026_04,OPAMP_LM741,TEST_LOT_2026_04_24H,2026-08-04 08:00:00,125.0,14.9375,1.8431,13.8916,357.7004,24,50.0,25.0,NORMAL,Synthetic / Demonstration Dataset
C1460,LOT_2026_04,OPAMP_LM741,TEST_LOT_2026_04_96H,2026-08-07 08:00:00,125.0,15.015,1.9471,14.1808,352.8561,96,50.0,25.0,NORMAL,Synthetic / Demonstration Dataset
C1460,LOT_2026_04,OPAMP_LM741,TEST_LOT_2026_04_168H,2026-08-10 08:00:00,85.0,14.9938,1.8348,13.4727,353.8923,168,50.0,25.0,NORMAL,Synthetic / Demonstration Dataset
C1461,LOT_2026_04,OPAMP_LM741,TEST_LOT_2026_04_0H,2026-08-08 08:00:00,25.0,15.0979,1.8556,11.389,356.2869,0,50.0,25.0,NORMAL,Synthetic / Demonstration Dataset
C1461,LOT_2026_04,OPAMP_LM741,TEST_LOT_2026_04_24H,2026-08-09 08:00:00,125.0,14.99,1.86,13.8289,349.8949,24,50.0,25.0,NORMAL,Synthetic / Demonstration Dataset
C1461,LOT_2026_04,OPAMP_LM741,TEST_LOT_2026_04_96H,2026-08-12 08:00:00,125.0,15.3639,1.8674,14.3411,356.1873,96,50.0,25.0,NORMAL,Synthetic / Demonstration Dataset
C1461,LOT_2026_04,OPAMP_LM741,TEST_LOT_2026_04_168H,2026-08-15 08:00:00,85.0,15.1061,1.8184,13.1315,359.6061,168,50.0,25.0,NORMAL,Synthetic / Demonstration Dataset
C1462,LOT_2026_04,OPAMP_LM741,TEST_LOT_2026_04_0H,2026-08-13 08:00:00,25.0,15.2571,1.8839,9.9569,353.8228,0,50.0,25.0,GRADUAL_DEGRADE,Synthetic / Demonstration Dataset
C1462,LOT_2026_04,OPAMP_LM741,TEST_LOT_2026_04_24H,2026-08-14 08:00:00,125.0,15.295,1.8502,15.2153,361.9816,24,50.0,25.0,GRADUAL_DEGRADE,Synthetic / Demonstration Dataset
C1462,LOT_2026_04,OPAMP_LM741,TEST_LOT_2026_04_96H,2026-08-17 08:00:00,125.0,14.8415,1.9211,22.4561,367.8501,96,50.0,25.0,GRADUAL_DEGRADE,Synthetic / Demonstration Dataset
C1462,LOT_2026_04,OPAMP_LM741,TEST_LOT_2026_04_168H,2026-08-20 08:00:00,85.0,14.5569,2.0172,34.926,365.2723,168,50.0,25.0,GRADUAL_DEGRADE,Synthetic / Demonstration Dataset
C1463,LOT_2026_04,OPAMP_LM741,TEST_LOT_2026_04_0H,2026-08-12 08:00:00,25.0,15.0183,1.769,8.9919,351.6098,0,50.0,25.0,SENSOR_NOISE,Synthetic / Demonstration Dataset
C1463,LOT_2026_04,OPAMP_LM741,TEST_LOT_2026_04_24H,2026-08-13 08:00:00,125.0,37.2317,1.8638,10.7762,353.0745,24,50.0,25.0,SENSOR_NOISE,Synthetic / Demonstration Dataset
C1463,LOT_2026_04,OPAMP_LM741,TEST_LOT_2026_04_96H,2026-08-16 08:00:00,125.0,14.9315,1.8266,,357.0793,96,50.0,25.0,SENSOR_NOISE,Synthetic / Demonstration Dataset
C1463,LOT_2026_04,OPAMP_LM741,TEST_LOT_2026_04_168H,2026-08-19 08:00:00,85.0,15.1532,1.8634,9.1549,350.9018,168,50.0,25.0,SENSOR_NOISE,Synthetic / Demonstration Dataset
C1464,LOT_2026_04,OPAMP_LM741,TEST_LOT_2026_04_0H,2026-08-04 08:00:00,25.0,14.9325,1.7522,8.9991,355.2833,0,50.0,25.0,NORMAL,Synthetic / Demonstration Dataset
C1464,LOT_2026_04,OPAMP_LM741,TEST_LOT_2026_04_24H,2026-08-05 08:00:00,125.0,14.8323,1.8827,10.5717,352.0371,24,50.0,25.0,NORMAL,Synthetic / Demonstration Dataset
C1464,LOT_2026_04,OPAMP_LM741,TEST_LOT_2026_04_96H,2026-08-08 08:00:00,125.0,15.0533,1.7256,11.6065,358.0269,96,50.0,25.0,NORMAL,Synthetic / Demonstration Dataset
C1464,LOT_2026_04,OPAMP_LM741,TEST_LOT_2026_04_168H,2026-08-11 08:00:00,85.0,14.9317,1.817,10.4742,356.8983,168,50.0,25.0,NORMAL,Synthetic / Demonstration Dataset
C1465,LOT_2026_04,OPAMP_LM741,TEST_LOT_2026_04_0H,2026-08-09 08:00:00,25.0,15.1767,1.8306,11.0149,350.6927,0,50.0,25.0,NORMAL,Synthetic / Demonstration Dataset
C1465,LOT_2026_04,OPAMP_LM741,TEST_LOT_2026_04_24H,2026-08-10 08:00:00,125.0,15.4415,1.8697,13.3442,364.9646,24,50.0,25.0,NORMAL,Synthetic / Demonstration Dataset
C1465,LOT_2026_04,OPAMP_LM741,TEST_LOT_2026_04_96H,2026-08-13 08:00:00,125.0,15.0363,1.8559,14.0803,356.9121,96,50.0,25.0,NORMAL,Synthetic / Demonstration Dataset
C1465,LOT_2026_04,OPAMP_LM741,TEST_LOT_2026_04_168H,2026-08-16 08:00:00,85.0,15.0027,1.8806,12.0062,353.9044,168,50.0,25.0,NORMAL,Synthetic / Demonstration Dataset
C1466,LOT_2026_04,OPAMP_LM741,TEST_LOT_2026_04_0H,2026-08-12 08:00:00,25.0,15.1277,1.7611,10.6602,353.7505,0,50.0,25.0,NORMAL,Synthetic / Demonstration Dataset
C1466,LOT_2026_04,OPAMP_LM741,TEST_LOT_2026_04_24H,2026-08-13 08:00:00,125.0,14.8767,1.7635,12.7879,353.2424,24,50.0,25.0,NORMAL,Synthetic / Demonstration Dataset
C1466,LOT_2026_04,OPAMP_LM741,TEST_LOT_2026_04_96H,2026-08-16 08:00:00,125.0,14.8627,1.843,13.6632,355.0716,96,50.0,25.0,NORMAL,Synthetic / Demonstration Dataset
C1466,LOT_2026_04,OPAMP_LM741,TEST_LOT_2026_04_168H,2026-08-19 08:00:00,85.0,15.1967,1.8724,12.9155,357.5292,168,50.0,25.0,NORMAL,Synthetic / Demonstration Dataset
C1467,LOT_2026_04,OPAMP_LM741,TEST_LOT_2026_04_0H,2026-08-08 08:00:00,25.0,14.8212,1.8961,9.8886,352.2854,0,50.0,25.0,NORMAL,Synthetic / Demonstration Dataset
C1467,LOT_2026_04,OPAMP_LM741,TEST_LOT_2026_04_24H,2026-08-09 08:00:00,125.0,15.1589,1.7949,12.2655,359.7658,24,50.0,25.0,NORMAL,Synthetic / Demonstration Dataset
C1467,LOT_2026_04,OPAMP_LM741,TEST_LOT_2026_04_96H,2026-08-12 08:00:00,125.0,15.2592,1.8015,12.5014,351.7502,96,50.0,25.0,NORMAL,Synthetic / Demonstration Dataset
C1467,LOT_2026_04,OPAMP_LM741,TEST_LOT_2026_04_168H,2026-08-15 08:00:00,85.0,15.0313,1.8159,11.2967,354.2713,168,50.0,25.0,NORMAL,Synthetic / Demonstration Dataset
C1468,LOT_2026_04,OPAMP_LM741,TEST_LOT_2026_04_0H,2026-08-11 08:00:00,25.0,15.0706,1.8774,7.8748,355.5623,0,50.0,25.0,NORMAL,Synthetic / Demonstration Dataset
C1468,LOT_2026_04,OPAMP_LM741,TEST_LOT_2026_04_24H,2026-08-12 08:00:00,125.0,15.0859,1.8182,9.8359,358.1788,24,50.0,25.0,NORMAL,Synthetic / Demonstration Dataset
C1468,LOT_2026_04,OPAMP_LM741,TEST_LOT_2026_04_96H,2026-08-15 08:00:00,125.0,14.9531,1.7597,9.9521,354.1046,96,50.0,25.0,NORMAL,Synthetic / Demonstration Dataset
C1468,LOT_2026_04,OPAMP_LM741,TEST_LOT_2026_04_168H,2026-08-18 08:00:00,85.0,14.9526,1.8098,9.4085,356.2413,168,50.0,25.0,NORMAL,Synthetic / Demonstration Dataset
C1469,LOT_2026_04,OPAMP_LM741,TEST_LOT_2026_04_0H,2026-08-08 08:00:00,25.0,15.1924,1.8156,11.1656,351.0056,0,50.0,25.0,SUDDEN_DEGRADE,Synthetic / Demonstration Dataset
C1469,LOT_2026_04,OPAMP_LM741,TEST_LOT_2026_04_24H,2026-08-09 08:00:00,125.0,14.9482,2.0083,14.4504,359.1153,24,50.0,25.0,SUDDEN_DEGRADE,Synthetic / Demonstration Dataset
C1469,LOT_2026_04,OPAMP_LM741,TEST_LOT_2026_04_96H,2026-08-12 08:00:00,125.0,15.0572,2.2436,47.5288,371.5589,96,50.0,25.0,SUDDEN_DEGRADE,Synthetic / Demonstration Dataset
C1469,LOT_2026_04,OPAMP_LM741,TEST_LOT_2026_04_168H,2026-08-15 08:00:00,85.0,15.0861,2.313,57.2139,374.902,168,50.0,25.0,SUDDEN_DEGRADE,Synthetic / Demonstration Dataset
C1470,LOT_2026_04,OPAMP_LM741,TEST_LOT_2026_04_0H,2026-08-15 08:00:00,25.0,14.9645,1.8471,11.3465,349.6703,0,50.0,25.0,NORMAL,Synthetic / Demonstration Dataset
C1470,LOT_2026_04,OPAMP_LM741,TEST_LOT_2026_04_24H,2026-08-16 08:00:00,125.0,14.6637,1.8263,14.0071,351.0341,24,50.0,25.0,NORMAL,Synthetic / Demonstration Dataset
C1470,LOT_2026_04,OPAMP_LM741,TEST_LOT_2026_04_96H,2026-08-19 08:00:00,125.0,15.0104,1.8035,14.2037,362.1223,96,50.0,25.0,NORMAL,Synthetic / Demonstration Dataset
C1470,LOT_2026_04,OPAMP_LM741,TEST_LOT_2026_04_168H,2026-08-22 08:00:00,85.0,14.5453,1.8532,12.7544,350.1941,168,50.0,25.0,NORMAL,Synthetic / Demonstration Dataset
C1471,LOT_2026_04,OPAMP_LM741,TEST_LOT_2026_04_0H,2026-08-10 08:00:00,25.0,14.9224,1.7201,9.1278,352.8359,0,50.0,25.0,SUDDEN_DEGRADE,Synthetic / Demonstration Dataset
C1471,LOT_2026_04,OPAMP_LM741,TEST_LOT_2026_04_24H,2026-08-11 08:00:00,125.0,15.006,1.7497,12.0868,357.6579,24,50.0,25.0,SUDDEN_DEGRADE,Synthetic / Demonstration Dataset
C1471,LOT_2026_04,OPAMP_LM741,TEST_LOT_2026_04_96H,2026-08-14 08:00:00,125.0,14.8613,2.0771,38.119,365.5989,96,50.0,25.0,SUDDEN_DEGRADE,Synthetic / Demonstration Dataset
C1471,LOT_2026_04,OPAMP_LM741,TEST_LOT_2026_04_168H,2026-08-17 08:00:00,85.0,14.7729,2.2025,47.091,379.7227,168,50.0,25.0,SUDDEN_DEGRADE,Synthetic / Demonstration Dataset
C1472,LOT_2026_04,OPAMP_LM741,TEST_LOT_2026_04_0H,2026-08-04 08:00:00,25.0,15.0137,1.8746,13.5165,350.526,0,50.0,25.0,NORMAL,Synthetic / Demonstration Dataset
C1472,LOT_2026_04,OPAMP_LM741,TEST_LOT_2026_04_24H,2026-08-05 08:00:00,125.0,15.1164,1.844,16.8204,362.7403,24,50.0,25.0,NORMAL,Synthetic / Demonstration Dataset
C1472,LOT_2026_04,OPAMP_LM741,TEST_LOT_2026_04_96H,2026-08-08 08:00:00,125.0,14.9313,1.8886,16.4882,354.5223,96,50.0,25.0,NORMAL,Synthetic / Demonstration Dataset
C1472,LOT_2026_04,OPAMP_LM741,TEST_LOT_2026_04_168H,2026-08-11 08:00:00,85.0,14.8416,1.8079,16.0441,354.8382,168,50.0,25.0,NORMAL,Synthetic / Demonstration Dataset
C1473,LOT_2026_04,OPAMP_LM741,TEST_LOT_2026_04_0H,2026-08-02 08:00:00,25.0,14.9075,1.7434,11.0772,353.4187,0,50.0,25.0,NORMAL,Synthetic / Demonstration Dataset
C1473,LOT_2026_04,OPAMP_LM741,TEST_LOT_2026_04_24H,2026-08-03 08:00:00,125.0,14.8229,1.7777,13.525,364.152,24,50.0,25.0,NORMAL,Synthetic / Demonstration Dataset
C1473,LOT_2026_04,OPAMP_LM741,TEST_LOT_2026_04_96H,2026-08-06 08:00:00,125.0,14.9515,1.8151,13.3429,355.1967,96,50.0,25.0,NORMAL,Synthetic / Demonstration Dataset
C1473,LOT_2026_04,OPAMP_LM741,TEST_LOT_2026_04_168H,2026-08-09 08:00:00,85.0,15.1422,1.816,13.1329,352.2388,168,50.0,25.0,NORMAL,Synthetic / Demonstration Dataset
C1474,LOT_2026_04,OPAMP_LM741,TEST_LOT_2026_04_0H,2026-08-16 08:00:00,25.0,14.9857,1.9035,11.6952,347.988,0,50.0,25.0,NORMAL,Synthetic / Demonstration Dataset
C1474,LOT_2026_04,OPAMP_LM741,TEST_LOT_2026_04_24H,2026-08-17 08:00:00,125.0,15.2878,1.8255,14.3211,356.3713,24,50.0,25.0,NORMAL,Synthetic / Demonstration Dataset
C1474,LOT_2026_04,OPAMP_LM741,TEST_LOT_2026_04_96H,2026-08-20 08:00:00,125.0,14.9162,1.8294,14.5006,356.0679,96,50.0,25.0,NORMAL,Synthetic / Demonstration Dataset
C1474,LOT_2026_04,OPAMP_LM741,TEST_LOT_2026_04_168H,2026-08-23 08:00:00,85.0,15.1843,1.8557,13.2655,357.5099,168,50.0,25.0,NORMAL,Synthetic / Demonstration Dataset
C1475,LOT_2026_04,OPAMP_LM741,TEST_LOT_2026_04_0H,2026-08-08 08:00:00,25.0,14.9603,1.7727,11.1361,353.4589,0,50.0,25.0,NORMAL,Synthetic / Demonstration Dataset
C1475,LOT_2026_04,OPAMP_LM741,TEST_LOT_2026_04_24H,2026-08-09 08:00:00,125.0,14.8411,1.811,13.6038,354.9955,24,50.0,25.0,NORMAL,Synthetic / Demonstration Dataset
C1475,LOT_2026_04,OPAMP_LM741,TEST_LOT_2026_04_96H,2026-08-12 08:00:00,125.0,14.5839,1.8359,14.4882,363.284,96,50.0,25.0,NORMAL,Synthetic / Demonstration Dataset
C1475,LOT_2026_04,OPAMP_LM741,TEST_LOT_2026_04_168H,2026-08-15 08:00:00,85.0,15.113,1.8347,12.975,354.1518,168,50.0,25.0,NORMAL,Synthetic / Demonstration Dataset
C1476,LOT_2026_04,OPAMP_LM741,TEST_LOT_2026_04_0H,2026-08-05 08:00:00,25.0,15.0308,1.736,7.4755,350.9366,0,50.0,25.0,GRADUAL_DEGRADE,Synthetic / Demonstration Dataset
C1476,LOT_2026_04,OPAMP_LM741,TEST_LOT_2026_04_24H,2026-08-06 08:00:00,125.0,14.9252,1.7773,11.7417,356.0847,24,50.0,25.0,GRADUAL_DEGRADE,Synthetic / Demonstration Dataset
C1476,LOT_2026_04,OPAMP_LM741,TEST_LOT_2026_04_96H,2026-08-09 08:00:00,125.0,14.8234,1.892,16.8584,364.6694,96,50.0,25.0,GRADUAL_DEGRADE,Synthetic / Demonstration Dataset
C1476,LOT_2026_04,OPAMP_LM741,TEST_LOT_2026_04_168H,2026-08-12 08:00:00,85.0,14.9629,1.8553,23.6404,358.4791,168,50.0,25.0,GRADUAL_DEGRADE,Synthetic / Demonstration Dataset
C1477,LOT_2026_04,OPAMP_LM741,TEST_LOT_2026_04_0H,2026-08-12 08:00:00,25.0,15.023,1.7817,10.899,356.2199,0,50.0,25.0,NORMAL,Synthetic / Demonstration Dataset
C1477,LOT_2026_04,OPAMP_LM741,TEST_LOT_2026_04_24H,2026-08-13 08:00:00,125.0,14.9852,1.8262,13.5534,358.8383,24,50.0,25.0,NORMAL,Synthetic / Demonstration Dataset
C1477,LOT_2026_04,OPAMP_LM741,TEST_LOT_2026_04_96H,2026-08-16 08:00:00,125.0,15.1714,1.9348,13.3414,353.5454,96,50.0,25.0,NORMAL,Synthetic / Demonstration Dataset
C1477,LOT_2026_04,OPAMP_LM741,TEST_LOT_2026_04_168H,2026-08-19 08:00:00,85.0,15.0558,1.7567,12.0948,351.4884,168,50.0,25.0,NORMAL,Synthetic / Demonstration Dataset
C1478,LOT_2026_04,OPAMP_LM741,TEST_LOT_2026_04_0H,2026-08-14 08:00:00,25.0,14.9427,1.7754,7.7068,352.0426,0,50.0,25.0,NORMAL,Synthetic / Demonstration Dataset
C1478,LOT_2026_04,OPAMP_LM741,TEST_LOT_2026_04_24H,2026-08-15 08:00:00,125.0,15.1974,1.8947,9.8218,355.0738,24,50.0,25.0,NORMAL,Synthetic / Demonstration Dataset
C1478,LOT_2026_04,OPAMP_LM741,TEST_LOT_2026_04_96H,2026-08-18 08:00:00,125.0,15.0463,1.8108,10.0343,353.3813,96,50.0,25.0,NORMAL,Synthetic / Demonstration Dataset
C1478,LOT_2026_04,OPAMP_LM741,TEST_LOT_2026_04_168H,2026-08-21 08:00:00,85.0,15.0956,1.8384,8.0657,348.6932,168,50.0,25.0,NORMAL,Synthetic / Demonstration Dataset
C1479,LOT_2026_04,OPAMP_LM741,TEST_LOT_2026_04_0H,2026-08-05 08:00:00,25.0,15.1487,1.7836,10.1542,359.253,0,50.0,25.0,NORMAL,Synthetic / Demonstration Dataset
C1479,LOT_2026_04,OPAMP_LM741,TEST_LOT_2026_04_24H,2026-08-06 08:00:00,125.0,14.9212,1.8864,12.3914,352.9275,24,50.0,25.0,NORMAL,Synthetic / Demonstration Dataset
C1479,LOT_2026_04,OPAMP_LM741,TEST_LOT_2026_04_96H,2026-08-09 08:00:00,125.0,14.8657,1.7657,12.2841,356.6776,96,50.0,25.0,NORMAL,Synthetic / Demonstration Dataset
C1479,LOT_2026_04,OPAMP_LM741,TEST_LOT_2026_04_168H,2026-08-12 08:00:00,85.0,15.0733,1.7292,11.5909,351.8665,168,50.0,25.0,NORMAL,Synthetic / Demonstration Dataset
C1480,LOT_2026_04,OPAMP_LM741,TEST_LOT_2026_04_0H,2026-08-04 08:00:00,25.0,15.2205,1.8212,10.2277,353.051,0,50.0,25.0,GRADUAL_DEGRADE,Synthetic / Demonstration Dataset
C1480,LOT_2026_04,OPAMP_LM741,TEST_LOT_2026_04_24H,2026-08-05 08:00:00,125.0,14.8898,1.7871,15.7021,350.3159,24,50.0,25.0,GRADUAL_DEGRADE,Synthetic / Demonstration Dataset
C1480,LOT_2026_04,OPAMP_LM741,TEST_LOT_2026_04_96H,2026-08-08 08:00:00,125.0,14.9954,1.8954,20.8248,360.2222,96,50.0,25.0,GRADUAL_DEGRADE,Synthetic / Demonstration Dataset
C1480,LOT_2026_04,OPAMP_LM741,TEST_LOT_2026_04_168H,2026-08-11 08:00:00,85.0,15.1784,2.0791,34.5713,367.1869,168,50.0,25.0,GRADUAL_DEGRADE,Synthetic / Demonstration Dataset
C1481,LOT_2026_05,MOSFET_IRFZ44N,TEST_LOT_2026_05_0H,2026-08-09 08:00:00,25.0,59.5063,500.0415,9.3447,50.0404,0,40.0,20.0,NORMAL,Synthetic / Demonstration Dataset
C1481,LOT_2026_05,MOSFET_IRFZ44N,TEST_LOT_2026_05_24H,2026-08-10 08:00:00,125.0,60.1018,500.0732,11.5488,51.048,24,40.0,20.0,NORMAL,Synthetic / Demonstration Dataset
C1481,LOT_2026_05,MOSFET_IRFZ44N,TEST_LOT_2026_05_96H,2026-08-13 08:00:00,125.0,59.9388,500.1854,11.3017,50.3535,96,40.0,20.0,NORMAL,Synthetic / Demonstration Dataset
C1481,LOT_2026_05,MOSFET_IRFZ44N,TEST_LOT_2026_05_168H,2026-08-16 08:00:00,85.0,59.3685,500.1518,10.2094,50.2193,168,40.0,20.0,NORMAL,Synthetic / Demonstration Dataset
C1482,LOT_2026_05,MOSFET_IRFZ44N,TEST_LOT_2026_05_0H,2026-08-12 08:00:00,25.0,59.6945,500.1098,8.5533,48.8945,0,40.0,20.0,NORMAL,Synthetic / Demonstration Dataset
C1482,LOT_2026_05,MOSFET_IRFZ44N,TEST_LOT_2026_05_24H,2026-08-13 08:00:00,125.0,59.5612,500.0609,10.5773,50.0018,24,40.0,20.0,NORMAL,Synthetic / Demonstration Dataset
C1482,LOT_2026_05,MOSFET_IRFZ44N,TEST_LOT_2026_05_96H,2026-08-16 08:00:00,125.0,59.9707,500.1167,10.4888,48.5846,96,40.0,20.0,NORMAL,Synthetic / Demonstration Dataset
C1482,LOT_2026_05,MOSFET_IRFZ44N,TEST_LOT_2026_05_168H,2026-08-19 08:00:00,85.0,59.7651,500.1719,9.6659,49.3469,168,40.0,20.0,NORMAL,Synthetic / Demonstration Dataset
C1483,LOT_2026_05,MOSFET_IRFZ44N,TEST_LOT_2026_05_0H,2026-08-15 08:00:00,25.0,60.897,500.0228,8.845,49.5998,0,40.0,20.0,NORMAL,Synthetic / Demonstration Dataset
C1483,LOT_2026_05,MOSFET_IRFZ44N,TEST_LOT_2026_05_24H,2026-08-16 08:00:00,125.0,59.6972,500.0665,10.6614,50.0014,24,40.0,20.0,NORMAL,Synthetic / Demonstration Dataset
C1483,LOT_2026_05,MOSFET_IRFZ44N,TEST_LOT_2026_05_96H,2026-08-19 08:00:00,125.0,60.5067,500.1746,11.9538,51.1983,96,40.0,20.0,NORMAL,Synthetic / Demonstration Dataset
C1483,LOT_2026_05,MOSFET_IRFZ44N,TEST_LOT_2026_05_168H,2026-08-22 08:00:00,85.0,60.237,500.15,9.6348,49.4333,168,40.0,20.0,NORMAL,Synthetic / Demonstration Dataset
C1484,LOT_2026_05,MOSFET_IRFZ44N,TEST_LOT_2026_05_0H,2026-08-12 08:00:00,25.0,60.4226,500.1891,9.6475,49.6357,0,40.0,20.0,SENSOR_NOISE,Synthetic / Demonstration Dataset
C1484,LOT_2026_05,MOSFET_IRFZ44N,TEST_LOT_2026_05_24H,2026-08-13 08:00:00,125.0,149.4576,500.1873,11.5536,49.954,24,40.0,20.0,SENSOR_NOISE,Synthetic / Demonstration Dataset
C1484,LOT_2026_05,MOSFET_IRFZ44N,TEST_LOT_2026_05_96H,2026-08-16 08:00:00,125.0,60.0536,500.0898,11.1924,50.5997,96,40.0,20.0,SENSOR_NOISE,Synthetic / Demonstration Dataset
C1484,LOT_2026_05,MOSFET_IRFZ44N,TEST_LOT_2026_05_168H,2026-08-19 08:00:00,85.0,59.6685,500.0231,11.6767,51.7584,168,40.0,20.0,SENSOR_NOISE,Synthetic / Demonstration Dataset
C1485,LOT_2026_05,MOSFET_IRFZ44N,TEST_LOT_2026_05_0H,2026-08-12 08:00:00,25.0,59.3646,500.132,7.6849,48.6694,0,40.0,20.0,NORMAL,Synthetic / Demonstration Dataset
C1485,LOT_2026_05,MOSFET_IRFZ44N,TEST_LOT_2026_05_24H,2026-08-13 08:00:00,125.0,60.2897,500.1486,9.4467,49.5733,24,40.0,20.0,NORMAL,Synthetic / Demonstration Dataset
C1485,LOT_2026_05,MOSFET_IRFZ44N,TEST_LOT_2026_05_96H,2026-08-16 08:00:00,125.0,58.7185,500.1393,10.1291,49.6868,96,40.0,20.0,NORMAL,Synthetic / Demonstration Dataset
C1485,LOT_2026_05,MOSFET_IRFZ44N,TEST_LOT_2026_05_168H,2026-08-19 08:00:00,85.0,60.0852,500.0631,9.6699,50.1332,168,40.0,20.0,NORMAL,Synthetic / Demonstration Dataset
C1486,LOT_2026_05,MOSFET_IRFZ44N,TEST_LOT_2026_05_0H,2026-08-09 08:00:00,25.0,60.3851,500.0443,9.5754,49.5699,0,40.0,20.0,NORMAL,Synthetic / Demonstration Dataset
C1486,LOT_2026_05,MOSFET_IRFZ44N,TEST_LOT_2026_05_24H,2026-08-10 08:00:00,125.0,59.9752,500.1548,11.7294,49.958,24,40.0,20.0,NORMAL,Synthetic / Demonstration Dataset
C1486,LOT_2026_05,MOSFET_IRFZ44N,TEST_LOT_2026_05_96H,2026-08-13 08:00:00,125.0,59.826,500.0778,11.9708,50.6513,96,40.0,20.0,NORMAL,Synthetic / Demonstration Dataset
C1486,LOT_2026_05,MOSFET_IRFZ44N,TEST_LOT_2026_05_168H,2026-08-16 08:00:00,85.0,57.8393,500.0757,11.0763,50.144,168,40.0,20.0,NORMAL,Synthetic / Demonstration Dataset
C1487,LOT_2026_05,MOSFET_IRFZ44N,TEST_LOT_2026_05_0H,2026-08-04 08:00:00,25.0,59.5167,500.0814,9.2149,50.3015,0,40.0,20.0,NORMAL,Synthetic / Demonstration Dataset
C1487,LOT_2026_05,MOSFET_IRFZ44N,TEST_LOT_2026_05_24H,2026-08-05 08:00:00,125.0,60.5414,500.0904,11.5366,51.0127,24,40.0,20.0,NORMAL,Synthetic / Demonstration Dataset
C1487,LOT_2026_05,MOSFET_IRFZ44N,TEST_LOT_2026_05_96H,2026-08-08 08:00:00,125.0,59.8823,500.1338,11.3337,50.3982,96,40.0,20.0,NORMAL,Synthetic / Demonstration Dataset
C1487,LOT_2026_05,MOSFET_IRFZ44N,TEST_LOT_2026_05_168H,2026-08-11 08:00:00,85.0,59.9039,500.1453,11.4376,51.3738,168,40.0,20.0,NORMAL,Synthetic / Demonstration Dataset
C1488,LOT_2026_05,MOSFET_IRFZ44N,TEST_LOT_2026_05_0H,2026-08-15 08:00:00,25.0,59.1546,500.1194,9.7138,50.2397,0,40.0,20.0,SENSOR_NOISE,Synthetic / Demonstration Dataset
C1488,LOT_2026_05,MOSFET_IRFZ44N,TEST_LOT_2026_05_24H,2026-08-16 08:00:00,125.0,148.3301,500.0883,12.1106,51.5029,24,40.0,20.0,SENSOR_NOISE,Synthetic / Demonstration Dataset
C1488,LOT_2026_05,MOSFET_IRFZ44N,TEST_LOT_2026_05_96H,2026-08-19 08:00:00,125.0,59.8202,500.1962,,50.8497,96,40.0,20.0,SENSOR_NOISE,Synthetic / Demonstration Dataset
C1488,LOT_2026_05,MOSFET_IRFZ44N,TEST_LOT_2026_05_168H,2026-08-22 08:00:00,85.0,59.4734,500.1267,11.0019,49.901,168,40.0,20.0,SENSOR_NOISE,Synthetic / Demonstration Dataset
C1489,LOT_2026_05,MOSFET_IRFZ44N,TEST_LOT_2026_05_0H,2026-08-01 08:00:00,25.0,60.1999,500.1493,8.4348,49.5178,0,40.0,20.0,NORMAL,Synthetic / Demonstration Dataset
C1489,LOT_2026_05,MOSFET_IRFZ44N,TEST_LOT_2026_05_24H,2026-08-02 08:00:00,125.0,60.7071,500.0869,10.1904,49.5391,24,40.0,20.0,NORMAL,Synthetic / Demonstration Dataset
C1489,LOT_2026_05,MOSFET_IRFZ44N,TEST_LOT_2026_05_96H,2026-08-05 08:00:00,125.0,60.8629,500.1125,10.4199,50.2156,96,40.0,20.0,NORMAL,Synthetic / Demonstration Dataset
C1489,LOT_2026_05,MOSFET_IRFZ44N,TEST_LOT_2026_05_168H,2026-08-08 08:00:00,85.0,59.1412,500.042,10.6285,49.5871,168,40.0,20.0,NORMAL,Synthetic / Demonstration Dataset
C1490,LOT_2026_05,MOSFET_IRFZ44N,TEST_LOT_2026_05_0H,2026-08-11 08:00:00,25.0,60.0999,500.1677,9.0548,49.637,0,40.0,20.0,NORMAL,Synthetic / Demonstration Dataset
C1490,LOT_2026_05,MOSFET_IRFZ44N,TEST_LOT_2026_05_24H,2026-08-12 08:00:00,125.0,60.0011,500.116,11.0088,49.7521,24,40.0,20.0,NORMAL,Synthetic / Demonstration Dataset
C1490,LOT_2026_05,MOSFET_IRFZ44N,TEST_LOT_2026_05_96H,2026-08-15 08:00:00,125.0,60.3119,500.1325,12.2015,51.3776,96,40.0,20.0,NORMAL,Synthetic / Demonstration Dataset
C1490,LOT_2026_05,MOSFET_IRFZ44N,TEST_LOT_2026_05_168H,2026-08-18 08:00:00,85.0,59.9157,500.0775,10.9072,50.7234,168,40.0,20.0,NORMAL,Synthetic / Demonstration Dataset
C1491,LOT_2026_05,MOSFET_IRFZ44N,TEST_LOT_2026_05_0H,2026-08-05 08:00:00,25.0,59.5141,500.1616,9.0679,49.6659,0,40.0,20.0,NORMAL,Synthetic / Demonstration Dataset
C1491,LOT_2026_05,MOSFET_IRFZ44N,TEST_LOT_2026_05_24H,2026-08-06 08:00:00,125.0,60.8352,500.1141,11.2966,50.7909,24,40.0,20.0,NORMAL,Synthetic / Demonstration Dataset
C1491,LOT_2026_05,MOSFET_IRFZ44N,TEST_LOT_2026_05_96H,2026-08-09 08:00:00,125.0,59.5651,500.118,11.5331,50.823,96,40.0,20.0,NORMAL,Synthetic / Demonstration Dataset
C1491,LOT_2026_05,MOSFET_IRFZ44N,TEST_LOT_2026_05_168H,2026-08-12 08:00:00,85.0,61.3906,500.0314,10.1757,49.5037,168,40.0,20.0,NORMAL,Synthetic / Demonstration Dataset
C1492,LOT_2026_05,MOSFET_IRFZ44N,TEST_LOT_2026_05_0H,2026-08-07 08:00:00,25.0,60.7885,500.1645,12.8822,50.9794,0,40.0,20.0,LOT_ANOMALY,Synthetic / Demonstration Dataset
C1492,LOT_2026_05,MOSFET_IRFZ44N,TEST_LOT_2026_05_24H,2026-08-08 08:00:00,125.0,60.8807,500.1613,16.2772,54.3081,24,40.0,20.0,LOT_ANOMALY,Synthetic / Demonstration Dataset
C1492,LOT_2026_05,MOSFET_IRFZ44N,TEST_LOT_2026_05_96H,2026-08-11 08:00:00,125.0,60.4163,500.2166,15.831,53.3166,96,40.0,20.0,LOT_ANOMALY,Synthetic / Demonstration Dataset
C1492,LOT_2026_05,MOSFET_IRFZ44N,TEST_LOT_2026_05_168H,2026-08-14 08:00:00,85.0,59.8257,500.1821,15.9936,53.3639,168,40.0,20.0,LOT_ANOMALY,Synthetic / Demonstration Dataset
C1493,LOT_2026_05,MOSFET_IRFZ44N,TEST_LOT_2026_05_0H,2026-08-07 08:00:00,25.0,60.624,500.0419,9.2846,49.5398,0,40.0,20.0,NORMAL,Synthetic / Demonstration Dataset
C1493,LOT_2026_05,MOSFET_IRFZ44N,TEST_LOT_2026_05_24H,2026-08-08 08:00:00,125.0,59.7683,500.1623,11.156,50.6266,24,40.0,20.0,NORMAL,Synthetic / Demonstration Dataset
C1493,LOT_2026_05,MOSFET_IRFZ44N,TEST_LOT_2026_05_96H,2026-08-11 08:00:00,125.0,60.116,500.1274,12.44,51.2678,96,40.0,20.0,NORMAL,Synthetic / Demonstration Dataset
C1493,LOT_2026_05,MOSFET_IRFZ44N,TEST_LOT_2026_05_168H,2026-08-14 08:00:00,85.0,59.9653,500.162,10.5611,50.3318,168,40.0,20.0,NORMAL,Synthetic / Demonstration Dataset
C1494,LOT_2026_05,MOSFET_IRFZ44N,TEST_LOT_2026_05_0H,2026-08-08 08:00:00,25.0,59.4449,500.0564,7.8887,48.9776,0,40.0,20.0,NORMAL,Synthetic / Demonstration Dataset
C1494,LOT_2026_05,MOSFET_IRFZ44N,TEST_LOT_2026_05_24H,2026-08-09 08:00:00,125.0,59.1957,500.0839,9.9929,50.0614,24,40.0,20.0,NORMAL,Synthetic / Demonstration Dataset
C1494,LOT_2026_05,MOSFET_IRFZ44N,TEST_LOT_2026_05_96H,2026-08-12 08:00:00,125.0,59.4998,500.0577,9.1663,49.225,96,40.0,20.0,NORMAL,Synthetic / Demonstration Dataset
C1494,LOT_2026_05,MOSFET_IRFZ44N,TEST_LOT_2026_05_168H,2026-08-15 08:00:00,85.0,59.9037,500.0659,9.3693,49.8772,168,40.0,20.0,NORMAL,Synthetic / Demonstration Dataset
C1495,LOT_2026_05,MOSFET_IRFZ44N,TEST_LOT_2026_05_0H,2026-08-05 08:00:00,25.0,60.9836,500.0079,10.4052,50.4623,0,40.0,20.0,NORMAL,Synthetic / Demonstration Dataset
C1495,LOT_2026_05,MOSFET_IRFZ44N,TEST_LOT_2026_05_24H,2026-08-06 08:00:00,125.0,60.0931,500.1069,12.6836,51.3947,24,40.0,20.0,NORMAL,Synthetic / Demonstration Dataset
C1495,LOT_2026_05,MOSFET_IRFZ44N,TEST_LOT_2026_05_96H,2026-08-09 08:00:00,125.0,59.6526,500.0842,12.9008,51.2485,96,40.0,20.0,NORMAL,Synthetic / Demonstration Dataset
C1495,LOT_2026_05,MOSFET_IRFZ44N,TEST_LOT_2026_05_168H,2026-08-12 08:00:00,85.0,60.3594,500.1647,12.2068,50.881,168,40.0,20.0,NORMAL,Synthetic / Demonstration Dataset
C1496,LOT_2026_05,MOSFET_IRFZ44N,TEST_LOT_2026_05_0H,2026-08-01 08:00:00,25.0,60.1703,500.1769,12.8822,51.9656,0,40.0,20.0,LOT_ANOMALY,Synthetic / Demonstration Dataset
C1496,LOT_2026_05,MOSFET_IRFZ44N,TEST_LOT_2026_05_24H,2026-08-02 08:00:00,125.0,59.8674,500.1699,16.0374,52.5013,24,40.0,20.0,LOT_ANOMALY,Synthetic / Demonstration Dataset
C1496,LOT_2026_05,MOSFET_IRFZ44N,TEST_LOT_2026_05_96H,2026-08-05 08:00:00,125.0,60.4468,500.1978,16.5657,53.1612,96,40.0,20.0,LOT_ANOMALY,Synthetic / Demonstration Dataset
C1496,LOT_2026_05,MOSFET_IRFZ44N,TEST_LOT_2026_05_168H,2026-08-08 08:00:00,85.0,59.5052,500.1975,16.2299,53.08,168,40.0,20.0,LOT_ANOMALY,Synthetic / Demonstration Dataset
C1497,LOT_2026_05,MOSFET_IRFZ44N,TEST_LOT_2026_05_0H,2026-08-05 08:00:00,25.0,59.783,500.0809,8.4062,49.0016,0,40.0,20.0,NORMAL,Synthetic / Demonstration Dataset
C1497,LOT_2026_05,MOSFET_IRFZ44N,TEST_LOT_2026_05_24H,2026-08-06 08:00:00,125.0,59.7628,500.1845,10.4854,50.902,24,40.0,20.0,NORMAL,Synthetic / Demonstration Dataset
C1497,LOT_2026_05,MOSFET_IRFZ44N,TEST_LOT_2026_05_96H,2026-08-09 08:00:00,125.0,60.0418,500.0687,10.1265,49.9163,96,40.0,20.0,NORMAL,Synthetic / Demonstration Dataset
C1497,LOT_2026_05,MOSFET_IRFZ44N,TEST_LOT_2026_05_168H,2026-08-12 08:00:00,85.0,59.8155,500.1256,10.76,50.6236,168,40.0,20.0,NORMAL,Synthetic / Demonstration Dataset
C1498,LOT_2026_05,MOSFET_IRFZ44N,TEST_LOT_2026_05_0H,2026-08-09 08:00:00,25.0,59.2417,500.5386,49.0174,69.1435,0,40.0,20.0,SEVERE_FAILURE,Synthetic / Demonstration Dataset
C1498,LOT_2026_05,MOSFET_IRFZ44N,TEST_LOT_2026_05_24H,2026-08-10 08:00:00,125.0,59.2903,500.769,76.4671,82.4425,24,40.0,20.0,SEVERE_FAILURE,Synthetic / Demonstration Dataset
C1498,LOT_2026_05,MOSFET_IRFZ44N,TEST_LOT_2026_05_96H,2026-08-13 08:00:00,125.0,60.3537,500.9168,105.8775,97.4755,96,40.0,20.0,SEVERE_FAILURE,Synthetic / Demonstration Dataset
C1498,LOT_2026_05,MOSFET_IRFZ44N,TEST_LOT_2026_05_168H,2026-08-16 08:00:00,85.0,60.9451,501.3382,137.2486,113.3941,168,40.0,20.0,SEVERE_FAILURE,Synthetic / Demonstration Dataset
C1499,LOT_2026_05,MOSFET_IRFZ44N,TEST_LOT_2026_05_0H,2026-08-04 08:00:00,25.0,60.7642,500.0892,12.8822,51.7846,0,40.0,20.0,LOT_ANOMALY,Synthetic / Demonstration Dataset
C1499,LOT_2026_05,MOSFET_IRFZ44N,TEST_LOT_2026_05_24H,2026-08-05 08:00:00,125.0,60.2871,500.0926,16.4813,52.9689,24,40.0,20.0,LOT_ANOMALY,Synthetic / Demonstration Dataset
C1499,LOT_2026_05,MOSFET_IRFZ44N,TEST_LOT_2026_05_96H,2026-08-08 08:00:00,125.0,59.7057,500.3289,17.9611,54.7496,96,40.0,20.0,LOT_ANOMALY,Synthetic / Demonstration Dataset
C1499,LOT_2026_05,MOSFET_IRFZ44N,TEST_LOT_2026_05_168H,2026-08-11 08:00:00,85.0,60.1783,500.1407,16.3987,53.1593,168,40.0,20.0,LOT_ANOMALY,Synthetic / Demonstration Dataset
C1500,LOT_2026_05,MOSFET_IRFZ44N,TEST_LOT_2026_05_0H,2026-08-01 08:00:00,25.0,59.9618,500.0118,7.9934,48.3596,0,40.0,20.0,NORMAL,Synthetic / Demonstration Dataset
C1500,LOT_2026_05,MOSFET_IRFZ44N,TEST_LOT_2026_05_24H,2026-08-02 08:00:00,125.0,59.0326,500.1458,10.1444,49.2197,24,40.0,20.0,NORMAL,Synthetic / Demonstration Dataset
C1500,LOT_2026_05,MOSFET_IRFZ44N,TEST_LOT_2026_05_96H,2026-08-05 08:00:00,125.0,59.8754,500.1679,10.1788,49.94,96,40.0,20.0,NORMAL,Synthetic / Demonstration Dataset
C1500,LOT_2026_05,MOSFET_IRFZ44N,TEST_LOT_2026_05_168H,2026-08-08 08:00:00,85.0,59.8872,500.093,8.5004,49.1908,168,40.0,20.0,NORMAL,Synthetic / Demonstration Dataset
C1501,LOT_2026_05,MOSFET_IRFZ44N,TEST_LOT_2026_05_0H,2026-08-12 08:00:00,25.0,59.6614,500.0294,9.2573,49.1788,0,40.0,20.0,NORMAL,Synthetic / Demonstration Dataset
C1501,LOT_2026_05,MOSFET_IRFZ44N,TEST_LOT_2026_05_24H,2026-08-13 08:00:00,125.0,59.6854,500.2326,11.2249,51.1773,24,40.0,20.0,NORMAL,Synthetic / Demonstration Dataset
C1501,LOT_2026_05,MOSFET_IRFZ44N,TEST_LOT_2026_05_96H,2026-08-16 08:00:00,125.0,60.2676,500.1321,11.7159,50.9952,96,40.0,20.0,NORMAL,Synthetic / Demonstration Dataset
C1501,LOT_2026_05,MOSFET_IRFZ44N,TEST_LOT_2026_05_168H,2026-08-19 08:00:00,85.0,60.0241,500.0043,10.8893,50.2785,168,40.0,20.0,NORMAL,Synthetic / Demonstration Dataset
C1502,LOT_2026_05,MOSFET_IRFZ44N,TEST_LOT_2026_05_0H,2026-08-08 08:00:00,25.0,59.8558,500.0914,12.8822,51.1908,0,40.0,20.0,LOT_ANOMALY,Synthetic / Demonstration Dataset
C1502,LOT_2026_05,MOSFET_IRFZ44N,TEST_LOT_2026_05_24H,2026-08-09 08:00:00,125.0,60.4606,500.1766,16.1669,53.4175,24,40.0,20.0,LOT_ANOMALY,Synthetic / Demonstration Dataset
C1502,LOT_2026_05,MOSFET_IRFZ44N,TEST_LOT_2026_05_96H,2026-08-12 08:00:00,125.0,59.8202,500.1965,17.0234,52.7259,96,40.0,20.0,LOT_ANOMALY,Synthetic / Demonstration Dataset
C1502,LOT_2026_05,MOSFET_IRFZ44N,TEST_LOT_2026_05_168H,2026-08-15 08:00:00,85.0,59.6989,500.2355,15.8928,53.0981,168,40.0,20.0,LOT_ANOMALY,Synthetic / Demonstration Dataset
C1503,LOT_2026_05,MOSFET_IRFZ44N,TEST_LOT_2026_05_0H,2026-08-01 08:00:00,25.0,60.3568,500.119,7.3477,48.6335,0,40.0,20.0,NORMAL,Synthetic / Demonstration Dataset
C1503,LOT_2026_05,MOSFET_IRFZ44N,TEST_LOT_2026_05_24H,2026-08-02 08:00:00,125.0,58.5026,499.9573,9.2229,49.0811,24,40.0,20.0,NORMAL,Synthetic / Demonstration Dataset
C1503,LOT_2026_05,MOSFET_IRFZ44N,TEST_LOT_2026_05_96H,2026-08-05 08:00:00,125.0,60.9193,500.036,9.2309,49.2313,96,40.0,20.0,NORMAL,Synthetic / Demonstration Dataset
C1503,LOT_2026_05,MOSFET_IRFZ44N,TEST_LOT_2026_05_168H,2026-08-08 08:00:00,85.0,59.7046,500.0597,8.7171,49.1689,168,40.0,20.0,NORMAL,Synthetic / Demonstration Dataset
C1504,LOT_2026_05,MOSFET_IRFZ44N,TEST_LOT_2026_05_0H,2026-08-02 08:00:00,25.0,60.6697,500.1011,9.997,50.743,0,40.0,20.0,NORMAL,Synthetic / Demonstration Dataset
C1504,LOT_2026_05,MOSFET_IRFZ44N,TEST_LOT_2026_05_24H,2026-08-03 08:00:00,125.0,60.6923,500.0806,12.3585,50.8851,24,40.0,20.0,NORMAL,Synthetic / Demonstration Dataset
C1504,LOT_2026_05,MOSFET_IRFZ44N,TEST_LOT_2026_05_96H,2026-08-06 08:00:00,125.0,59.948,500.1242,12.1172,51.2045,96,40.0,20.0,NORMAL,Synthetic / Demonstration Dataset
C1504,LOT_2026_05,MOSFET_IRFZ44N,TEST_LOT_2026_05_168H,2026-08-09 08:00:00,85.0,60.4328,500.0995,12.5285,51.2628,168,40.0,20.0,NORMAL,Synthetic / Demonstration Dataset
C1505,LOT_2026_05,MOSFET_IRFZ44N,TEST_LOT_2026_05_0H,2026-08-14 08:00:00,25.0,60.4691,500.1765,10.1871,49.8763,0,40.0,20.0,NORMAL,Synthetic / Demonstration Dataset
C1505,LOT_2026_05,MOSFET_IRFZ44N,TEST_LOT_2026_05_24H,2026-08-15 08:00:00,125.0,59.5818,500.1028,12.2937,50.6684,24,40.0,20.0,NORMAL,Synthetic / Demonstration Dataset
C1505,LOT_2026_05,MOSFET_IRFZ44N,TEST_LOT_2026_05_96H,2026-08-18 08:00:00,125.0,60.1874,500.1938,12.6908,50.5533,96,40.0,20.0,NORMAL,Synthetic / Demonstration Dataset
C1505,LOT_2026_05,MOSFET_IRFZ44N,TEST_LOT_2026_05_168H,2026-08-21 08:00:00,85.0,60.4833,500.1235,11.4346,50.7375,168,40.0,20.0,NORMAL,Synthetic / Demonstration Dataset
C1506,LOT_2026_05,MOSFET_IRFZ44N,TEST_LOT_2026_05_0H,2026-08-03 08:00:00,25.0,59.394,500.063,9.946,49.5921,0,40.0,20.0,NORMAL,Synthetic / Demonstration Dataset
C1506,LOT_2026_05,MOSFET_IRFZ44N,TEST_LOT_2026_05_24H,2026-08-04 08:00:00,125.0,60.0797,500.0908,11.6921,50.5163,24,40.0,20.0,NORMAL,Synthetic / Demonstration Dataset
C1506,LOT_2026_05,MOSFET_IRFZ44N,TEST_LOT_2026_05_96H,2026-08-07 08:00:00,125.0,59.9894,500.0797,11.9664,51.0829,96,40.0,20.0,NORMAL,Synthetic / Demonstration Dataset
C1506,LOT_2026_05,MOSFET_IRFZ44N,TEST_LOT_2026_05_168H,2026-08-10 08:00:00,85.0,59.8233,500.0998,11.7933,50.9801,168,40.0,20.0,NORMAL,Synthetic / Demonstration Dataset
C1507,LOT_2026_05,MOSFET_IRFZ44N,TEST_LOT_2026_05_0H,2026-08-12 08:00:00,25.0,60.7981,500.1024,8.6533,49.8197,0,40.0,20.0,NORMAL,Synthetic / Demonstration Dataset
C1507,LOT_2026_05,MOSFET_IRFZ44N,TEST_LOT_2026_05_24H,2026-08-13 08:00:00,125.0,59.2089,500.0798,10.7705,50.3636,24,40.0,20.0,NORMAL,Synthetic / Demonstration Dataset
C1507,LOT_2026_05,MOSFET_IRFZ44N,TEST_LOT_2026_05_96H,2026-08-16 08:00:00,125.0,61.1567,500.0864,11.0566,50.5532,96,40.0,20.0,NORMAL,Synthetic / Demonstration Dataset
C1507,LOT_2026_05,MOSFET_IRFZ44N,TEST_LOT_2026_05_168H,2026-08-19 08:00:00,85.0,59.9653,500.1872,10.4981,49.6425,168,40.0,20.0,NORMAL,Synthetic / Demonstration Dataset
C1508,LOT_2026_05,MOSFET_IRFZ44N,TEST_LOT_2026_05_0H,2026-08-04 08:00:00,25.0,60.4009,500.1512,9.3602,49.708,0,40.0,20.0,NORMAL,Synthetic / Demonstration Dataset
C1508,LOT_2026_05,MOSFET_IRFZ44N,TEST_LOT_2026_05_24H,2026-08-05 08:00:00,125.0,59.8505,500.0768,11.6862,50.4169,24,40.0,20.0,NORMAL,Synthetic / Demonstration Dataset
C1508,LOT_2026_05,MOSFET_IRFZ44N,TEST_LOT_2026_05_96H,2026-08-08 08:00:00,125.0,59.7352,500.1263,11.0733,50.443,96,40.0,20.0,NORMAL,Synthetic / Demonstration Dataset
C1508,LOT_2026_05,MOSFET_IRFZ44N,TEST_LOT_2026_05_168H,2026-08-11 08:00:00,85.0,60.7409,500.0843,11.0201,51.5632,168,40.0,20.0,NORMAL,Synthetic / Demonstration Dataset
C1509,LOT_2026_05,MOSFET_IRFZ44N,TEST_LOT_2026_05_0H,2026-08-08 08:00:00,25.0,59.8818,500.0834,9.4374,49.265,0,40.0,20.0,NORMAL,Synthetic / Demonstration Dataset
C1509,LOT_2026_05,MOSFET_IRFZ44N,TEST_LOT_2026_05_24H,2026-08-09 08:00:00,125.0,58.703,500.1784,11.5587,49.5119,24,40.0,20.0,NORMAL,Synthetic / Demonstration Dataset
C1509,LOT_2026_05,MOSFET_IRFZ44N,TEST_LOT_2026_05_96H,2026-08-12 08:00:00,125.0,59.3136,500.0819,11.6999,50.5925,96,40.0,20.0,NORMAL,Synthetic / Demonstration Dataset
C1509,LOT_2026_05,MOSFET_IRFZ44N,TEST_LOT_2026_05_168H,2026-08-15 08:00:00,85.0,59.338,500.1645,11.8806,51.4625,168,40.0,20.0,NORMAL,Synthetic / Demonstration Dataset
C1510,LOT_2026_05,MOSFET_IRFZ44N,TEST_LOT_2026_05_0H,2026-08-02 08:00:00,25.0,59.6308,500.1377,6.3437,47.5802,0,40.0,20.0,SENSOR_NOISE,Synthetic / Demonstration Dataset
C1510,LOT_2026_05,MOSFET_IRFZ44N,TEST_LOT_2026_05_24H,2026-08-03 08:00:00,125.0,59.9893,500.0783,8.1401,49.1013,24,40.0,20.0,SENSOR_NOISE,Synthetic / Demonstration Dataset
C1510,LOT_2026_05,MOSFET_IRFZ44N,TEST_LOT_2026_05_96H,2026-08-06 08:00:00,125.0,59.4266,500.0679,8.0958,49.2147,96,40.0,20.0,SENSOR_NOISE,Synthetic / Demonstration Dataset
C1510,LOT_2026_05,MOSFET_IRFZ44N,TEST_LOT_2026_05_168H,2026-08-09 08:00:00,85.0,60.2095,500.0404,7.6322,49.1006,168,40.0,20.0,SENSOR_NOISE,Synthetic / Demonstration Dataset
C1511,LOT_2026_05,MOSFET_IRFZ44N,TEST_LOT_2026_05_0H,2026-08-10 08:00:00,25.0,59.0516,500.0615,8.8086,49.0013,0,40.0,20.0,NORMAL,Synthetic / Demonstration Dataset
C1511,LOT_2026_05,MOSFET_IRFZ44N,TEST_LOT_2026_05_24H,2026-08-11 08:00:00,125.0,59.7141,500.1366,10.5924,50.0141,24,40.0,20.0,NORMAL,Synthetic / Demonstration Dataset
C1511,LOT_2026_05,MOSFET_IRFZ44N,TEST_LOT_2026_05_96H,2026-08-14 08:00:00,125.0,60.0367,500.0712,11.0114,50.3505,96,40.0,20.0,NORMAL,Synthetic / Demonstration Dataset
C1511,LOT_2026_05,MOSFET_IRFZ44N,TEST_LOT_2026_05_168H,2026-08-17 08:00:00,85.0,60.0899,500.1345,10.7011,50.9232,168,40.0,20.0,NORMAL,Synthetic / Demonstration Dataset
C1512,LOT_2026_05,MOSFET_IRFZ44N,TEST_LOT_2026_05_0H,2026-08-01 08:00:00,25.0,58.8476,500.1047,9.1171,49.2804,0,40.0,20.0,NORMAL,Synthetic / Demonstration Dataset
C1512,LOT_2026_05,MOSFET_IRFZ44N,TEST_LOT_2026_05_24H,2026-08-02 08:00:00,125.0,60.2396,500.0863,11.615,51.0624,24,40.0,20.0,NORMAL,Synthetic / Demonstration Dataset
C1512,LOT_2026_05,MOSFET_IRFZ44N,TEST_LOT_2026_05_96H,2026-08-05 08:00:00,125.0,58.9692,500.1565,11.3332,50.4841,96,40.0,20.0,NORMAL,Synthetic / Demonstration Dataset
C1512,LOT_2026_05,MOSFET_IRFZ44N,TEST_LOT_2026_05_168H,2026-08-08 08:00:00,85.0,59.9253,500.1849,11.2956,50.839,168,40.0,20.0,NORMAL,Synthetic / Demonstration Dataset
C1513,LOT_2026_05,MOSFET_IRFZ44N,TEST_LOT_2026_05_0H,2026-08-16 08:00:00,25.0,59.7049,500.1142,9.6563,49.0513,0,40.0,20.0,NORMAL,Synthetic / Demonstration Dataset
C1513,LOT_2026_05,MOSFET_IRFZ44N,TEST_LOT_2026_05_24H,2026-08-17 08:00:00,125.0,59.1093,500.0608,11.7971,50.4977,24,40.0,20.0,NORMAL,Synthetic / Demonstration Dataset
C1513,LOT_2026_05,MOSFET_IRFZ44N,TEST_LOT_2026_05_96H,2026-08-20 08:00:00,125.0,59.9116,500.1234,12.1853,51.0141,96,40.0,20.0,NORMAL,Synthetic / Demonstration Dataset
C1513,LOT_2026_05,MOSFET_IRFZ44N,TEST_LOT_2026_05_168H,2026-08-23 08:00:00,85.0,60.0024,500.1299,11.7472,50.617,168,40.0,20.0,NORMAL,Synthetic / Demonstration Dataset
C1514,LOT_2026_05,MOSFET_IRFZ44N,TEST_LOT_2026_05_0H,2026-08-14 08:00:00,25.0,60.7346,500.0965,9.8316,49.6529,0,40.0,20.0,GRADUAL_DEGRADE,Synthetic / Demonstration Dataset
C1514,LOT_2026_05,MOSFET_IRFZ44N,TEST_LOT_2026_05_24H,2026-08-15 08:00:00,125.0,59.7117,500.0572,15.0965,52.0274,24,40.0,20.0,GRADUAL_DEGRADE,Synthetic / Demonstration Dataset
C1514,LOT_2026_05,MOSFET_IRFZ44N,TEST_LOT_2026_05_96H,2026-08-18 08:00:00,125.0,58.8115,500.3511,23.4979,56.582,96,40.0,20.0,GRADUAL_DEGRADE,Synthetic / Demonstration Dataset
C1514,LOT_2026_05,MOSFET_IRFZ44N,TEST_LOT_2026_05_168H,2026-08-21 08:00:00,85.0,59.422,500.2408,33.7404,61.0796,168,40.0,20.0,GRADUAL_DEGRADE,Synthetic / Demonstration Dataset
C1515,LOT_2026_05,MOSFET_IRFZ44N,TEST_LOT_2026_05_0H,2026-08-16 08:00:00,25.0,59.4667,500.0661,7.4132,48.2502,0,40.0,20.0,NORMAL,Synthetic / Demonstration Dataset
C1515,LOT_2026_05,MOSFET_IRFZ44N,TEST_LOT_2026_05_24H,2026-08-17 08:00:00,125.0,59.8606,500.0927,9.2172,50.1217,24,40.0,20.0,NORMAL,Synthetic / Demonstration Dataset
C1515,LOT_2026_05,MOSFET_IRFZ44N,TEST_LOT_2026_05_96H,2026-08-20 08:00:00,125.0,60.2512,500.0876,8.8309,49.2654,96,40.0,20.0,NORMAL,Synthetic / Demonstration Dataset
C1515,LOT_2026_05,MOSFET_IRFZ44N,TEST_LOT_2026_05_168H,2026-08-23 08:00:00,85.0,60.5274,500.0441,9.1474,49.4917,168,40.0,20.0,NORMAL,Synthetic / Demonstration Dataset
C1516,LOT_2026_05,MOSFET_IRFZ44N,TEST_LOT_2026_05_0H,2026-08-15 08:00:00,25.0,59.8362,500.1189,8.9634,49.6082,0,40.0,20.0,NORMAL,Synthetic / Demonstration Dataset
C1516,LOT_2026_05,MOSFET_IRFZ44N,TEST_LOT_2026_05_24H,2026-08-16 08:00:00,125.0,59.0818,500.1082,11.4359,50.3091,24,40.0,20.0,NORMAL,Synthetic / Demonstration Dataset
C1516,LOT_2026_05,MOSFET_IRFZ44N,TEST_LOT_2026_05_96H,2026-08-19 08:00:00,125.0,59.0297,500.1307,11.3335,50.3832,96,40.0,20.0,NORMAL,Synthetic / Demonstration Dataset
C1516,LOT_2026_05,MOSFET_IRFZ44N,TEST_LOT_2026_05_168H,2026-08-22 08:00:00,85.0,59.1321,500.0783,10.1581,50.5671,168,40.0,20.0,NORMAL,Synthetic / Demonstration Dataset
C1517,LOT_2026_05,MOSFET_IRFZ44N,TEST_LOT_2026_05_0H,2026-08-03 08:00:00,25.0,60.3766,500.1698,8.657,49.4472,0,40.0,20.0,NORMAL,Synthetic / Demonstration Dataset
C1517,LOT_2026_05,MOSFET_IRFZ44N,TEST_LOT_2026_05_24H,2026-08-04 08:00:00,125.0,60.2804,500.0777,10.4943,50.0201,24,40.0,20.0,NORMAL,Synthetic / Demonstration Dataset
C1517,LOT_2026_05,MOSFET_IRFZ44N,TEST_LOT_2026_05_96H,2026-08-07 08:00:00,125.0,60.5558,500.0827,10.2012,50.1825,96,40.0,20.0,NORMAL,Synthetic / Demonstration Dataset
C1517,LOT_2026_05,MOSFET_IRFZ44N,TEST_LOT_2026_05_168H,2026-08-10 08:00:00,85.0,60.2616,500.0587,9.6797,49.7761,168,40.0,20.0,NORMAL,Synthetic / Demonstration Dataset
C1518,LOT_2026_05,MOSFET_IRFZ44N,TEST_LOT_2026_05_0H,2026-08-05 08:00:00,25.0,60.4745,500.0945,9.56,48.9843,0,40.0,20.0,NORMAL,Synthetic / Demonstration Dataset
C1518,LOT_2026_05,MOSFET_IRFZ44N,TEST_LOT_2026_05_24H,2026-08-06 08:00:00,125.0,61.0475,500.1604,12.4303,50.8762,24,40.0,20.0,NORMAL,Synthetic / Demonstration Dataset
C1518,LOT_2026_05,MOSFET_IRFZ44N,TEST_LOT_2026_05_96H,2026-08-09 08:00:00,125.0,59.6739,500.1811,11.7911,51.0137,96,40.0,20.0,NORMAL,Synthetic / Demonstration Dataset
C1518,LOT_2026_05,MOSFET_IRFZ44N,TEST_LOT_2026_05_168H,2026-08-12 08:00:00,85.0,59.7175,500.1641,10.8039,51.122,168,40.0,20.0,NORMAL,Synthetic / Demonstration Dataset
C1519,LOT_2026_05,MOSFET_IRFZ44N,TEST_LOT_2026_05_0H,2026-08-09 08:00:00,25.0,60.4542,500.0895,10.2105,48.6466,0,40.0,20.0,NORMAL,Synthetic / Demonstration Dataset
C1519,LOT_2026_05,MOSFET_IRFZ44N,TEST_LOT_2026_05_24H,2026-08-10 08:00:00,125.0,59.9989,500.1326,12.5639,51.3062,24,40.0,20.0,NORMAL,Synthetic / Demonstration Dataset
C1519,LOT_2026_05,MOSFET_IRFZ44N,TEST_LOT_2026_05_96H,2026-08-13 08:00:00,125.0,60.3344,500.153,12.1351,51.3746,96,40.0,20.0,NORMAL,Synthetic / Demonstration Dataset
C1519,LOT_2026_05,MOSFET_IRFZ44N,TEST_LOT_2026_05_168H,2026-08-16 08:00:00,85.0,60.3624,500.1026,12.3078,51.122,168,40.0,20.0,NORMAL,Synthetic / Demonstration Dataset
C1520,LOT_2026_05,MOSFET_IRFZ44N,TEST_LOT_2026_05_0H,2026-08-11 08:00:00,25.0,60.0646,500.1376,8.7733,49.6763,0,40.0,20.0,NORMAL,Synthetic / Demonstration Dataset
C1520,LOT_2026_05,MOSFET_IRFZ44N,TEST_LOT_2026_05_24H,2026-08-12 08:00:00,125.0,61.3239,500.1166,11.2665,48.9068,24,40.0,20.0,NORMAL,Synthetic / Demonstration Dataset
C1520,LOT_2026_05,MOSFET_IRFZ44N,TEST_LOT_2026_05_96H,2026-08-15 08:00:00,125.0,59.6758,500.0733,11.3332,50.4873,96,40.0,20.0,NORMAL,Synthetic / Demonstration Dataset
C1520,LOT_2026_05,MOSFET_IRFZ44N,TEST_LOT_2026_05_168H,2026-08-18 08:00:00,85.0,60.3674,500.0228,10.074,49.552,168,40.0,20.0,NORMAL,Synthetic / Demonstration Dataset
C1521,LOT_2026_05,MOSFET_IRFZ44N,TEST_LOT_2026_05_0H,2026-08-10 08:00:00,25.0,60.3738,500.1223,9.0253,49.1585,0,40.0,20.0,NORMAL,Synthetic / Demonstration Dataset
C1521,LOT_2026_05,MOSFET_IRFZ44N,TEST_LOT_2026_05_24H,2026-08-11 08:00:00,125.0,59.696,500.1203,10.8356,51.0863,24,40.0,20.0,NORMAL,Synthetic / Demonstration Dataset
C1521,LOT_2026_05,MOSFET_IRFZ44N,TEST_LOT_2026_05_96H,2026-08-14 08:00:00,125.0,59.8676,500.0379,10.4533,49.4831,96,40.0,20.0,NORMAL,Synthetic / Demonstration Dataset
C1521,LOT_2026_05,MOSFET_IRFZ44N,TEST_LOT_2026_05_168H,2026-08-17 08:00:00,85.0,60.3268,500.1324,10.9896,50.9092,168,40.0,20.0,NORMAL,Synthetic / Demonstration Dataset
C1522,LOT_2026_05,MOSFET_IRFZ44N,TEST_LOT_2026_05_0H,2026-08-14 08:00:00,25.0,59.7404,500.1913,8.2024,48.9903,0,40.0,20.0,NORMAL,Synthetic / Demonstration Dataset
C1522,LOT_2026_05,MOSFET_IRFZ44N,TEST_LOT_2026_05_24H,2026-08-15 08:00:00,125.0,60.0038,500.0102,10.2594,49.2096,24,40.0,20.0,NORMAL,Synthetic / Demonstration Dataset
C1522,LOT_2026_05,MOSFET_IRFZ44N,TEST_LOT_2026_05_96H,2026-08-18 08:00:00,125.0,60.6337,500.1394,9.9945,50.4086,96,40.0,20.0,NORMAL,Synthetic / Demonstration Dataset
C1522,LOT_2026_05,MOSFET_IRFZ44N,TEST_LOT_2026_05_168H,2026-08-21 08:00:00,85.0,60.9695,500.0437,9.1925,49.692,168,40.0,20.0,NORMAL,Synthetic / Demonstration Dataset
C1523,LOT_2026_05,MOSFET_IRFZ44N,TEST_LOT_2026_05_0H,2026-08-04 08:00:00,25.0,59.8957,500.1536,8.6718,49.0186,0,40.0,20.0,NORMAL,Synthetic / Demonstration Dataset
C1523,LOT_2026_05,MOSFET_IRFZ44N,TEST_LOT_2026_05_24H,2026-08-05 08:00:00,125.0,60.012,500.0832,10.3223,51.681,24,40.0,20.0,NORMAL,Synthetic / Demonstration Dataset
C1523,LOT_2026_05,MOSFET_IRFZ44N,TEST_LOT_2026_05_96H,2026-08-08 08:00:00,125.0,59.7544,500.0573,11.0097,49.6587,96,40.0,20.0,NORMAL,Synthetic / Demonstration Dataset
C1523,LOT_2026_05,MOSFET_IRFZ44N,TEST_LOT_2026_05_168H,2026-08-11 08:00:00,85.0,60.069,500.1684,9.7011,50.3553,168,40.0,20.0,NORMAL,Synthetic / Demonstration Dataset
C1524,LOT_2026_05,MOSFET_IRFZ44N,TEST_LOT_2026_05_0H,2026-08-07 08:00:00,25.0,59.8061,500.1026,8.9113,49.2222,0,40.0,20.0,GRADUAL_DEGRADE,Synthetic / Demonstration Dataset
C1524,LOT_2026_05,MOSFET_IRFZ44N,TEST_LOT_2026_05_24H,2026-08-08 08:00:00,125.0,61.031,500.1337,13.4624,51.4397,24,40.0,20.0,GRADUAL_DEGRADE,Synthetic / Demonstration Dataset
C1524,LOT_2026_05,MOSFET_IRFZ44N,TEST_LOT_2026_05_96H,2026-08-11 08:00:00,125.0,60.5019,500.1329,18.63,53.9772,96,40.0,20.0,GRADUAL_DEGRADE,Synthetic / Demonstration Dataset
C1524,LOT_2026_05,MOSFET_IRFZ44N,TEST_LOT_2026_05_168H,2026-08-14 08:00:00,85.0,60.4756,500.2521,24.3483,57.4383,168,40.0,20.0,GRADUAL_DEGRADE,Synthetic / Demonstration Dataset
C1525,LOT_2026_05,MOSFET_IRFZ44N,TEST_LOT_2026_05_0H,2026-08-08 08:00:00,25.0,59.5227,500.0911,7.5502,48.3231,0,40.0,20.0,NORMAL,Synthetic / Demonstration Dataset
C1525,LOT_2026_05,MOSFET_IRFZ44N,TEST_LOT_2026_05_24H,2026-08-09 08:00:00,125.0,59.2425,500.0108,9.3263,49.9944,24,40.0,20.0,NORMAL,Synthetic / Demonstration Dataset
C1525,LOT_2026_05,MOSFET_IRFZ44N,TEST_LOT_2026_05_96H,2026-08-12 08:00:00,125.0,59.6215,500.0219,9.79,48.9012,96,40.0,20.0,NORMAL,Synthetic / Demonstration Dataset
C1525,LOT_2026_05,MOSFET_IRFZ44N,TEST_LOT_2026_05_168H,2026-08-15 08:00:00,85.0,60.0668,500.0669,9.7295,49.701,168,40.0,20.0,NORMAL,Synthetic / Demonstration Dataset
C1526,LOT_2026_05,MOSFET_IRFZ44N,TEST_LOT_2026_05_0H,2026-08-15 08:00:00,25.0,60.3719,500.1677,6.7688,48.0322,0,40.0,20.0,NORMAL,Synthetic / Demonstration Dataset
C1526,LOT_2026_05,MOSFET_IRFZ44N,TEST_LOT_2026_05_24H,2026-08-16 08:00:00,125.0,59.9302,500.1727,8.9346,49.6056,24,40.0,20.0,NORMAL,Synthetic / Demonstration Dataset
C1526,LOT_2026_05,MOSFET_IRFZ44N,TEST_LOT_2026_05_96H,2026-08-19 08:00:00,125.0,61.1064,500.1251,8.5928,49.4651,96,40.0,20.0,NORMAL,Synthetic / Demonstration Dataset
C1526,LOT_2026_05,MOSFET_IRFZ44N,TEST_LOT_2026_05_168H,2026-08-22 08:00:00,85.0,59.0957,500.0945,7.1594,49.2402,168,40.0,20.0,NORMAL,Synthetic / Demonstration Dataset
C1527,LOT_2026_05,MOSFET_IRFZ44N,TEST_LOT_2026_05_0H,2026-08-04 08:00:00,25.0,59.6452,499.9961,8.8106,49.0527,0,40.0,20.0,NORMAL,Synthetic / Demonstration Dataset
C1527,LOT_2026_05,MOSFET_IRFZ44N,TEST_LOT_2026_05_24H,2026-08-05 08:00:00,125.0,59.4861,500.0602,10.8442,50.3991,24,40.0,20.0,NORMAL,Synthetic / Demonstration Dataset
C1527,LOT_2026_05,MOSFET_IRFZ44N,TEST_LOT_2026_05_96H,2026-08-08 08:00:00,125.0,60.4108,500.1288,11.4542,50.8119,96,40.0,20.0,NORMAL,Synthetic / Demonstration Dataset
C1527,LOT_2026_05,MOSFET_IRFZ44N,TEST_LOT_2026_05_168H,2026-08-11 08:00:00,85.0,59.9339,500.0851,10.5628,50.6136,168,40.0,20.0,NORMAL,Synthetic / Demonstration Dataset
C1528,LOT_2026_05,MOSFET_IRFZ44N,TEST_LOT_2026_05_0H,2026-08-11 08:00:00,25.0,59.2868,500.1567,8.4568,48.3869,0,40.0,20.0,NORMAL,Synthetic / Demonstration Dataset
C1528,LOT_2026_05,MOSFET_IRFZ44N,TEST_LOT_2026_05_24H,2026-08-12 08:00:00,125.0,60.3039,500.0591,10.7525,50.3872,24,40.0,20.0,NORMAL,Synthetic / Demonstration Dataset
C1528,LOT_2026_05,MOSFET_IRFZ44N,TEST_LOT_2026_05_96H,2026-08-15 08:00:00,125.0,60.4846,500.1429,10.3537,50.3845,96,40.0,20.0,NORMAL,Synthetic / Demonstration Dataset
C1528,LOT_2026_05,MOSFET_IRFZ44N,TEST_LOT_2026_05_168H,2026-08-18 08:00:00,85.0,59.9311,500.1906,10.254,50.6776,168,40.0,20.0,NORMAL,Synthetic / Demonstration Dataset
C1529,LOT_2026_05,MOSFET_IRFZ44N,TEST_LOT_2026_05_0H,2026-08-12 08:00:00,25.0,60.4865,500.1182,8.2052,48.9857,0,40.0,20.0,NORMAL,Synthetic / Demonstration Dataset
C1529,LOT_2026_05,MOSFET_IRFZ44N,TEST_LOT_2026_05_24H,2026-08-13 08:00:00,125.0,60.7287,500.0993,10.005,50.1196,24,40.0,20.0,NORMAL,Synthetic / Demonstration Dataset
C1529,LOT_2026_05,MOSFET_IRFZ44N,TEST_LOT_2026_05_96H,2026-08-16 08:00:00,125.0,61.52,500.0808,10.7106,50.2559,96,40.0,20.0,NORMAL,Synthetic / Demonstration Dataset
C1529,LOT_2026_05,MOSFET_IRFZ44N,TEST_LOT_2026_05_168H,2026-08-19 08:00:00,85.0,60.058,500.1155,9.6709,49.6149,168,40.0,20.0,NORMAL,Synthetic / Demonstration Dataset
C1530,LOT_2026_05,MOSFET_IRFZ44N,TEST_LOT_2026_05_0H,2026-08-16 08:00:00,25.0,61.0523,500.1048,7.416,48.5196,0,40.0,20.0,SENSOR_NOISE,Synthetic / Demonstration Dataset
C1530,LOT_2026_05,MOSFET_IRFZ44N,TEST_LOT_2026_05_24H,2026-08-17 08:00:00,125.0,152.7494,500.053,9.2441,49.717,24,40.0,20.0,SENSOR_NOISE,Synthetic / Demonstration Dataset
C1530,LOT_2026_05,MOSFET_IRFZ44N,TEST_LOT_2026_05_96H,2026-08-20 08:00:00,125.0,59.929,500.1184,8.7588,48.8778,96,40.0,20.0,SENSOR_NOISE,Synthetic / Demonstration Dataset
C1530,LOT_2026_05,MOSFET_IRFZ44N,TEST_LOT_2026_05_168H,2026-08-23 08:00:00,85.0,60.48,500.1162,8.67,48.8141,168,40.0,20.0,SENSOR_NOISE,Synthetic / Demonstration Dataset
C1531,LOT_2026_05,MOSFET_IRFZ44N,TEST_LOT_2026_05_0H,2026-08-04 08:00:00,25.0,60.3352,500.096,9.0559,50.0182,0,40.0,20.0,NORMAL,Synthetic / Demonstration Dataset
C1531,LOT_2026_05,MOSFET_IRFZ44N,TEST_LOT_2026_05_24H,2026-08-05 08:00:00,125.0,60.2475,500.0514,10.9657,49.7625,24,40.0,20.0,NORMAL,Synthetic / Demonstration Dataset
C1531,LOT_2026_05,MOSFET_IRFZ44N,TEST_LOT_2026_05_96H,2026-08-08 08:00:00,125.0,60.0123,500.0919,11.5083,50.2748,96,40.0,20.0,NORMAL,Synthetic / Demonstration Dataset
C1531,LOT_2026_05,MOSFET_IRFZ44N,TEST_LOT_2026_05_168H,2026-08-11 08:00:00,85.0,59.0952,500.1593,10.9612,50.6835,168,40.0,20.0,NORMAL,Synthetic / Demonstration Dataset
C1532,LOT_2026_05,MOSFET_IRFZ44N,TEST_LOT_2026_05_0H,2026-08-12 08:00:00,25.0,60.0756,500.2049,7.2244,49.1474,0,40.0,20.0,NORMAL,Synthetic / Demonstration Dataset
C1532,LOT_2026_05,MOSFET_IRFZ44N,TEST_LOT_2026_05_24H,2026-08-13 08:00:00,125.0,60.43,500.0163,8.7105,48.7382,24,40.0,20.0,NORMAL,Synthetic / Demonstration Dataset
C1532,LOT_2026_05,MOSFET_IRFZ44N,TEST_LOT_2026_05_96H,2026-08-16 08:00:00,125.0,60.331,500.1306,9.005,49.8738,96,40.0,20.0,NORMAL,Synthetic / Demonstration Dataset
C1532,LOT_2026_05,MOSFET_IRFZ44N,TEST_LOT_2026_05_168H,2026-08-19 08:00:00,85.0,59.0316,500.0846,8.7609,49.8164,168,40.0,20.0,NORMAL,Synthetic / Demonstration Dataset
C1533,LOT_2026_05,MOSFET_IRFZ44N,TEST_LOT_2026_05_0H,2026-08-02 08:00:00,25.0,60.266,500.1379,12.8822,51.5892,0,40.0,20.0,LOT_ANOMALY,Synthetic / Demonstration Dataset
C1533,LOT_2026_05,MOSFET_IRFZ44N,TEST_LOT_2026_05_24H,2026-08-03 08:00:00,125.0,58.8211,500.2195,16.1711,53.0358,24,40.0,20.0,LOT_ANOMALY,Synthetic / Demonstration Dataset
C1533,LOT_2026_05,MOSFET_IRFZ44N,TEST_LOT_2026_05_96H,2026-08-06 08:00:00,125.0,58.6166,500.253,16.9982,52.9787,96,40.0,20.0,LOT_ANOMALY,Synthetic / Demonstration Dataset
C1533,LOT_2026_05,MOSFET_IRFZ44N,TEST_LOT_2026_05_168H,2026-08-09 08:00:00,85.0,61.2715,500.1091,17.5312,54.1333,168,40.0,20.0,LOT_ANOMALY,Synthetic / Demonstration Dataset
C1534,LOT_2026_05,MOSFET_IRFZ44N,TEST_LOT_2026_05_0H,2026-08-11 08:00:00,25.0,59.6164,500.0458,7.665,49.034,0,40.0,20.0,NORMAL,Synthetic / Demonstration Dataset
C1534,LOT_2026_05,MOSFET_IRFZ44N,TEST_LOT_2026_05_24H,2026-08-12 08:00:00,125.0,59.279,500.1172,9.5159,49.6661,24,40.0,20.0,NORMAL,Synthetic / Demonstration Dataset
C1534,LOT_2026_05,MOSFET_IRFZ44N,TEST_LOT_2026_05_96H,2026-08-15 08:00:00,125.0,59.7396,500.172,8.9025,49.2711,96,40.0,20.0,NORMAL,Synthetic / Demonstration Dataset
C1534,LOT_2026_05,MOSFET_IRFZ44N,TEST_LOT_2026_05_168H,2026-08-18 08:00:00,85.0,60.4887,500.0357,8.2104,49.2017,168,40.0,20.0,NORMAL,Synthetic / Demonstration Dataset
C1535,LOT_2026_05,MOSFET_IRFZ44N,TEST_LOT_2026_05_0H,2026-08-14 08:00:00,25.0,61.057,500.0765,8.5102,48.74,0,40.0,20.0,NORMAL,Synthetic / Demonstration Dataset
C1535,LOT_2026_05,MOSFET_IRFZ44N,TEST_LOT_2026_05_24H,2026-08-15 08:00:00,125.0,59.2627,500.0929,10.3397,50.9663,24,40.0,20.0,NORMAL,Synthetic / Demonstration Dataset
C1535,LOT_2026_05,MOSFET_IRFZ44N,TEST_LOT_2026_05_96H,2026-08-18 08:00:00,125.0,61.2247,500.1342,11.0217,50.5752,96,40.0,20.0,NORMAL,Synthetic / Demonstration Dataset
C1535,LOT_2026_05,MOSFET_IRFZ44N,TEST_LOT_2026_05_168H,2026-08-21 08:00:00,85.0,60.1618,500.0888,9.5322,50.1165,168,40.0,20.0,NORMAL,Synthetic / Demonstration Dataset
C1536,LOT_2026_05,MOSFET_IRFZ44N,TEST_LOT_2026_05_0H,2026-08-14 08:00:00,25.0,60.0316,499.9969,7.5599,48.9319,0,40.0,20.0,NORMAL,Synthetic / Demonstration Dataset
C1536,LOT_2026_05,MOSFET_IRFZ44N,TEST_LOT_2026_05_24H,2026-08-15 08:00:00,125.0,59.0271,500.0278,9.4741,49.1538,24,40.0,20.0,NORMAL,Synthetic / Demonstration Dataset
C1536,LOT_2026_05,MOSFET_IRFZ44N,TEST_LOT_2026_05_96H,2026-08-18 08:00:00,125.0,59.1615,500.1626,9.3679,49.8802,96,40.0,20.0,NORMAL,Synthetic / Demonstration Dataset
C1536,LOT_2026_05,MOSFET_IRFZ44N,TEST_LOT_2026_05_168H,2026-08-21 08:00:00,85.0,59.0466,500.1565,9.1835,49.8841,168,40.0,20.0,NORMAL,Synthetic / Demonstration Dataset
C1537,LOT_2026_05,MOSFET_IRFZ44N,TEST_LOT_2026_05_0H,2026-08-02 08:00:00,25.0,59.0749,500.0762,7.9998,48.79,0,40.0,20.0,GRADUAL_DEGRADE,Synthetic / Demonstration Dataset
C1537,LOT_2026_05,MOSFET_IRFZ44N,TEST_LOT_2026_05_24H,2026-08-03 08:00:00,125.0,59.745,500.1377,13.0119,50.8077,24,40.0,20.0,GRADUAL_DEGRADE,Synthetic / Demonstration Dataset
C1537,LOT_2026_05,MOSFET_IRFZ44N,TEST_LOT_2026_05_96H,2026-08-06 08:00:00,125.0,60.5989,500.1815,17.0935,53.4819,96,40.0,20.0,GRADUAL_DEGRADE,Synthetic / Demonstration Dataset
C1537,LOT_2026_05,MOSFET_IRFZ44N,TEST_LOT_2026_05_168H,2026-08-09 08:00:00,85.0,60.6498,500.3118,21.6137,55.2106,168,40.0,20.0,GRADUAL_DEGRADE,Synthetic / Demonstration Dataset
C1538,LOT_2026_05,MOSFET_IRFZ44N,TEST_LOT_2026_05_0H,2026-08-10 08:00:00,25.0,60.4543,500.1275,10.6659,49.8898,0,40.0,20.0,SENSOR_NOISE,Synthetic / Demonstration Dataset
C1538,LOT_2026_05,MOSFET_IRFZ44N,TEST_LOT_2026_05_24H,2026-08-11 08:00:00,125.0,59.5659,500.1951,13.1761,51.1511,24,40.0,20.0,SENSOR_NOISE,Synthetic / Demonstration Dataset
C1538,LOT_2026_05,MOSFET_IRFZ44N,TEST_LOT_2026_05_96H,2026-08-14 08:00:00,125.0,59.6668,500.0818,,51.8927,96,40.0,20.0,SENSOR_NOISE,Synthetic / Demonstration Dataset
C1538,LOT_2026_05,MOSFET_IRFZ44N,TEST_LOT_2026_05_168H,2026-08-17 08:00:00,85.0,60.7254,500.0373,12.6337,51.7957,168,40.0,20.0,SENSOR_NOISE,Synthetic / Demonstration Dataset
C1539,LOT_2026_05,MOSFET_IRFZ44N,TEST_LOT_2026_05_0H,2026-08-16 08:00:00,25.0,59.729,500.2066,11.1876,50.4754,0,40.0,20.0,NORMAL,Synthetic / Demonstration Dataset
C1539,LOT_2026_05,MOSFET_IRFZ44N,TEST_LOT_2026_05_24H,2026-08-17 08:00:00,125.0,59.8166,500.1858,13.3358,51.2907,24,40.0,20.0,NORMAL,Synthetic / Demonstration Dataset
C1539,LOT_2026_05,MOSFET_IRFZ44N,TEST_LOT_2026_05_96H,2026-08-20 08:00:00,125.0,60.3561,500.1358,13.569,52.0476,96,40.0,20.0,NORMAL,Synthetic / Demonstration Dataset
C1539,LOT_2026_05,MOSFET_IRFZ44N,TEST_LOT_2026_05_168H,2026-08-23 08:00:00,85.0,60.2878,500.1092,13.0847,51.6466,168,40.0,20.0,NORMAL,Synthetic / Demonstration Dataset
C1540,LOT_2026_05,MOSFET_IRFZ44N,TEST_LOT_2026_05_0H,2026-08-04 08:00:00,25.0,60.7731,500.0458,7.7548,49.3854,0,40.0,20.0,NORMAL,Synthetic / Demonstration Dataset
C1540,LOT_2026_05,MOSFET_IRFZ44N,TEST_LOT_2026_05_24H,2026-08-05 08:00:00,125.0,60.1212,500.0701,9.4897,49.2876,24,40.0,20.0,NORMAL,Synthetic / Demonstration Dataset
C1540,LOT_2026_05,MOSFET_IRFZ44N,TEST_LOT_2026_05_96H,2026-08-08 08:00:00,125.0,59.3668,500.0742,9.0376,49.6142,96,40.0,20.0,NORMAL,Synthetic / Demonstration Dataset
C1540,LOT_2026_05,MOSFET_IRFZ44N,TEST_LOT_2026_05_168H,2026-08-11 08:00:00,85.0,59.7325,500.0518,9.586,49.1438,168,40.0,20.0,NORMAL,Synthetic / Demonstration Dataset
C1541,LOT_2026_05,MOSFET_IRFZ44N,TEST_LOT_2026_05_0H,2026-08-12 08:00:00,25.0,60.8299,500.1549,9.1622,49.9006,0,40.0,20.0,NORMAL,Synthetic / Demonstration Dataset
C1541,LOT_2026_05,MOSFET_IRFZ44N,TEST_LOT_2026_05_24H,2026-08-13 08:00:00,125.0,61.0186,500.1305,11.3879,50.9847,24,40.0,20.0,NORMAL,Synthetic / Demonstration Dataset
C1541,LOT_2026_05,MOSFET_IRFZ44N,TEST_LOT_2026_05_96H,2026-08-16 08:00:00,125.0,59.1828,500.0782,11.2392,50.6155,96,40.0,20.0,NORMAL,Synthetic / Demonstration Dataset
C1541,LOT_2026_05,MOSFET_IRFZ44N,TEST_LOT_2026_05_168H,2026-08-19 08:00:00,85.0,61.1558,500.1114,10.7369,50.8989,168,40.0,20.0,NORMAL,Synthetic / Demonstration Dataset
C1542,LOT_2026_05,MOSFET_IRFZ44N,TEST_LOT_2026_05_0H,2026-08-09 08:00:00,25.0,59.813,500.016,8.2471,48.7895,0,40.0,20.0,NORMAL,Synthetic / Demonstration Dataset
C1542,LOT_2026_05,MOSFET_IRFZ44N,TEST_LOT_2026_05_24H,2026-08-10 08:00:00,125.0,60.0045,500.1498,10.263,50.2131,24,40.0,20.0,NORMAL,Synthetic / Demonstration Dataset
C1542,LOT_2026_05,MOSFET_IRFZ44N,TEST_LOT_2026_05_96H,2026-08-13 08:00:00,125.0,61.289,500.0966,10.1296,50.5882,96,40.0,20.0,NORMAL,Synthetic / Demonstration Dataset
C1542,LOT_2026_05,MOSFET_IRFZ44N,TEST_LOT_2026_05_168H,2026-08-16 08:00:00,85.0,60.4258,500.1415,9.505,49.8463,168,40.0,20.0,NORMAL,Synthetic / Demonstration Dataset
C1543,LOT_2026_05,MOSFET_IRFZ44N,TEST_LOT_2026_05_0H,2026-08-14 08:00:00,25.0,60.011,500.1248,6.3277,48.4012,0,40.0,20.0,NORMAL,Synthetic / Demonstration Dataset
C1543,LOT_2026_05,MOSFET_IRFZ44N,TEST_LOT_2026_05_24H,2026-08-15 08:00:00,125.0,58.9666,500.0434,7.9402,49.1552,24,40.0,20.0,NORMAL,Synthetic / Demonstration Dataset
C1543,LOT_2026_05,MOSFET_IRFZ44N,TEST_LOT_2026_05_96H,2026-08-18 08:00:00,125.0,60.7288,500.0738,8.101,49.2331,96,40.0,20.0,NORMAL,Synthetic / Demonstration Dataset
C1543,LOT_2026_05,MOSFET_IRFZ44N,TEST_LOT_2026_05_168H,2026-08-21 08:00:00,85.0,59.4078,499.9626,7.5423,48.9651,168,40.0,20.0,NORMAL,Synthetic / Demonstration Dataset
C1544,LOT_2026_05,MOSFET_IRFZ44N,TEST_LOT_2026_05_0H,2026-08-01 08:00:00,25.0,59.6291,500.0076,8.8561,49.7114,0,40.0,20.0,GRADUAL_DEGRADE,Synthetic / Demonstration Dataset
C1544,LOT_2026_05,MOSFET_IRFZ44N,TEST_LOT_2026_05_24H,2026-08-02 08:00:00,125.0,59.7162,500.0547,14.6874,51.9262,24,40.0,20.0,GRADUAL_DEGRADE,Synthetic / Demonstration Dataset
C1544,LOT_2026_05,MOSFET_IRFZ44N,TEST_LOT_2026_05_96H,2026-08-05 08:00:00,125.0,60.0609,500.1747,20.9663,55.3889,96,40.0,20.0,GRADUAL_DEGRADE,Synthetic / Demonstration Dataset
C1544,LOT_2026_05,MOSFET_IRFZ44N,TEST_LOT_2026_05_168H,2026-08-08 08:00:00,85.0,60.2048,500.394,26.8784,58.2964,168,40.0,20.0,GRADUAL_DEGRADE,Synthetic / Demonstration Dataset
C1545,LOT_2026_05,MOSFET_IRFZ44N,TEST_LOT_2026_05_0H,2026-08-09 08:00:00,25.0,60.5082,500.0596,8.8211,49.9833,0,40.0,20.0,NORMAL,Synthetic / Demonstration Dataset
C1545,LOT_2026_05,MOSFET_IRFZ44N,TEST_LOT_2026_05_24H,2026-08-10 08:00:00,125.0,59.7554,500.0889,10.4463,50.2912,24,40.0,20.0,NORMAL,Synthetic / Demonstration Dataset
C1545,LOT_2026_05,MOSFET_IRFZ44N,TEST_LOT_2026_05_96H,2026-08-13 08:00:00,125.0,60.8116,500.1231,10.2355,50.623,96,40.0,20.0,NORMAL,Synthetic / Demonstration Dataset
C1545,LOT_2026_05,MOSFET_IRFZ44N,TEST_LOT_2026_05_168H,2026-08-16 08:00:00,85.0,59.5557,499.9858,11.0502,51.041,168,40.0,20.0,NORMAL,Synthetic / Demonstration Dataset
C1546,LOT_2026_05,MOSFET_IRFZ44N,TEST_LOT_2026_05_0H,2026-08-09 08:00:00,25.0,59.3201,500.1128,8.3958,50.3065,0,40.0,20.0,NORMAL,Synthetic / Demonstration Dataset
C1546,LOT_2026_05,MOSFET_IRFZ44N,TEST_LOT_2026_05_24H,2026-08-10 08:00:00,125.0,60.5707,500.0535,10.2888,49.3854,24,40.0,20.0,NORMAL,Synthetic / Demonstration Dataset
C1546,LOT_2026_05,MOSFET_IRFZ44N,TEST_LOT_2026_05_96H,2026-08-13 08:00:00,125.0,60.3276,500.0844,10.764,51.1498,96,40.0,20.0,NORMAL,Synthetic / Demonstration Dataset
C1546,LOT_2026_05,MOSFET_IRFZ44N,TEST_LOT_2026_05_168H,2026-08-16 08:00:00,85.0,59.262,500.0635,9.0608,49.37,168,40.0,20.0,NORMAL,Synthetic / Demonstration Dataset
C1547,LOT_2026_05,MOSFET_IRFZ44N,TEST_LOT_2026_05_0H,2026-08-10 08:00:00,25.0,60.0295,500.0918,10.1475,49.5023,0,40.0,20.0,NORMAL,Synthetic / Demonstration Dataset
C1547,LOT_2026_05,MOSFET_IRFZ44N,TEST_LOT_2026_05_24H,2026-08-11 08:00:00,125.0,59.318,500.063,12.6778,51.1588,24,40.0,20.0,NORMAL,Synthetic / Demonstration Dataset
C1547,LOT_2026_05,MOSFET_IRFZ44N,TEST_LOT_2026_05_96H,2026-08-14 08:00:00,125.0,59.5679,500.1613,12.5958,51.1705,96,40.0,20.0,NORMAL,Synthetic / Demonstration Dataset
C1547,LOT_2026_05,MOSFET_IRFZ44N,TEST_LOT_2026_05_168H,2026-08-17 08:00:00,85.0,60.3031,500.2124,12.2849,50.9434,168,40.0,20.0,NORMAL,Synthetic / Demonstration Dataset
C1548,LOT_2026_05,MOSFET_IRFZ44N,TEST_LOT_2026_05_0H,2026-08-12 08:00:00,25.0,58.9279,500.2398,9.5261,50.1203,0,40.0,20.0,SUDDEN_DEGRADE,Synthetic / Demonstration Dataset
C1548,LOT_2026_05,MOSFET_IRFZ44N,TEST_LOT_2026_05_24H,2026-08-13 08:00:00,125.0,59.8222,500.1343,12.1926,50.5899,24,40.0,20.0,SUDDEN_DEGRADE,Synthetic / Demonstration Dataset
C1548,LOT_2026_05,MOSFET_IRFZ44N,TEST_LOT_2026_05_96H,2026-08-16 08:00:00,125.0,59.734,500.3216,38.3493,64.7129,96,40.0,20.0,SUDDEN_DEGRADE,Synthetic / Demonstration Dataset
C1548,LOT_2026_05,MOSFET_IRFZ44N,TEST_LOT_2026_05_168H,2026-08-19 08:00:00,85.0,60.5031,500.5553,55.1835,72.6486,168,40.0,20.0,SUDDEN_DEGRADE,Synthetic / Demonstration Dataset
C1549,LOT_2026_05,MOSFET_IRFZ44N,TEST_LOT_2026_05_0H,2026-08-05 08:00:00,25.0,59.1604,500.1497,10.9881,51.2428,0,40.0,20.0,NORMAL,Synthetic / Demonstration Dataset
C1549,LOT_2026_05,MOSFET_IRFZ44N,TEST_LOT_2026_05_24H,2026-08-06 08:00:00,125.0,60.5158,500.0844,13.3478,51.3649,24,40.0,20.0,NORMAL,Synthetic / Demonstration Dataset
C1549,LOT_2026_05,MOSFET_IRFZ44N,TEST_LOT_2026_05_96H,2026-08-09 08:00:00,125.0,60.4791,500.1929,13.6843,52.5485,96,40.0,20.0,NORMAL,Synthetic / Demonstration Dataset
C1549,LOT_2026_05,MOSFET_IRFZ44N,TEST_LOT_2026_05_168H,2026-08-12 08:00:00,85.0,60.7162,500.1101,12.7245,51.7682,168,40.0,20.0,NORMAL,Synthetic / Demonstration Dataset
C1550,LOT_2026_05,MOSFET_IRFZ44N,TEST_LOT_2026_05_0H,2026-08-13 08:00:00,25.0,60.2674,500.1101,8.8897,48.7227,0,40.0,20.0,NORMAL,Synthetic / Demonstration Dataset
C1550,LOT_2026_05,MOSFET_IRFZ44N,TEST_LOT_2026_05_24H,2026-08-14 08:00:00,125.0,60.0615,500.022,10.6378,50.6929,24,40.0,20.0,NORMAL,Synthetic / Demonstration Dataset
C1550,LOT_2026_05,MOSFET_IRFZ44N,TEST_LOT_2026_05_96H,2026-08-17 08:00:00,125.0,60.1963,500.0574,11.3413,51.2917,96,40.0,20.0,NORMAL,Synthetic / Demonstration Dataset
C1550,LOT_2026_05,MOSFET_IRFZ44N,TEST_LOT_2026_05_168H,2026-08-20 08:00:00,85.0,60.0882,500.1387,11.3171,50.7493,168,40.0,20.0,NORMAL,Synthetic / Demonstration Dataset
C1551,LOT_2026_05,MOSFET_IRFZ44N,TEST_LOT_2026_05_0H,2026-08-01 08:00:00,25.0,59.9283,500.0904,9.2125,50.0138,0,40.0,20.0,NORMAL,Synthetic / Demonstration Dataset
C1551,LOT_2026_05,MOSFET_IRFZ44N,TEST_LOT_2026_05_24H,2026-08-02 08:00:00,125.0,59.16,500.1134,11.858,50.3978,24,40.0,20.0,NORMAL,Synthetic / Demonstration Dataset
C1551,LOT_2026_05,MOSFET_IRFZ44N,TEST_LOT_2026_05_96H,2026-08-05 08:00:00,125.0,59.6474,500.0477,11.9882,51.2813,96,40.0,20.0,NORMAL,Synthetic / Demonstration Dataset
C1551,LOT_2026_05,MOSFET_IRFZ44N,TEST_LOT_2026_05_168H,2026-08-08 08:00:00,85.0,60.3982,500.1257,11.5475,50.9579,168,40.0,20.0,NORMAL,Synthetic / Demonstration Dataset
C1552,LOT_2026_05,MOSFET_IRFZ44N,TEST_LOT_2026_05_0H,2026-08-07 08:00:00,25.0,59.4755,500.0954,10.097,49.8448,0,40.0,20.0,NORMAL,Synthetic / Demonstration Dataset
C1552,LOT_2026_05,MOSFET_IRFZ44N,TEST_LOT_2026_05_24H,2026-08-08 08:00:00,125.0,59.803,500.1761,12.0761,51.293,24,40.0,20.0,NORMAL,Synthetic / Demonstration Dataset
C1552,LOT_2026_05,MOSFET_IRFZ44N,TEST_LOT_2026_05_96H,2026-08-11 08:00:00,125.0,60.0879,500.1532,12.7084,50.9939,96,40.0,20.0,NORMAL,Synthetic / Demonstration Dataset
C1552,LOT_2026_05,MOSFET_IRFZ44N,TEST_LOT_2026_05_168H,2026-08-14 08:00:00,85.0,60.1152,500.1301,11.618,50.9531,168,40.0,20.0,NORMAL,Synthetic / Demonstration Dataset
C1553,LOT_2026_05,MOSFET_IRFZ44N,TEST_LOT_2026_05_0H,2026-08-15 08:00:00,25.0,59.7735,500.2433,8.5438,49.68,0,40.0,20.0,NORMAL,Synthetic / Demonstration Dataset
C1553,LOT_2026_05,MOSFET_IRFZ44N,TEST_LOT_2026_05_24H,2026-08-16 08:00:00,125.0,59.8601,500.0834,10.5917,50.237,24,40.0,20.0,NORMAL,Synthetic / Demonstration Dataset
C1553,LOT_2026_05,MOSFET_IRFZ44N,TEST_LOT_2026_05_96H,2026-08-19 08:00:00,125.0,58.8717,500.0287,10.718,50.0724,96,40.0,20.0,NORMAL,Synthetic / Demonstration Dataset
C1553,LOT_2026_05,MOSFET_IRFZ44N,TEST_LOT_2026_05_168H,2026-08-22 08:00:00,85.0,59.8564,500.175,10.1099,49.3879,168,40.0,20.0,NORMAL,Synthetic / Demonstration Dataset
C1554,LOT_2026_05,MOSFET_IRFZ44N,TEST_LOT_2026_05_0H,2026-08-12 08:00:00,25.0,60.9121,500.0859,7.9308,49.3636,0,40.0,20.0,NORMAL,Synthetic / Demonstration Dataset
C1554,LOT_2026_05,MOSFET_IRFZ44N,TEST_LOT_2026_05_24H,2026-08-13 08:00:00,125.0,59.5837,500.0975,10.2493,50.002,24,40.0,20.0,NORMAL,Synthetic / Demonstration Dataset
C1554,LOT_2026_05,MOSFET_IRFZ44N,TEST_LOT_2026_05_96H,2026-08-16 08:00:00,125.0,59.8138,500.1358,9.1733,49.8299,96,40.0,20.0,NORMAL,Synthetic / Demonstration Dataset
C1554,LOT_2026_05,MOSFET_IRFZ44N,TEST_LOT_2026_05_168H,2026-08-19 08:00:00,85.0,59.7747,500.0633,9.6079,50.3751,168,40.0,20.0,NORMAL,Synthetic / Demonstration Dataset
C1555,LOT_2026_05,MOSFET_IRFZ44N,TEST_LOT_2026_05_0H,2026-08-11 08:00:00,25.0,60.1764,500.09,8.1848,49.7502,0,40.0,20.0,NORMAL,Synthetic / Demonstration Dataset
C1555,LOT_2026_05,MOSFET_IRFZ44N,TEST_LOT_2026_05_24H,2026-08-12 08:00:00,125.0,59.2228,500.0436,10.295,50.408,24,40.0,20.0,NORMAL,Synthetic / Demonstration Dataset
C1555,LOT_2026_05,MOSFET_IRFZ44N,TEST_LOT_2026_05_96H,2026-08-15 08:00:00,125.0,59.7269,500.1524,10.1587,50.1637,96,40.0,20.0,NORMAL,Synthetic / Demonstration Dataset
C1555,LOT_2026_05,MOSFET_IRFZ44N,TEST_LOT_2026_05_168H,2026-08-18 08:00:00,85.0,60.4679,500.0776,9.6385,50.5251,168,40.0,20.0,NORMAL,Synthetic / Demonstration Dataset
C1556,LOT_2026_05,MOSFET_IRFZ44N,TEST_LOT_2026_05_0H,2026-08-03 08:00:00,25.0,60.3942,500.1506,7.8941,48.3273,0,40.0,20.0,NORMAL,Synthetic / Demonstration Dataset
C1556,LOT_2026_05,MOSFET_IRFZ44N,TEST_LOT_2026_05_24H,2026-08-04 08:00:00,125.0,60.6853,500.1542,9.6305,49.7381,24,40.0,20.0,NORMAL,Synthetic / Demonstration Dataset
C1556,LOT_2026_05,MOSFET_IRFZ44N,TEST_LOT_2026_05_96H,2026-08-07 08:00:00,125.0,60.5736,500.1549,9.5685,49.2601,96,40.0,20.0,NORMAL,Synthetic / Demonstration Dataset
C1556,LOT_2026_05,MOSFET_IRFZ44N,TEST_LOT_2026_05_168H,2026-08-10 08:00:00,85.0,60.1352,500.119,8.7501,49.2404,168,40.0,20.0,NORMAL,Synthetic / Demonstration Dataset
C1557,LOT_2026_05,MOSFET_IRFZ44N,TEST_LOT_2026_05_0H,2026-08-05 08:00:00,25.0,59.5739,499.9879,9.3615,49.49,0,40.0,20.0,GRADUAL_DEGRADE,Synthetic / Demonstration Dataset
C1557,LOT_2026_05,MOSFET_IRFZ44N,TEST_LOT_2026_05_24H,2026-08-06 08:00:00,125.0,59.0445,500.2202,15.4181,53.2454,24,40.0,20.0,GRADUAL_DEGRADE,Synthetic / Demonstration Dataset
C1557,LOT_2026_05,MOSFET_IRFZ44N,TEST_LOT_2026_05_96H,2026-08-09 08:00:00,125.0,59.8183,500.2565,19.3663,55.2176,96,40.0,20.0,GRADUAL_DEGRADE,Synthetic / Demonstration Dataset
C1557,LOT_2026_05,MOSFET_IRFZ44N,TEST_LOT_2026_05_168H,2026-08-12 08:00:00,85.0,60.5626,500.2483,27.279,58.3024,168,40.0,20.0,GRADUAL_DEGRADE,Synthetic / Demonstration Dataset
C1558,LOT_2026_05,MOSFET_IRFZ44N,TEST_LOT_2026_05_0H,2026-08-02 08:00:00,25.0,59.5708,500.1011,9.8297,49.8827,0,40.0,20.0,NORMAL,Synthetic / Demonstration Dataset
C1558,LOT_2026_05,MOSFET_IRFZ44N,TEST_LOT_2026_05_24H,2026-08-03 08:00:00,125.0,60.1153,500.1216,11.6836,51.0039,24,40.0,20.0,NORMAL,Synthetic / Demonstration Dataset
C1558,LOT_2026_05,MOSFET_IRFZ44N,TEST_LOT_2026_05_96H,2026-08-06 08:00:00,125.0,61.2814,500.1802,12.2126,51.1238,96,40.0,20.0,NORMAL,Synthetic / Demonstration Dataset
C1558,LOT_2026_05,MOSFET_IRFZ44N,TEST_LOT_2026_05_168H,2026-08-09 08:00:00,85.0,61.0582,500.1583,11.5156,50.2048,168,40.0,20.0,NORMAL,Synthetic / Demonstration Dataset
C1559,LOT_2026_05,MOSFET_IRFZ44N,TEST_LOT_2026_05_0H,2026-08-09 08:00:00,25.0,60.7457,500.1772,9.6311,49.6349,0,40.0,20.0,NORMAL,Synthetic / Demonstration Dataset
C1559,LOT_2026_05,MOSFET_IRFZ44N,TEST_LOT_2026_05_24H,2026-08-10 08:00:00,125.0,59.4349,500.1322,11.6835,51.1715,24,40.0,20.0,NORMAL,Synthetic / Demonstration Dataset
C1559,LOT_2026_05,MOSFET_IRFZ44N,TEST_LOT_2026_05_96H,2026-08-13 08:00:00,125.0,59.9149,500.0146,11.7325,51.5455,96,40.0,20.0,NORMAL,Synthetic / Demonstration Dataset
C1559,LOT_2026_05,MOSFET_IRFZ44N,TEST_LOT_2026_05_168H,2026-08-16 08:00:00,85.0,60.2249,500.1173,10.5337,50.2875,168,40.0,20.0,NORMAL,Synthetic / Demonstration Dataset
C1560,LOT_2026_05,MOSFET_IRFZ44N,TEST_LOT_2026_05_0H,2026-08-14 08:00:00,25.0,59.3929,500.0711,8.751,49.8115,0,40.0,20.0,NORMAL,Synthetic / Demonstration Dataset
C1560,LOT_2026_05,MOSFET_IRFZ44N,TEST_LOT_2026_05_24H,2026-08-15 08:00:00,125.0,59.7475,500.0324,11.0448,50.172,24,40.0,20.0,NORMAL,Synthetic / Demonstration Dataset
C1560,LOT_2026_05,MOSFET_IRFZ44N,TEST_LOT_2026_05_96H,2026-08-18 08:00:00,125.0,59.5685,500.1104,11.5281,51.4012,96,40.0,20.0,NORMAL,Synthetic / Demonstration Dataset
C1560,LOT_2026_05,MOSFET_IRFZ44N,TEST_LOT_2026_05_168H,2026-08-21 08:00:00,85.0,59.9007,500.1399,10.013,50.7768,168,40.0,20.0,NORMAL,Synthetic / Demonstration Dataset
C1561,LOT_2026_05,MOSFET_IRFZ44N,TEST_LOT_2026_05_0H,2026-08-15 08:00:00,25.0,60.8353,500.0663,8.0366,48.6196,0,40.0,20.0,NORMAL,Synthetic / Demonstration Dataset
C1561,LOT_2026_05,MOSFET_IRFZ44N,TEST_LOT_2026_05_24H,2026-08-16 08:00:00,125.0,59.3055,500.123,9.9438,51.3893,24,40.0,20.0,NORMAL,Synthetic / Demonstration Dataset
C1561,LOT_2026_05,MOSFET_IRFZ44N,TEST_LOT_2026_05_96H,2026-08-19 08:00:00,125.0,59.9371,500.1566,10.4019,49.7818,96,40.0,20.0,NORMAL,Synthetic / Demonstration Dataset
C1561,LOT_2026_05,MOSFET_IRFZ44N,TEST_LOT_2026_05_168H,2026-08-22 08:00:00,85.0,59.9537,500.0955,9.1069,48.9715,168,40.0,20.0,NORMAL,Synthetic / Demonstration Dataset
C1562,LOT_2026_05,MOSFET_IRFZ44N,TEST_LOT_2026_05_0H,2026-08-07 08:00:00,25.0,59.9132,500.1609,8.3757,48.6058,0,40.0,20.0,NORMAL,Synthetic / Demonstration Dataset
C1562,LOT_2026_05,MOSFET_IRFZ44N,TEST_LOT_2026_05_24H,2026-08-08 08:00:00,125.0,60.1054,500.1571,9.9582,50.2273,24,40.0,20.0,NORMAL,Synthetic / Demonstration Dataset
C1562,LOT_2026_05,MOSFET_IRFZ44N,TEST_LOT_2026_05_96H,2026-08-11 08:00:00,125.0,59.8268,500.139,10.5198,50.632,96,40.0,20.0,NORMAL,Synthetic / Demonstration Dataset
C1562,LOT_2026_05,MOSFET_IRFZ44N,TEST_LOT_2026_05_168H,2026-08-14 08:00:00,85.0,59.4308,500.05,9.7135,50.2522,168,40.0,20.0,NORMAL,Synthetic / Demonstration Dataset
C1563,LOT_2026_05,MOSFET_IRFZ44N,TEST_LOT_2026_05_0H,2026-08-04 08:00:00,25.0,61.0062,500.0486,7.1379,48.7082,0,40.0,20.0,NORMAL,Synthetic / Demonstration Dataset
C1563,LOT_2026_05,MOSFET_IRFZ44N,TEST_LOT_2026_05_24H,2026-08-05 08:00:00,125.0,59.5898,500.0667,8.9739,49.5463,24,40.0,20.0,NORMAL,Synthetic / Demonstration Dataset
C1563,LOT_2026_05,MOSFET_IRFZ44N,TEST_LOT_2026_05_96H,2026-08-08 08:00:00,125.0,59.3594,500.0373,8.6181,49.8532,96,40.0,20.0,NORMAL,Synthetic / Demonstration Dataset
C1563,LOT_2026_05,MOSFET_IRFZ44N,TEST_LOT_2026_05_168H,2026-08-11 08:00:00,85.0,59.5241,500.1298,8.6207,48.9784,168,40.0,20.0,NORMAL,Synthetic / Demonstration Dataset
C1564,LOT_2026_05,MOSFET_IRFZ44N,TEST_LOT_2026_05_0H,2026-08-04 08:00:00,25.0,60.4181,500.1496,6.7318,48.617,0,40.0,20.0,NORMAL,Synthetic / Demonstration Dataset
C1564,LOT_2026_05,MOSFET_IRFZ44N,TEST_LOT_2026_05_24H,2026-08-05 08:00:00,125.0,59.9859,500.0649,7.8651,49.1028,24,40.0,20.0,NORMAL,Synthetic / Demonstration Dataset
C1564,LOT_2026_05,MOSFET_IRFZ44N,TEST_LOT_2026_05_96H,2026-08-08 08:00:00,125.0,59.7999,500.0103,8.1331,49.1663,96,40.0,20.0,NORMAL,Synthetic / Demonstration Dataset
C1564,LOT_2026_05,MOSFET_IRFZ44N,TEST_LOT_2026_05_168H,2026-08-11 08:00:00,85.0,60.2625,500.0362,7.368,47.2704,168,40.0,20.0,NORMAL,Synthetic / Demonstration Dataset
C1565,LOT_2026_05,MOSFET_IRFZ44N,TEST_LOT_2026_05_0H,2026-08-16 08:00:00,25.0,60.2964,500.1624,9.4759,48.7974,0,40.0,20.0,NORMAL,Synthetic / Demonstration Dataset
C1565,LOT_2026_05,MOSFET_IRFZ44N,TEST_LOT_2026_05_24H,2026-08-17 08:00:00,125.0,60.079,500.1431,11.454,50.0687,24,40.0,20.0,NORMAL,Synthetic / Demonstration Dataset
C1565,LOT_2026_05,MOSFET_IRFZ44N,TEST_LOT_2026_05_96H,2026-08-20 08:00:00,125.0,59.6569,500.0261,11.8864,50.6054,96,40.0,20.0,NORMAL,Synthetic / Demonstration Dataset
C1565,LOT_2026_05,MOSFET_IRFZ44N,TEST_LOT_2026_05_168H,2026-08-23 08:00:00,85.0,58.912,500.1448,11.2915,50.7733,168,40.0,20.0,NORMAL,Synthetic / Demonstration Dataset
C1566,LOT_2026_05,MOSFET_IRFZ44N,TEST_LOT_2026_05_0H,2026-08-10 08:00:00,25.0,59.0189,500.0065,8.4283,49.0348,0,40.0,20.0,NORMAL,Synthetic / Demonstration Dataset
C1566,LOT_2026_05,MOSFET_IRFZ44N,TEST_LOT_2026_05_24H,2026-08-11 08:00:00,125.0,59.7997,500.1461,10.084,49.9191,24,40.0,20.0,NORMAL,Synthetic / Demonstration Dataset
C1566,LOT_2026_05,MOSFET_IRFZ44N,TEST_LOT_2026_05_96H,2026-08-14 08:00:00,125.0,59.8202,500.1543,10.3658,50.7649,96,40.0,20.0,NORMAL,Synthetic / Demonstration Dataset
C1566,LOT_2026_05,MOSFET_IRFZ44N,TEST_LOT_2026_05_168H,2026-08-17 08:00:00,85.0,60.082,500.1122,10.0767,50.6809,168,40.0,20.0,NORMAL,Synthetic / Demonstration Dataset
C1567,LOT_2026_05,MOSFET_IRFZ44N,TEST_LOT_2026_05_0H,2026-08-13 08:00:00,25.0,60.9135,500.0706,9.1584,48.9782,0,40.0,20.0,NORMAL,Synthetic / Demonstration Dataset
C1567,LOT_2026_05,MOSFET_IRFZ44N,TEST_LOT_2026_05_24H,2026-08-14 08:00:00,125.0,59.6623,500.1909,11.0695,50.8661,24,40.0,20.0,NORMAL,Synthetic / Demonstration Dataset
C1567,LOT_2026_05,MOSFET_IRFZ44N,TEST_LOT_2026_05_96H,2026-08-17 08:00:00,125.0,60.485,500.1047,11.1206,51.2959,96,40.0,20.0,NORMAL,Synthetic / Demonstration Dataset
C1567,LOT_2026_05,MOSFET_IRFZ44N,TEST_LOT_2026_05_168H,2026-08-20 08:00:00,85.0,59.0767,500.0962,10.5559,50.128,168,40.0,20.0,NORMAL,Synthetic / Demonstration Dataset
C1568,LOT_2026_05,MOSFET_IRFZ44N,TEST_LOT_2026_05_0H,2026-08-02 08:00:00,25.0,59.1941,500.5409,46.0879,68.4453,0,40.0,20.0,SEVERE_FAILURE,Synthetic / Demonstration Dataset
C1568,LOT_2026_05,MOSFET_IRFZ44N,TEST_LOT_2026_05_24H,2026-08-03 08:00:00,125.0,59.9072,500.6283,71.8971,80.9399,24,40.0,20.0,SEVERE_FAILURE,Synthetic / Demonstration Dataset
C1568,LOT_2026_05,MOSFET_IRFZ44N,TEST_LOT_2026_05_96H,2026-08-06 08:00:00,125.0,60.061,501.0539,99.5499,95.4897,96,40.0,20.0,SEVERE_FAILURE,Synthetic / Demonstration Dataset
C1568,LOT_2026_05,MOSFET_IRFZ44N,TEST_LOT_2026_05_168H,2026-08-09 08:00:00,85.0,59.589,501.3305,129.0462,109.8675,168,40.0,20.0,SEVERE_FAILURE,Synthetic / Demonstration Dataset
C1569,LOT_2026_05,MOSFET_IRFZ44N,TEST_LOT_2026_05_0H,2026-08-10 08:00:00,25.0,60.2992,500.0004,9.7556,49.8078,0,40.0,20.0,NORMAL,Synthetic / Demonstration Dataset
C1569,LOT_2026_05,MOSFET_IRFZ44N,TEST_LOT_2026_05_24H,2026-08-11 08:00:00,125.0,59.8784,500.1657,11.6693,50.972,24,40.0,20.0,NORMAL,Synthetic / Demonstration Dataset
C1569,LOT_2026_05,MOSFET_IRFZ44N,TEST_LOT_2026_05_96H,2026-08-14 08:00:00,125.0,60.2051,500.0599,12.48,50.1056,96,40.0,20.0,NORMAL,Synthetic / Demonstration Dataset
C1569,LOT_2026_05,MOSFET_IRFZ44N,TEST_LOT_2026_05_168H,2026-08-17 08:00:00,85.0,59.8716,500.0656,11.4409,49.9552,168,40.0,20.0,NORMAL,Synthetic / Demonstration Dataset
C1570,LOT_2026_05,MOSFET_IRFZ44N,TEST_LOT_2026_05_0H,2026-08-05 08:00:00,25.0,59.8833,500.1128,7.9474,49.0586,0,40.0,20.0,SENSOR_NOISE,Synthetic / Demonstration Dataset
C1570,LOT_2026_05,MOSFET_IRFZ44N,TEST_LOT_2026_05_24H,2026-08-06 08:00:00,125.0,59.3786,500.1457,10.1628,50.1027,24,40.0,20.0,SENSOR_NOISE,Synthetic / Demonstration Dataset
C1570,LOT_2026_05,MOSFET_IRFZ44N,TEST_LOT_2026_05_96H,2026-08-09 08:00:00,125.0,59.7381,500.1551,,50.2063,96,40.0,20.0,SENSOR_NOISE,Synthetic / Demonstration Dataset
C1570,LOT_2026_05,MOSFET_IRFZ44N,TEST_LOT_2026_05_168H,2026-08-12 08:00:00,85.0,59.9928,500.0785,9.0447,49.7425,168,40.0,20.0,SENSOR_NOISE,Synthetic / Demonstration Dataset
C1571,LOT_2026_05,MOSFET_IRFZ44N,TEST_LOT_2026_05_0H,2026-08-16 08:00:00,25.0,59.9824,500.0948,7.5024,48.7661,0,40.0,20.0,NORMAL,Synthetic / Demonstration Dataset
C1571,LOT_2026_05,MOSFET_IRFZ44N,TEST_LOT_2026_05_24H,2026-08-17 08:00:00,125.0,60.4644,500.0953,9.5661,49.8806,24,40.0,20.0,NORMAL,Synthetic / Demonstration Dataset
C1571,LOT_2026_05,MOSFET_IRFZ44N,TEST_LOT_2026_05_96H,2026-08-20 08:00:00,125.0,60.242,500.0034,9.4693,49.599,96,40.0,20.0,NORMAL,Synthetic / Demonstration Dataset
C1571,LOT_2026_05,MOSFET_IRFZ44N,TEST_LOT_2026_05_168H,2026-08-23 08:00:00,85.0,60.767,500.0788,8.1856,49.0058,168,40.0,20.0,NORMAL,Synthetic / Demonstration Dataset
C1572,LOT_2026_05,MOSFET_IRFZ44N,TEST_LOT_2026_05_0H,2026-08-06 08:00:00,25.0,60.2534,500.0394,9.579,49.7576,0,40.0,20.0,NORMAL,Synthetic / Demonstration Dataset
C1572,LOT_2026_05,MOSFET_IRFZ44N,TEST_LOT_2026_05_24H,2026-08-07 08:00:00,125.0,58.9533,500.082,11.6543,50.7446,24,40.0,20.0,NORMAL,Synthetic / Demonstration Dataset
C1572,LOT_2026_05,MOSFET_IRFZ44N,TEST_LOT_2026_05_96H,2026-08-10 08:00:00,125.0,59.1107,500.1757,11.8134,50.8607,96,40.0,20.0,NORMAL,Synthetic / Demonstration Dataset
C1572,LOT_2026_05,MOSFET_IRFZ44N,TEST_LOT_2026_05_168H,2026-08-13 08:00:00,85.0,60.2404,500.0725,11.1933,50.802,168,40.0,20.0,NORMAL,Synthetic / Demonstration Dataset
C1573,LOT_2026_05,MOSFET_IRFZ44N,TEST_LOT_2026_05_0H,2026-08-08 08:00:00,25.0,59.462,500.1118,8.3151,49.8288,0,40.0,20.0,NORMAL,Synthetic / Demonstration Dataset
C1573,LOT_2026_05,MOSFET_IRFZ44N,TEST_LOT_2026_05_24H,2026-08-09 08:00:00,125.0,60.5538,500.0779,10.3921,49.4771,24,40.0,20.0,NORMAL,Synthetic / Demonstration Dataset
C1573,LOT_2026_05,MOSFET_IRFZ44N,TEST_LOT_2026_05_96H,2026-08-12 08:00:00,125.0,61.2327,500.1859,10.8746,50.2862,96,40.0,20.0,NORMAL,Synthetic / Demonstration Dataset
C1573,LOT_2026_05,MOSFET_IRFZ44N,TEST_LOT_2026_05_168H,2026-08-15 08:00:00,85.0,59.3606,500.0082,9.2436,49.5735,168,40.0,20.0,NORMAL,Synthetic / Demonstration Dataset
C1574,LOT_2026_05,MOSFET_IRFZ44N,TEST_LOT_2026_05_0H,2026-08-12 08:00:00,25.0,59.915,500.118,10.2878,50.7629,0,40.0,20.0,NORMAL,Synthetic / Demonstration Dataset
C1574,LOT_2026_05,MOSFET_IRFZ44N,TEST_LOT_2026_05_24H,2026-08-13 08:00:00,125.0,61.2213,500.2245,12.4884,51.1852,24,40.0,20.0,NORMAL,Synthetic / Demonstration Dataset
C1574,LOT_2026_05,MOSFET_IRFZ44N,TEST_LOT_2026_05_96H,2026-08-16 08:00:00,125.0,60.4183,500.1076,12.4975,50.7283,96,40.0,20.0,NORMAL,Synthetic / Demonstration Dataset
C1574,LOT_2026_05,MOSFET_IRFZ44N,TEST_LOT_2026_05_168H,2026-08-19 08:00:00,85.0,60.7299,500.1332,12.5444,50.7039,168,40.0,20.0,NORMAL,Synthetic / Demonstration Dataset
C1575,LOT_2026_05,MOSFET_IRFZ44N,TEST_LOT_2026_05_0H,2026-08-02 08:00:00,25.0,60.0643,500.0495,7.4526,48.5728,0,40.0,20.0,NORMAL,Synthetic / Demonstration Dataset
C1575,LOT_2026_05,MOSFET_IRFZ44N,TEST_LOT_2026_05_24H,2026-08-03 08:00:00,125.0,60.4399,500.1632,9.4284,49.2684,24,40.0,20.0,NORMAL,Synthetic / Demonstration Dataset
C1575,LOT_2026_05,MOSFET_IRFZ44N,TEST_LOT_2026_05_96H,2026-08-06 08:00:00,125.0,60.4554,500.1142,9.1796,50.2794,96,40.0,20.0,NORMAL,Synthetic / Demonstration Dataset
C1575,LOT_2026_05,MOSFET_IRFZ44N,TEST_LOT_2026_05_168H,2026-08-09 08:00:00,85.0,61.1089,500.1168,8.9834,49.9697,168,40.0,20.0,NORMAL,Synthetic / Demonstration Dataset
C1576,LOT_2026_05,MOSFET_IRFZ44N,TEST_LOT_2026_05_0H,2026-08-15 08:00:00,25.0,60.0086,500.1291,8.3586,49.9052,0,40.0,20.0,NORMAL,Synthetic / Demonstration Dataset
C1576,LOT_2026_05,MOSFET_IRFZ44N,TEST_LOT_2026_05_24H,2026-08-16 08:00:00,125.0,59.9501,500.1733,10.4454,49.2363,24,40.0,20.0,NORMAL,Synthetic / Demonstration Dataset
C1576,LOT_2026_05,MOSFET_IRFZ44N,TEST_LOT_2026_05_96H,2026-08-19 08:00:00,125.0,60.409,500.0995,9.8784,50.2117,96,40.0,20.0,NORMAL,Synthetic / Demonstration Dataset
C1576,LOT_2026_05,MOSFET_IRFZ44N,TEST_LOT_2026_05_168H,2026-08-22 08:00:00,85.0,60.3426,500.0577,9.8385,50.176,168,40.0,20.0,NORMAL,Synthetic / Demonstration Dataset
C1577,LOT_2026_05,MOSFET_IRFZ44N,TEST_LOT_2026_05_0H,2026-08-11 08:00:00,25.0,60.7323,500.1974,9.6766,49.9481,0,40.0,20.0,SUDDEN_DEGRADE,Synthetic / Demonstration Dataset
C1577,LOT_2026_05,MOSFET_IRFZ44N,TEST_LOT_2026_05_24H,2026-08-12 08:00:00,125.0,60.1643,500.1096,12.3345,51.6702,24,40.0,20.0,SUDDEN_DEGRADE,Synthetic / Demonstration Dataset
C1577,LOT_2026_05,MOSFET_IRFZ44N,TEST_LOT_2026_05_96H,2026-08-15 08:00:00,125.0,59.8842,500.3811,32.8594,61.1548,96,40.0,20.0,SUDDEN_DEGRADE,Synthetic / Demonstration Dataset
C1577,LOT_2026_05,MOSFET_IRFZ44N,TEST_LOT_2026_05_168H,2026-08-18 08:00:00,85.0,60.4778,500.441,48.8338,69.4121,168,40.0,20.0,SUDDEN_DEGRADE,Synthetic / Demonstration Dataset
C1578,LOT_2026_05,MOSFET_IRFZ44N,TEST_LOT_2026_05_0H,2026-08-13 08:00:00,25.0,60.5617,500.0363,7.858,48.8771,0,40.0,20.0,NORMAL,Synthetic / Demonstration Dataset
C1578,LOT_2026_05,MOSFET_IRFZ44N,TEST_LOT_2026_05_24H,2026-08-14 08:00:00,125.0,59.5727,500.1195,9.8952,49.5095,24,40.0,20.0,NORMAL,Synthetic / Demonstration Dataset
C1578,LOT_2026_05,MOSFET_IRFZ44N,TEST_LOT_2026_05_96H,2026-08-17 08:00:00,125.0,60.3403,500.0967,9.8776,49.9539,96,40.0,20.0,NORMAL,Synthetic / Demonstration Dataset
C1578,LOT_2026_05,MOSFET_IRFZ44N,TEST_LOT_2026_05_168H,2026-08-20 08:00:00,85.0,59.8317,500.139,9.4479,50.341,168,40.0,20.0,NORMAL,Synthetic / Demonstration Dataset
C1579,LOT_2026_05,MOSFET_IRFZ44N,TEST_LOT_2026_05_0H,2026-08-14 08:00:00,25.0,61.0602,500.0624,7.7564,49.7756,0,40.0,20.0,NORMAL,Synthetic / Demonstration Dataset
C1579,LOT_2026_05,MOSFET_IRFZ44N,TEST_LOT_2026_05_24H,2026-08-15 08:00:00,125.0,60.4244,500.1299,9.4781,49.5647,24,40.0,20.0,NORMAL,Synthetic / Demonstration Dataset
C1579,LOT_2026_05,MOSFET_IRFZ44N,TEST_LOT_2026_05_96H,2026-08-18 08:00:00,125.0,60.8639,500.0808,9.6938,49.659,96,40.0,20.0,NORMAL,Synthetic / Demonstration Dataset
C1579,LOT_2026_05,MOSFET_IRFZ44N,TEST_LOT_2026_05_168H,2026-08-21 08:00:00,85.0,60.9405,500.0621,8.6184,49.8492,168,40.0,20.0,NORMAL,Synthetic / Demonstration Dataset
C1580,LOT_2026_05,MOSFET_IRFZ44N,TEST_LOT_2026_05_0H,2026-08-13 08:00:00,25.0,60.7012,500.1211,8.0808,48.9376,0,40.0,20.0,NORMAL,Synthetic / Demonstration Dataset
C1580,LOT_2026_05,MOSFET_IRFZ44N,TEST_LOT_2026_05_24H,2026-08-14 08:00:00,125.0,59.6082,500.0643,9.7607,50.3597,24,40.0,20.0,NORMAL,Synthetic / Demonstration Dataset
C1580,LOT_2026_05,MOSFET_IRFZ44N,TEST_LOT_2026_05_96H,2026-08-17 08:00:00,125.0,59.3309,500.0885,10.1147,49.9984,96,40.0,20.0,NORMAL,Synthetic / Demonstration Dataset
C1580,LOT_2026_05,MOSFET_IRFZ44N,TEST_LOT_2026_05_168H,2026-08-20 08:00:00,85.0,59.8821,500.1216,8.5402,49.2082,168,40.0,20.0,NORMAL,Synthetic / Demonstration Dataset
C1581,LOT_2026_05,MOSFET_IRFZ44N,TEST_LOT_2026_05_0H,2026-08-11 08:00:00,25.0,60.2907,500.0722,8.9366,49.7971,0,40.0,20.0,NORMAL,Synthetic / Demonstration Dataset
C1581,LOT_2026_05,MOSFET_IRFZ44N,TEST_LOT_2026_05_24H,2026-08-12 08:00:00,125.0,59.0857,500.0959,11.3137,51.7052,24,40.0,20.0,NORMAL,Synthetic / Demonstration Dataset
C1581,LOT_2026_05,MOSFET_IRFZ44N,TEST_LOT_2026_05_96H,2026-08-15 08:00:00,125.0,59.9791,500.0986,11.1453,51.1461,96,40.0,20.0,NORMAL,Synthetic / Demonstration Dataset
C1581,LOT_2026_05,MOSFET_IRFZ44N,TEST_LOT_2026_05_168H,2026-08-18 08:00:00,85.0,60.5557,500.0865,10.0363,49.6807,168,40.0,20.0,NORMAL,Synthetic / Demonstration Dataset
C1582,LOT_2026_05,MOSFET_IRFZ44N,TEST_LOT_2026_05_0H,2026-08-15 08:00:00,25.0,59.9722,500.0596,8.4511,49.7263,0,40.0,20.0,NORMAL,Synthetic / Demonstration Dataset
C1582,LOT_2026_05,MOSFET_IRFZ44N,TEST_LOT_2026_05_24H,2026-08-16 08:00:00,125.0,60.084,500.1289,10.2032,50.16,24,40.0,20.0,NORMAL,Synthetic / Demonstration Dataset
C1582,LOT_2026_05,MOSFET_IRFZ44N,TEST_LOT_2026_05_96H,2026-08-19 08:00:00,125.0,59.7399,500.1389,10.7793,50.6831,96,40.0,20.0,NORMAL,Synthetic / Demonstration Dataset
C1582,LOT_2026_05,MOSFET_IRFZ44N,TEST_LOT_2026_05_168H,2026-08-22 08:00:00,85.0,58.8686,500.1289,10.3469,50.579,168,40.0,20.0,NORMAL,Synthetic / Demonstration Dataset
C1583,LOT_2026_05,MOSFET_IRFZ44N,TEST_LOT_2026_05_0H,2026-08-12 08:00:00,25.0,59.7531,500.1014,12.8822,51.1255,0,40.0,20.0,LOT_ANOMALY,Synthetic / Demonstration Dataset
C1583,LOT_2026_05,MOSFET_IRFZ44N,TEST_LOT_2026_05_24H,2026-08-13 08:00:00,125.0,60.3995,500.271,15.6871,52.5933,24,40.0,20.0,LOT_ANOMALY,Synthetic / Demonstration Dataset
C1583,LOT_2026_05,MOSFET_IRFZ44N,TEST_LOT_2026_05_96H,2026-08-16 08:00:00,125.0,60.0092,500.0842,16.4347,52.9043,96,40.0,20.0,LOT_ANOMALY,Synthetic / Demonstration Dataset
C1583,LOT_2026_05,MOSFET_IRFZ44N,TEST_LOT_2026_05_168H,2026-08-19 08:00:00,85.0,59.4636,500.2206,16.0761,52.4558,168,40.0,20.0,LOT_ANOMALY,Synthetic / Demonstration Dataset
C1584,LOT_2026_05,MOSFET_IRFZ44N,TEST_LOT_2026_05_0H,2026-08-04 08:00:00,25.0,60.8811,500.1149,9.5832,49.7297,0,40.0,20.0,NORMAL,Synthetic / Demonstration Dataset
C1584,LOT_2026_05,MOSFET_IRFZ44N,TEST_LOT_2026_05_24H,2026-08-05 08:00:00,125.0,59.7357,500.0162,11.7989,50.4588,24,40.0,20.0,NORMAL,Synthetic / Demonstration Dataset
C1584,LOT_2026_05,MOSFET_IRFZ44N,TEST_LOT_2026_05_96H,2026-08-08 08:00:00,125.0,59.4356,500.0979,11.8558,51.1435,96,40.0,20.0,NORMAL,Synthetic / Demonstration Dataset
C1584,LOT_2026_05,MOSFET_IRFZ44N,TEST_LOT_2026_05_168H,2026-08-11 08:00:00,85.0,60.6351,500.1272,11.2461,50.7819,168,40.0,20.0,NORMAL,Synthetic / Demonstration Dataset
C1585,LOT_2026_05,MOSFET_IRFZ44N,TEST_LOT_2026_05_0H,2026-08-13 08:00:00,25.0,59.2013,500.0591,7.9699,48.6577,0,40.0,20.0,NORMAL,Synthetic / Demonstration Dataset
C1585,LOT_2026_05,MOSFET_IRFZ44N,TEST_LOT_2026_05_24H,2026-08-14 08:00:00,125.0,59.3604,500.1398,9.7638,49.553,24,40.0,20.0,NORMAL,Synthetic / Demonstration Dataset
C1585,LOT_2026_05,MOSFET_IRFZ44N,TEST_LOT_2026_05_96H,2026-08-17 08:00:00,125.0,59.9879,500.1541,9.7929,50.6879,96,40.0,20.0,NORMAL,Synthetic / Demonstration Dataset
C1585,LOT_2026_05,MOSFET_IRFZ44N,TEST_LOT_2026_05_168H,2026-08-20 08:00:00,85.0,59.2309,500.0833,10.193,49.843,168,40.0,20.0,NORMAL,Synthetic / Demonstration Dataset
C1586,LOT_2026_05,MOSFET_IRFZ44N,TEST_LOT_2026_05_0H,2026-08-13 08:00:00,25.0,60.1856,500.0614,9.0525,49.2284,0,40.0,20.0,NORMAL,Synthetic / Demonstration Dataset
C1586,LOT_2026_05,MOSFET_IRFZ44N,TEST_LOT_2026_05_24H,2026-08-14 08:00:00,125.0,58.4075,500.0437,10.8636,50.8218,24,40.0,20.0,NORMAL,Synthetic / Demonstration Dataset
C1586,LOT_2026_05,MOSFET_IRFZ44N,TEST_LOT_2026_05_96H,2026-08-17 08:00:00,125.0,60.8087,500.163,11.7503,50.4198,96,40.0,20.0,NORMAL,Synthetic / Demonstration Dataset
C1586,LOT_2026_05,MOSFET_IRFZ44N,TEST_LOT_2026_05_168H,2026-08-20 08:00:00,85.0,58.9134,500.0714,10.0576,50.068,168,40.0,20.0,NORMAL,Synthetic / Demonstration Dataset
C1587,LOT_2026_05,MOSFET_IRFZ44N,TEST_LOT_2026_05_0H,2026-08-11 08:00:00,25.0,60.2587,500.1093,7.6744,48.6237,0,40.0,20.0,GRADUAL_DEGRADE,Synthetic / Demonstration Dataset
C1587,LOT_2026_05,MOSFET_IRFZ44N,TEST_LOT_2026_05_24H,2026-08-12 08:00:00,125.0,59.196,500.1413,11.9866,51.1696,24,40.0,20.0,GRADUAL_DEGRADE,Synthetic / Demonstration Dataset
C1587,LOT_2026_05,MOSFET_IRFZ44N,TEST_LOT_2026_05_96H,2026-08-15 08:00:00,125.0,61.1647,500.1855,18.0859,54.116,96,40.0,20.0,GRADUAL_DEGRADE,Synthetic / Demonstration Dataset
C1587,LOT_2026_05,MOSFET_IRFZ44N,TEST_LOT_2026_05_168H,2026-08-18 08:00:00,85.0,59.4213,500.321,22.3388,55.7217,168,40.0,20.0,GRADUAL_DEGRADE,Synthetic / Demonstration Dataset
C1588,LOT_2026_05,MOSFET_IRFZ44N,TEST_LOT_2026_05_0H,2026-08-06 08:00:00,25.0,59.574,500.0857,7.9224,48.4828,0,40.0,20.0,NORMAL,Synthetic / Demonstration Dataset
C1588,LOT_2026_05,MOSFET_IRFZ44N,TEST_LOT_2026_05_24H,2026-08-07 08:00:00,125.0,60.5081,500.1252,9.8479,49.1282,24,40.0,20.0,NORMAL,Synthetic / Demonstration Dataset
C1588,LOT_2026_05,MOSFET_IRFZ44N,TEST_LOT_2026_05_96H,2026-08-10 08:00:00,125.0,60.5624,500.1438,10.2251,50.2803,96,40.0,20.0,NORMAL,Synthetic / Demonstration Dataset
C1588,LOT_2026_05,MOSFET_IRFZ44N,TEST_LOT_2026_05_168H,2026-08-13 08:00:00,85.0,60.6194,500.1904,9.4197,49.281,168,40.0,20.0,NORMAL,Synthetic / Demonstration Dataset
C1589,LOT_2026_05,MOSFET_IRFZ44N,TEST_LOT_2026_05_0H,2026-08-04 08:00:00,25.0,59.9483,500.0911,9.7603,49.1887,0,40.0,20.0,NORMAL,Synthetic / Demonstration Dataset
C1589,LOT_2026_05,MOSFET_IRFZ44N,TEST_LOT_2026_05_24H,2026-08-05 08:00:00,125.0,59.4016,500.0956,11.884,50.4478,24,40.0,20.0,NORMAL,Synthetic / Demonstration Dataset
C1589,LOT_2026_05,MOSFET_IRFZ44N,TEST_LOT_2026_05_96H,2026-08-08 08:00:00,125.0,59.7563,500.1239,11.9107,50.2287,96,40.0,20.0,NORMAL,Synthetic / Demonstration Dataset
C1589,LOT_2026_05,MOSFET_IRFZ44N,TEST_LOT_2026_05_168H,2026-08-11 08:00:00,85.0,60.2171,500.0674,10.7319,50.8495,168,40.0,20.0,NORMAL,Synthetic / Demonstration Dataset
C1590,LOT_2026_05,MOSFET_IRFZ44N,TEST_LOT_2026_05_0H,2026-08-07 08:00:00,25.0,60.3641,500.1596,8.9074,49.3143,0,40.0,20.0,NORMAL,Synthetic / Demonstration Dataset
C1590,LOT_2026_05,MOSFET_IRFZ44N,TEST_LOT_2026_05_24H,2026-08-08 08:00:00,125.0,60.523,500.1334,10.791,50.3112,24,40.0,20.0,NORMAL,Synthetic / Demonstration Dataset
C1590,LOT_2026_05,MOSFET_IRFZ44N,TEST_LOT_2026_05_96H,2026-08-11 08:00:00,125.0,59.8727,500.1171,11.5498,50.7845,96,40.0,20.0,NORMAL,Synthetic / Demonstration Dataset
C1590,LOT_2026_05,MOSFET_IRFZ44N,TEST_LOT_2026_05_168H,2026-08-14 08:00:00,85.0,60.0466,500.1699,10.0056,50.203,168,40.0,20.0,NORMAL,Synthetic / Demonstration Dataset
C1591,LOT_2026_05,MOSFET_IRFZ44N,TEST_LOT_2026_05_0H,2026-08-12 08:00:00,25.0,59.9029,500.1037,8.7132,49.694,0,40.0,20.0,SUDDEN_DEGRADE,Synthetic / Demonstration Dataset
C1591,LOT_2026_05,MOSFET_IRFZ44N,TEST_LOT_2026_05_24H,2026-08-13 08:00:00,125.0,59.6571,500.1684,12.0055,51.1741,24,40.0,20.0,SUDDEN_DEGRADE,Synthetic / Demonstration Dataset
C1591,LOT_2026_05,MOSFET_IRFZ44N,TEST_LOT_2026_05_96H,2026-08-16 08:00:00,125.0,60.9274,500.1696,27.7708,59.1026,96,40.0,20.0,SUDDEN_DEGRADE,Synthetic / Demonstration Dataset
C1591,LOT_2026_05,MOSFET_IRFZ44N,TEST_LOT_2026_05_168H,2026-08-19 08:00:00,85.0,60.1773,500.5644,55.5113,72.7762,168,40.0,20.0,SUDDEN_DEGRADE,Synthetic / Demonstration Dataset
C1592,LOT_2026_05,MOSFET_IRFZ44N,TEST_LOT_2026_05_0H,2026-08-05 08:00:00,25.0,59.0087,500.035,8.5123,49.7611,0,40.0,20.0,NORMAL,Synthetic / Demonstration Dataset
C1592,LOT_2026_05,MOSFET_IRFZ44N,TEST_LOT_2026_05_24H,2026-08-06 08:00:00,125.0,61.1456,500.0537,10.5577,50.2651,24,40.0,20.0,NORMAL,Synthetic / Demonstration Dataset
C1592,LOT_2026_05,MOSFET_IRFZ44N,TEST_LOT_2026_05_96H,2026-08-09 08:00:00,125.0,59.6605,500.0857,10.9936,50.3648,96,40.0,20.0,NORMAL,Synthetic / Demonstration Dataset
C1592,LOT_2026_05,MOSFET_IRFZ44N,TEST_LOT_2026_05_168H,2026-08-12 08:00:00,85.0,60.3191,500.0088,9.7823,50.6304,168,40.0,20.0,NORMAL,Synthetic / Demonstration Dataset
C1593,LOT_2026_05,MOSFET_IRFZ44N,TEST_LOT_2026_05_0H,2026-08-05 08:00:00,25.0,58.7297,500.0767,7.7225,48.6914,0,40.0,20.0,NORMAL,Synthetic / Demonstration Dataset
C1593,LOT_2026_05,MOSFET_IRFZ44N,TEST_LOT_2026_05_24H,2026-08-06 08:00:00,125.0,60.1875,500.1269,9.4643,50.4911,24,40.0,20.0,NORMAL,Synthetic / Demonstration Dataset
C1593,LOT_2026_05,MOSFET_IRFZ44N,TEST_LOT_2026_05_96H,2026-08-09 08:00:00,125.0,60.4646,500.1292,9.3785,48.5009,96,40.0,20.0,NORMAL,Synthetic / Demonstration Dataset
C1593,LOT_2026_05,MOSFET_IRFZ44N,TEST_LOT_2026_05_168H,2026-08-12 08:00:00,85.0,59.2278,500.1096,8.7239,49.514,168,40.0,20.0,NORMAL,Synthetic / Demonstration Dataset
C1594,LOT_2026_05,MOSFET_IRFZ44N,TEST_LOT_2026_05_0H,2026-08-06 08:00:00,25.0,59.8166,500.0802,9.0401,49.5072,0,40.0,20.0,NORMAL,Synthetic / Demonstration Dataset
C1594,LOT_2026_05,MOSFET_IRFZ44N,TEST_LOT_2026_05_24H,2026-08-07 08:00:00,125.0,60.4663,500.0564,10.9918,50.1441,24,40.0,20.0,NORMAL,Synthetic / Demonstration Dataset
C1594,LOT_2026_05,MOSFET_IRFZ44N,TEST_LOT_2026_05_96H,2026-08-10 08:00:00,125.0,59.7792,500.0571,11.2518,50.8653,96,40.0,20.0,NORMAL,Synthetic / Demonstration Dataset
C1594,LOT_2026_05,MOSFET_IRFZ44N,TEST_LOT_2026_05_168H,2026-08-13 08:00:00,85.0,59.4932,500.0944,10.3165,49.7563,168,40.0,20.0,NORMAL,Synthetic / Demonstration Dataset
C1595,LOT_2026_05,MOSFET_IRFZ44N,TEST_LOT_2026_05_0H,2026-08-03 08:00:00,25.0,59.7842,500.0609,8.648,49.0961,0,40.0,20.0,NORMAL,Synthetic / Demonstration Dataset
C1595,LOT_2026_05,MOSFET_IRFZ44N,TEST_LOT_2026_05_24H,2026-08-04 08:00:00,125.0,60.2215,500.0231,10.8565,50.8256,24,40.0,20.0,NORMAL,Synthetic / Demonstration Dataset
C1595,LOT_2026_05,MOSFET_IRFZ44N,TEST_LOT_2026_05_96H,2026-08-07 08:00:00,125.0,60.2745,500.1536,10.9235,50.4685,96,40.0,20.0,NORMAL,Synthetic / Demonstration Dataset
C1595,LOT_2026_05,MOSFET_IRFZ44N,TEST_LOT_2026_05_168H,2026-08-10 08:00:00,85.0,59.7213,500.1465,10.4115,50.3039,168,40.0,20.0,NORMAL,Synthetic / Demonstration Dataset
C1596,LOT_2026_05,MOSFET_IRFZ44N,TEST_LOT_2026_05_0H,2026-08-16 08:00:00,25.0,60.6218,500.0666,7.3052,48.5319,0,40.0,20.0,NORMAL,Synthetic / Demonstration Dataset
C1596,LOT_2026_05,MOSFET_IRFZ44N,TEST_LOT_2026_05_24H,2026-08-17 08:00:00,125.0,59.7784,500.1005,8.9,49.0056,24,40.0,20.0,NORMAL,Synthetic / Demonstration Dataset
C1596,LOT_2026_05,MOSFET_IRFZ44N,TEST_LOT_2026_05_96H,2026-08-20 08:00:00,125.0,59.3613,500.1047,8.5615,49.2079,96,40.0,20.0,NORMAL,Synthetic / Demonstration Dataset
C1596,LOT_2026_05,MOSFET_IRFZ44N,TEST_LOT_2026_05_168H,2026-08-23 08:00:00,85.0,59.9611,500.1334,9.1285,49.2525,168,40.0,20.0,NORMAL,Synthetic / Demonstration Dataset
C1597,LOT_2026_05,MOSFET_IRFZ44N,TEST_LOT_2026_05_0H,2026-08-15 08:00:00,25.0,60.0057,500.0751,8.247,49.0153,0,40.0,20.0,NORMAL,Synthetic / Demonstration Dataset
C1597,LOT_2026_05,MOSFET_IRFZ44N,TEST_LOT_2026_05_24H,2026-08-16 08:00:00,125.0,59.0487,500.1308,9.9271,50.1972,24,40.0,20.0,NORMAL,Synthetic / Demonstration Dataset
C1597,LOT_2026_05,MOSFET_IRFZ44N,TEST_LOT_2026_05_96H,2026-08-19 08:00:00,125.0,60.2273,500.092,10.0354,50.5155,96,40.0,20.0,NORMAL,Synthetic / Demonstration Dataset
C1597,LOT_2026_05,MOSFET_IRFZ44N,TEST_LOT_2026_05_168H,2026-08-22 08:00:00,85.0,59.924,500.0806,9.0968,49.6209,168,40.0,20.0,NORMAL,Synthetic / Demonstration Dataset
C1598,LOT_2026_05,MOSFET_IRFZ44N,TEST_LOT_2026_05_0H,2026-08-11 08:00:00,25.0,59.9258,500.1393,10.2193,50.0431,0,40.0,20.0,NORMAL,Synthetic / Demonstration Dataset
C1598,LOT_2026_05,MOSFET_IRFZ44N,TEST_LOT_2026_05_24H,2026-08-12 08:00:00,125.0,60.4517,500.1109,12.7602,51.1977,24,40.0,20.0,NORMAL,Synthetic / Demonstration Dataset
C1598,LOT_2026_05,MOSFET_IRFZ44N,TEST_LOT_2026_05_96H,2026-08-15 08:00:00,125.0,59.6068,500.1375,12.7985,51.2391,96,40.0,20.0,NORMAL,Synthetic / Demonstration Dataset
C1598,LOT_2026_05,MOSFET_IRFZ44N,TEST_LOT_2026_05_168H,2026-08-18 08:00:00,85.0,59.9034,500.086,12.0585,51.5267,168,40.0,20.0,NORMAL,Synthetic / Demonstration Dataset
C1599,LOT_2026_05,MOSFET_IRFZ44N,TEST_LOT_2026_05_0H,2026-08-11 08:00:00,25.0,59.9678,500.1102,8.9217,48.7088,0,40.0,20.0,GRADUAL_DEGRADE,Synthetic / Demonstration Dataset
C1599,LOT_2026_05,MOSFET_IRFZ44N,TEST_LOT_2026_05_24H,2026-08-12 08:00:00,125.0,61.2541,500.0288,13.5095,51.769,24,40.0,20.0,GRADUAL_DEGRADE,Synthetic / Demonstration Dataset
C1599,LOT_2026_05,MOSFET_IRFZ44N,TEST_LOT_2026_05_96H,2026-08-15 08:00:00,125.0,60.6262,500.2098,20.3715,54.4791,96,40.0,20.0,GRADUAL_DEGRADE,Synthetic / Demonstration Dataset
C1599,LOT_2026_05,MOSFET_IRFZ44N,TEST_LOT_2026_05_168H,2026-08-18 08:00:00,85.0,60.1568,500.2374,30.7851,60.5163,168,40.0,20.0,GRADUAL_DEGRADE,Synthetic / Demonstration Dataset
C1600,LOT_2026_05,MOSFET_IRFZ44N,TEST_LOT_2026_05_0H,2026-08-03 08:00:00,25.0,60.7771,500.0638,7.1901,49.1329,0,40.0,20.0,NORMAL,Synthetic / Demonstration Dataset
C1600,LOT_2026_05,MOSFET_IRFZ44N,TEST_LOT_2026_05_24H,2026-08-04 08:00:00,125.0,60.1613,500.098,8.7528,49.3561,24,40.0,20.0,NORMAL,Synthetic / Demonstration Dataset
C1600,LOT_2026_05,MOSFET_IRFZ44N,TEST_LOT_2026_05_96H,2026-08-07 08:00:00,125.0,60.2355,500.042,8.8323,48.8719,96,40.0,20.0,NORMAL,Synthetic / Demonstration Dataset
C1600,LOT_2026_05,MOSFET_IRFZ44N,TEST_LOT_2026_05_168H,2026-08-10 08:00:00,85.0,60.4363,500.0939,9.0577,50.2781,168,40.0,20.0,NORMAL,Synthetic / Demonstration Dataset
C1601,LOT_2026_06,MOSFET_IRFZ44N,TEST_LOT_2026_06_0H,2026-08-10 08:00:00,25.0,60.1053,500.0407,9.1888,50.426,0,40.0,20.0,NORMAL,Synthetic / Demonstration Dataset
C1601,LOT_2026_06,MOSFET_IRFZ44N,TEST_LOT_2026_06_24H,2026-08-11 08:00:00,125.0,59.9274,500.1514,11.5044,50.5705,24,40.0,20.0,NORMAL,Synthetic / Demonstration Dataset
C1601,LOT_2026_06,MOSFET_IRFZ44N,TEST_LOT_2026_06_96H,2026-08-14 08:00:00,125.0,58.5654,500.0659,11.6851,51.2832,96,40.0,20.0,NORMAL,Synthetic / Demonstration Dataset
C1601,LOT_2026_06,MOSFET_IRFZ44N,TEST_LOT_2026_06_168H,2026-08-17 08:00:00,85.0,60.1245,500.0389,10.6276,51.1454,168,40.0,20.0,NORMAL,Synthetic / Demonstration Dataset
C1602,LOT_2026_06,MOSFET_IRFZ44N,TEST_LOT_2026_06_0H,2026-08-02 08:00:00,25.0,60.7143,500.1106,12.0661,50.8509,0,40.0,20.0,LOT_ANOMALY,Synthetic / Demonstration Dataset
C1602,LOT_2026_06,MOSFET_IRFZ44N,TEST_LOT_2026_06_24H,2026-08-03 08:00:00,125.0,61.1895,500.2022,15.45,53.7023,24,40.0,20.0,LOT_ANOMALY,Synthetic / Demonstration Dataset
C1602,LOT_2026_06,MOSFET_IRFZ44N,TEST_LOT_2026_06_96H,2026-08-06 08:00:00,125.0,59.5084,500.0929,15.2366,52.8171,96,40.0,20.0,LOT_ANOMALY,Synthetic / Demonstration Dataset
C1602,LOT_2026_06,MOSFET_IRFZ44N,TEST_LOT_2026_06_168H,2026-08-09 08:00:00,85.0,59.9088,500.1934,15.2924,53.2007,168,40.0,20.0,LOT_ANOMALY,Synthetic / Demonstration Dataset
C1603,LOT_2026_06,MOSFET_IRFZ44N,TEST_LOT_2026_06_0H,2026-08-03 08:00:00,25.0,59.6418,500.1044,6.3405,47.9597,0,40.0,20.0,NORMAL,Synthetic / Demonstration Dataset
C1603,LOT_2026_06,MOSFET_IRFZ44N,TEST_LOT_2026_06_24H,2026-08-04 08:00:00,125.0,60.6111,500.0121,7.657,48.6928,24,40.0,20.0,NORMAL,Synthetic / Demonstration Dataset
C1603,LOT_2026_06,MOSFET_IRFZ44N,TEST_LOT_2026_06_96H,2026-08-07 08:00:00,125.0,59.6557,500.12,8.0869,48.7874,96,40.0,20.0,NORMAL,Synthetic / Demonstration Dataset
C1603,LOT_2026_06,MOSFET_IRFZ44N,TEST_LOT_2026_06_168H,2026-08-10 08:00:00,85.0,59.9246,500.1154,8.1804,49.4259,168,40.0,20.0,NORMAL,Synthetic / Demonstration Dataset
C1604,LOT_2026_06,MOSFET_IRFZ44N,TEST_LOT_2026_06_0H,2026-08-15 08:00:00,25.0,58.7679,500.0904,7.2386,48.6518,0,40.0,20.0,NORMAL,Synthetic / Demonstration Dataset
C1604,LOT_2026_06,MOSFET_IRFZ44N,TEST_LOT_2026_06_24H,2026-08-16 08:00:00,125.0,59.8641,500.0691,9.0597,50.4337,24,40.0,20.0,NORMAL,Synthetic / Demonstration Dataset
C1604,LOT_2026_06,MOSFET_IRFZ44N,TEST_LOT_2026_06_96H,2026-08-19 08:00:00,125.0,60.4404,500.0564,8.5162,49.107,96,40.0,20.0,NORMAL,Synthetic / Demonstration Dataset
C1604,LOT_2026_06,MOSFET_IRFZ44N,TEST_LOT_2026_06_168H,2026-08-22 08:00:00,85.0,59.5179,500.1127,8.4131,49.8324,168,40.0,20.0,NORMAL,Synthetic / Demonstration Dataset
C1605,LOT_2026_06,MOSFET_IRFZ44N,TEST_LOT_2026_06_0H,2026-08-12 08:00:00,25.0,60.062,500.034,8.3361,49.4006,0,40.0,20.0,NORMAL,Synthetic / Demonstration Dataset
C1605,LOT_2026_06,MOSFET_IRFZ44N,TEST_LOT_2026_06_24H,2026-08-13 08:00:00,125.0,59.7716,500.0888,10.7609,50.128,24,40.0,20.0,NORMAL,Synthetic / Demonstration Dataset
C1605,LOT_2026_06,MOSFET_IRFZ44N,TEST_LOT_2026_06_96H,2026-08-16 08:00:00,125.0,58.3528,500.1221,10.1872,49.7131,96,40.0,20.0,NORMAL,Synthetic / Demonstration Dataset
C1605,LOT_2026_06,MOSFET_IRFZ44N,TEST_LOT_2026_06_168H,2026-08-19 08:00:00,85.0,60.4519,500.0365,9.0631,49.3791,168,40.0,20.0,NORMAL,Synthetic / Demonstration Dataset
C1606,LOT_2026_06,MOSFET_IRFZ44N,TEST_LOT_2026_06_0H,2026-08-03 08:00:00,25.0,60.8799,500.0502,12.0661,50.3434,0,40.0,20.0,LOT_ANOMALY,Synthetic / Demonstration Dataset
C1606,LOT_2026_06,MOSFET_IRFZ44N,TEST_LOT_2026_06_24H,2026-08-04 08:00:00,125.0,60.6897,500.073,15.1763,52.7716,24,40.0,20.0,LOT_ANOMALY,Synthetic / Demonstration Dataset
C1606,LOT_2026_06,MOSFET_IRFZ44N,TEST_LOT_2026_06_96H,2026-08-07 08:00:00,125.0,58.7645,500.1995,15.9582,53.3736,96,40.0,20.0,LOT_ANOMALY,Synthetic / Demonstration Dataset
C1606,LOT_2026_06,MOSFET_IRFZ44N,TEST_LOT_2026_06_168H,2026-08-10 08:00:00,85.0,60.7514,500.207,15.0195,52.5561,168,40.0,20.0,LOT_ANOMALY,Synthetic / Demonstration Dataset
C1607,LOT_2026_06,MOSFET_IRFZ44N,TEST_LOT_2026_06_0H,2026-08-03 08:00:00,25.0,59.4163,500.0723,7.4147,48.9637,0,40.0,20.0,NORMAL,Synthetic / Demonstration Dataset
C1607,LOT_2026_06,MOSFET_IRFZ44N,TEST_LOT_2026_06_24H,2026-08-04 08:00:00,125.0,58.6815,500.154,9.0598,49.6155,24,40.0,20.0,NORMAL,Synthetic / Demonstration Dataset
C1607,LOT_2026_06,MOSFET_IRFZ44N,TEST_LOT_2026_06_96H,2026-08-07 08:00:00,125.0,60.5143,500.1674,9.1209,48.2996,96,40.0,20.0,NORMAL,Synthetic / Demonstration Dataset
C1607,LOT_2026_06,MOSFET_IRFZ44N,TEST_LOT_2026_06_168H,2026-08-10 08:00:00,85.0,59.144,500.1144,8.947,49.5311,168,40.0,20.0,NORMAL,Synthetic / Demonstration Dataset
C1608,LOT_2026_06,MOSFET_IRFZ44N,TEST_LOT_2026_06_0H,2026-08-13 08:00:00,25.0,59.7005,499.9914,8.5018,49.0483,0,40.0,20.0,NORMAL,Synthetic / Demonstration Dataset
C1608,LOT_2026_06,MOSFET_IRFZ44N,TEST_LOT_2026_06_24H,2026-08-14 08:00:00,125.0,60.6092,500.0468,10.5399,50.7321,24,40.0,20.0,NORMAL,Synthetic / Demonstration Dataset
C1608,LOT_2026_06,MOSFET_IRFZ44N,TEST_LOT_2026_06_96H,2026-08-17 08:00:00,125.0,60.2175,500.0778,10.329,50.2465,96,40.0,20.0,NORMAL,Synthetic / Demonstration Dataset
C1608,LOT_2026_06,MOSFET_IRFZ44N,TEST_LOT_2026_06_168H,2026-08-20 08:00:00,85.0,59.2638,500.0697,10.3696,50.268,168,40.0,20.0,NORMAL,Synthetic / Demonstration Dataset
C1609,LOT_2026_06,MOSFET_IRFZ44N,TEST_LOT_2026_06_0H,2026-08-02 08:00:00,25.0,59.4821,500.2047,10.2677,51.0358,0,40.0,20.0,NORMAL,Synthetic / Demonstration Dataset
C1609,LOT_2026_06,MOSFET_IRFZ44N,TEST_LOT_2026_06_24H,2026-08-03 08:00:00,125.0,59.8211,500.0908,12.5379,51.2383,24,40.0,20.0,NORMAL,Synthetic / Demonstration Dataset
C1609,LOT_2026_06,MOSFET_IRFZ44N,TEST_LOT_2026_06_96H,2026-08-06 08:00:00,125.0,59.9543,500.1966,12.1748,50.8124,96,40.0,20.0,NORMAL,Synthetic / Demonstration Dataset
C1609,LOT_2026_06,MOSFET_IRFZ44N,TEST_LOT_2026_06_168H,2026-08-09 08:00:00,85.0,58.9793,500.1371,11.84,51.039,168,40.0,20.0,NORMAL,Synthetic / Demonstration Dataset
C1610,LOT_2026_06,MOSFET_IRFZ44N,TEST_LOT_2026_06_0H,2026-08-07 08:00:00,25.0,59.8699,500.0647,7.9298,49.1908,0,40.0,20.0,NORMAL,Synthetic / Demonstration Dataset
C1610,LOT_2026_06,MOSFET_IRFZ44N,TEST_LOT_2026_06_24H,2026-08-08 08:00:00,125.0,60.189,500.1082,9.7489,50.38,24,40.0,20.0,NORMAL,Synthetic / Demonstration Dataset
C1610,LOT_2026_06,MOSFET_IRFZ44N,TEST_LOT_2026_06_96H,2026-08-11 08:00:00,125.0,60.1157,500.1771,10.1195,50.2489,96,40.0,20.0,NORMAL,Synthetic / Demonstration Dataset
C1610,LOT_2026_06,MOSFET_IRFZ44N,TEST_LOT_2026_06_168H,2026-08-14 08:00:00,85.0,60.3642,500.007,9.914,50.5442,168,40.0,20.0,NORMAL,Synthetic / Demonstration Dataset
C1611,LOT_2026_06,MOSFET_IRFZ44N,TEST_LOT_2026_06_0H,2026-08-16 08:00:00,25.0,59.9688,500.0941,8.0013,48.8454,0,40.0,20.0,NORMAL,Synthetic / Demonstration Dataset
C1611,LOT_2026_06,MOSFET_IRFZ44N,TEST_LOT_2026_06_24H,2026-08-17 08:00:00,125.0,59.6449,500.1627,9.896,49.8969,24,40.0,20.0,NORMAL,Synthetic / Demonstration Dataset
C1611,LOT_2026_06,MOSFET_IRFZ44N,TEST_LOT_2026_06_96H,2026-08-20 08:00:00,125.0,59.445,500.1117,9.8238,49.9961,96,40.0,20.0,NORMAL,Synthetic / Demonstration Dataset
C1611,LOT_2026_06,MOSFET_IRFZ44N,TEST_LOT_2026_06_168H,2026-08-23 08:00:00,85.0,59.3836,500.0158,9.5835,50.0732,168,40.0,20.0,NORMAL,Synthetic / Demonstration Dataset
C1612,LOT_2026_06,MOSFET_IRFZ44N,TEST_LOT_2026_06_0H,2026-08-02 08:00:00,25.0,59.3842,500.173,9.3508,49.8031,0,40.0,20.0,NORMAL,Synthetic / Demonstration Dataset
C1612,LOT_2026_06,MOSFET_IRFZ44N,TEST_LOT_2026_06_24H,2026-08-03 08:00:00,125.0,59.7615,500.0454,11.4592,51.1741,24,40.0,20.0,NORMAL,Synthetic / Demonstration Dataset
C1612,LOT_2026_06,MOSFET_IRFZ44N,TEST_LOT_2026_06_96H,2026-08-06 08:00:00,125.0,59.5321,500.1626,11.3017,49.8035,96,40.0,20.0,NORMAL,Synthetic / Demonstration Dataset
C1612,LOT_2026_06,MOSFET_IRFZ44N,TEST_LOT_2026_06_168H,2026-08-09 08:00:00,85.0,59.9891,500.117,10.2383,50.3373,168,40.0,20.0,NORMAL,Synthetic / Demonstration Dataset
C1613,LOT_2026_06,MOSFET_IRFZ44N,TEST_LOT_2026_06_0H,2026-08-11 08:00:00,25.0,61.5182,500.0642,7.5643,48.6783,0,40.0,20.0,NORMAL,Synthetic / Demonstration Dataset
C1613,LOT_2026_06,MOSFET_IRFZ44N,TEST_LOT_2026_06_24H,2026-08-12 08:00:00,125.0,60.0743,500.122,9.1259,50.1046,24,40.0,20.0,NORMAL,Synthetic / Demonstration Dataset
C1613,LOT_2026_06,MOSFET_IRFZ44N,TEST_LOT_2026_06_96H,2026-08-15 08:00:00,125.0,59.8524,500.1113,8.901,49.7147,96,40.0,20.0,NORMAL,Synthetic / Demonstration Dataset
C1613,LOT_2026_06,MOSFET_IRFZ44N,TEST_LOT_2026_06_168H,2026-08-18 08:00:00,85.0,60.3255,500.0488,8.923,50.1625,168,40.0,20.0,NORMAL,Synthetic / Demonstration Dataset
C1614,LOT_2026_06,MOSFET_IRFZ44N,TEST_LOT_2026_06_0H,2026-08-03 08:00:00,25.0,60.5956,500.4528,39.6195,64.2953,0,40.0,20.0,SEVERE_FAILURE,Synthetic / Demonstration Dataset
C1614,LOT_2026_06,MOSFET_IRFZ44N,TEST_LOT_2026_06_24H,2026-08-04 08:00:00,125.0,59.7635,500.5483,61.8064,75.8739,24,40.0,20.0,SEVERE_FAILURE,Synthetic / Demonstration Dataset
C1614,LOT_2026_06,MOSFET_IRFZ44N,TEST_LOT_2026_06_96H,2026-08-07 08:00:00,125.0,60.269,500.7898,85.5782,87.9627,96,40.0,20.0,SEVERE_FAILURE,Synthetic / Demonstration Dataset
C1614,LOT_2026_06,MOSFET_IRFZ44N,TEST_LOT_2026_06_168H,2026-08-10 08:00:00,85.0,60.3835,501.142,110.9346,100.6718,168,40.0,20.0,SEVERE_FAILURE,Synthetic / Demonstration Dataset
C1615,LOT_2026_06,MOSFET_IRFZ44N,TEST_LOT_2026_06_0H,2026-08-06 08:00:00,25.0,59.9271,500.084,6.6376,48.9763,0,40.0,20.0,NORMAL,Synthetic / Demonstration Dataset
C1615,LOT_2026_06,MOSFET_IRFZ44N,TEST_LOT_2026_06_24H,2026-08-07 08:00:00,125.0,60.2553,500.0355,8.2057,48.5832,24,40.0,20.0,NORMAL,Synthetic / Demonstration Dataset
C1615,LOT_2026_06,MOSFET_IRFZ44N,TEST_LOT_2026_06_96H,2026-08-10 08:00:00,125.0,59.7478,500.1817,7.8632,48.7507,96,40.0,20.0,NORMAL,Synthetic / Demonstration Dataset
C1615,LOT_2026_06,MOSFET_IRFZ44N,TEST_LOT_2026_06_168H,2026-08-13 08:00:00,85.0,60.3343,500.0259,8.0455,48.8269,168,40.0,20.0,NORMAL,Synthetic / Demonstration Dataset
C1616,LOT_2026_06,MOSFET_IRFZ44N,TEST_LOT_2026_06_0H,2026-08-15 08:00:00,25.0,60.257,499.9852,8.4905,49.5128,0,40.0,20.0,NORMAL,Synthetic / Demonstration Dataset
C1616,LOT_2026_06,MOSFET_IRFZ44N,TEST_LOT_2026_06_24H,2026-08-16 08:00:00,125.0,59.6851,500.1232,10.2964,50.8335,24,40.0,20.0,NORMAL,Synthetic / Demonstration Dataset
C1616,LOT_2026_06,MOSFET_IRFZ44N,TEST_LOT_2026_06_96H,2026-08-19 08:00:00,125.0,60.7074,500.0327,10.4765,50.2971,96,40.0,20.0,NORMAL,Synthetic / Demonstration Dataset
C1616,LOT_2026_06,MOSFET_IRFZ44N,TEST_LOT_2026_06_168H,2026-08-22 08:00:00,85.0,60.1692,500.0823,9.715,49.254,168,40.0,20.0,NORMAL,Synthetic / Demonstration Dataset
C1617,LOT_2026_06,MOSFET_IRFZ44N,TEST_LOT_2026_06_0H,2026-08-06 08:00:00,25.0,59.4676,500.4682,47.4542,68.4791,0,40.0,20.0,SEVERE_FAILURE,Synthetic / Demonstration Dataset
C1617,LOT_2026_06,MOSFET_IRFZ44N,TEST_LOT_2026_06_24H,2026-08-07 08:00:00,125.0,59.1483,500.6974,74.0286,82.1035,24,40.0,20.0,SEVERE_FAILURE,Synthetic / Demonstration Dataset
C1617,LOT_2026_06,MOSFET_IRFZ44N,TEST_LOT_2026_06_96H,2026-08-10 08:00:00,125.0,60.1952,501.0324,102.5011,96.1148,96,40.0,20.0,SEVERE_FAILURE,Synthetic / Demonstration Dataset
C1617,LOT_2026_06,MOSFET_IRFZ44N,TEST_LOT_2026_06_168H,2026-08-13 08:00:00,85.0,60.5598,501.3319,132.8718,111.7524,168,40.0,20.0,SEVERE_FAILURE,Synthetic / Demonstration Dataset
C1618,LOT_2026_06,MOSFET_IRFZ44N,TEST_LOT_2026_06_0H,2026-08-10 08:00:00,25.0,57.6466,500.0751,6.0923,47.405,0,40.0,20.0,NORMAL,Synthetic / Demonstration Dataset
C1618,LOT_2026_06,MOSFET_IRFZ44N,TEST_LOT_2026_06_24H,2026-08-11 08:00:00,125.0,59.8187,500.1544,7.4998,48.9299,24,40.0,20.0,NORMAL,Synthetic / Demonstration Dataset
C1618,LOT_2026_06,MOSFET_IRFZ44N,TEST_LOT_2026_06_96H,2026-08-14 08:00:00,125.0,60.5022,500.0957,7.7305,48.6593,96,40.0,20.0,NORMAL,Synthetic / Demonstration Dataset
C1618,LOT_2026_06,MOSFET_IRFZ44N,TEST_LOT_2026_06_168H,2026-08-17 08:00:00,85.0,59.3341,500.0937,7.7514,48.1793,168,40.0,20.0,NORMAL,Synthetic / Demonstration Dataset
C1619,LOT_2026_06,MOSFET_IRFZ44N,TEST_LOT_2026_06_0H,2026-08-11 08:00:00,25.0,60.1158,500.1645,8.0701,48.3308,0,40.0,20.0,NORMAL,Synthetic / Demonstration Dataset
C1619,LOT_2026_06,MOSFET_IRFZ44N,TEST_LOT_2026_06_24H,2026-08-12 08:00:00,125.0,60.4936,500.1146,9.7799,49.9711,24,40.0,20.0,NORMAL,Synthetic / Demonstration Dataset
C1619,LOT_2026_06,MOSFET_IRFZ44N,TEST_LOT_2026_06_96H,2026-08-15 08:00:00,125.0,59.6455,500.1593,9.6999,49.8268,96,40.0,20.0,NORMAL,Synthetic / Demonstration Dataset
C1619,LOT_2026_06,MOSFET_IRFZ44N,TEST_LOT_2026_06_168H,2026-08-18 08:00:00,85.0,59.9309,500.0374,9.6546,50.2475,168,40.0,20.0,NORMAL,Synthetic / Demonstration Dataset
C1620,LOT_2026_06,MOSFET_IRFZ44N,TEST_LOT_2026_06_0H,2026-08-02 08:00:00,25.0,61.3834,500.0329,8.3693,49.5548,0,40.0,20.0,NORMAL,Synthetic / Demonstration Dataset
C1620,LOT_2026_06,MOSFET_IRFZ44N,TEST_LOT_2026_06_24H,2026-08-03 08:00:00,125.0,60.0944,500.1485,9.9684,49.0518,24,40.0,20.0,NORMAL,Synthetic / Demonstration Dataset
C1620,LOT_2026_06,MOSFET_IRFZ44N,TEST_LOT_2026_06_96H,2026-08-06 08:00:00,125.0,59.6621,500.0682,10.3294,50.3381,96,40.0,20.0,NORMAL,Synthetic / Demonstration Dataset
C1620,LOT_2026_06,MOSFET_IRFZ44N,TEST_LOT_2026_06_168H,2026-08-09 08:00:00,85.0,59.92,500.1135,10.3237,50.2133,168,40.0,20.0,NORMAL,Synthetic / Demonstration Dataset
C1621,LOT_2026_06,MOSFET_IRFZ44N,TEST_LOT_2026_06_0H,2026-08-11 08:00:00,25.0,60.0011,500.0662,12.0661,51.5319,0,40.0,20.0,LOT_ANOMALY,Synthetic / Demonstration Dataset
C1621,LOT_2026_06,MOSFET_IRFZ44N,TEST_LOT_2026_06_24H,2026-08-12 08:00:00,125.0,60.2369,500.1115,15.1856,52.3862,24,40.0,20.0,LOT_ANOMALY,Synthetic / Demonstration Dataset
C1621,LOT_2026_06,MOSFET_IRFZ44N,TEST_LOT_2026_06_96H,2026-08-15 08:00:00,125.0,59.0795,500.0715,15.5948,52.5271,96,40.0,20.0,LOT_ANOMALY,Synthetic / Demonstration Dataset
C1621,LOT_2026_06,MOSFET_IRFZ44N,TEST_LOT_2026_06_168H,2026-08-18 08:00:00,85.0,59.6081,500.1039,15.4867,52.3767,168,40.0,20.0,LOT_ANOMALY,Synthetic / Demonstration Dataset
C1622,LOT_2026_06,MOSFET_IRFZ44N,TEST_LOT_2026_06_0H,2026-08-04 08:00:00,25.0,59.7877,500.1824,7.4108,49.18,0,40.0,20.0,NORMAL,Synthetic / Demonstration Dataset
C1622,LOT_2026_06,MOSFET_IRFZ44N,TEST_LOT_2026_06_24H,2026-08-05 08:00:00,125.0,60.7011,500.0438,9.3789,49.1394,24,40.0,20.0,NORMAL,Synthetic / Demonstration Dataset
C1622,LOT_2026_06,MOSFET_IRFZ44N,TEST_LOT_2026_06_96H,2026-08-08 08:00:00,125.0,60.8007,500.0612,8.8545,48.8641,96,40.0,20.0,NORMAL,Synthetic / Demonstration Dataset
C1622,LOT_2026_06,MOSFET_IRFZ44N,TEST_LOT_2026_06_168H,2026-08-11 08:00:00,85.0,59.8568,500.099,8.555,49.3904,168,40.0,20.0,NORMAL,Synthetic / Demonstration Dataset
C1623,LOT_2026_06,MOSFET_IRFZ44N,TEST_LOT_2026_06_0H,2026-08-13 08:00:00,25.0,60.4114,500.0384,7.0379,48.4486,0,40.0,20.0,NORMAL,Synthetic / Demonstration Dataset
C1623,LOT_2026_06,MOSFET_IRFZ44N,TEST_LOT_2026_06_24H,2026-08-14 08:00:00,125.0,59.6149,500.06,8.8503,49.6914,24,40.0,20.0,NORMAL,Synthetic / Demonstration Dataset
C1623,LOT_2026_06,MOSFET_IRFZ44N,TEST_LOT_2026_06_96H,2026-08-17 08:00:00,125.0,59.7691,500.1128,8.4967,50.1727,96,40.0,20.0,NORMAL,Synthetic / Demonstration Dataset
C1623,LOT_2026_06,MOSFET_IRFZ44N,TEST_LOT_2026_06_168H,2026-08-20 08:00:00,85.0,60.2836,500.1126,8.6017,48.8179,168,40.0,20.0,NORMAL,Synthetic / Demonstration Dataset
C1624,LOT_2026_06,MOSFET_IRFZ44N,TEST_LOT_2026_06_0H,2026-08-05 08:00:00,25.0,59.9821,500.0959,7.9817,49.0433,0,40.0,20.0,NORMAL,Synthetic / Demonstration Dataset
C1624,LOT_2026_06,MOSFET_IRFZ44N,TEST_LOT_2026_06_24H,2026-08-06 08:00:00,125.0,59.8131,500.102,9.9092,49.4021,24,40.0,20.0,NORMAL,Synthetic / Demonstration Dataset
C1624,LOT_2026_06,MOSFET_IRFZ44N,TEST_LOT_2026_06_96H,2026-08-09 08:00:00,125.0,60.8345,500.1142,9.8229,49.902,96,40.0,20.0,NORMAL,Synthetic / Demonstration Dataset
C1624,LOT_2026_06,MOSFET_IRFZ44N,TEST_LOT_2026_06_168H,2026-08-12 08:00:00,85.0,59.1835,500.0469,10.237,50.8892,168,40.0,20.0,NORMAL,Synthetic / Demonstration Dataset
C1625,LOT_2026_06,MOSFET_IRFZ44N,TEST_LOT_2026_06_0H,2026-08-05 08:00:00,25.0,59.8545,500.0192,7.9121,49.1575,0,40.0,20.0,NORMAL,Synthetic / Demonstration Dataset
C1625,LOT_2026_06,MOSFET_IRFZ44N,TEST_LOT_2026_06_24H,2026-08-06 08:00:00,125.0,59.3433,500.0916,9.8652,49.7816,24,40.0,20.0,NORMAL,Synthetic / Demonstration Dataset
C1625,LOT_2026_06,MOSFET_IRFZ44N,TEST_LOT_2026_06_96H,2026-08-09 08:00:00,125.0,59.3284,500.1621,9.9466,50.3854,96,40.0,20.0,NORMAL,Synthetic / Demonstration Dataset
C1625,LOT_2026_06,MOSFET_IRFZ44N,TEST_LOT_2026_06_168H,2026-08-12 08:00:00,85.0,59.8701,500.0846,9.1468,49.2232,168,40.0,20.0,NORMAL,Synthetic / Demonstration Dataset
C1626,LOT_2026_06,MOSFET_IRFZ44N,TEST_LOT_2026_06_0H,2026-08-10 08:00:00,25.0,59.8378,500.1549,7.4227,49.1373,0,40.0,20.0,SUDDEN_DEGRADE,Synthetic / Demonstration Dataset
C1626,LOT_2026_06,MOSFET_IRFZ44N,TEST_LOT_2026_06_24H,2026-08-11 08:00:00,125.0,59.9743,500.1562,9.9253,49.7774,24,40.0,20.0,SUDDEN_DEGRADE,Synthetic / Demonstration Dataset
C1626,LOT_2026_06,MOSFET_IRFZ44N,TEST_LOT_2026_06_96H,2026-08-14 08:00:00,125.0,59.5714,500.3312,29.9386,61.0145,96,40.0,20.0,SUDDEN_DEGRADE,Synthetic / Demonstration Dataset
C1626,LOT_2026_06,MOSFET_IRFZ44N,TEST_LOT_2026_06_168H,2026-08-17 08:00:00,85.0,60.5173,500.4748,45.927,68.595,168,40.0,20.0,SUDDEN_DEGRADE,Synthetic / Demonstration Dataset
C1627,LOT_2026_06,MOSFET_IRFZ44N,TEST_LOT_2026_06_0H,2026-08-13 08:00:00,25.0,60.4831,500.0262,8.2994,49.0457,0,40.0,20.0,SENSOR_NOISE,Synthetic / Demonstration Dataset
C1627,LOT_2026_06,MOSFET_IRFZ44N,TEST_LOT_2026_06_24H,2026-08-14 08:00:00,125.0,151.086,500.1489,10.3946,50.2516,24,40.0,20.0,SENSOR_NOISE,Synthetic / Demonstration Dataset
C1627,LOT_2026_06,MOSFET_IRFZ44N,TEST_LOT_2026_06_96H,2026-08-17 08:00:00,125.0,59.9646,500.1032,10.0846,50.1511,96,40.0,20.0,SENSOR_NOISE,Synthetic / Demonstration Dataset
C1627,LOT_2026_06,MOSFET_IRFZ44N,TEST_LOT_2026_06_168H,2026-08-20 08:00:00,85.0,59.8405,500.0887,9.3097,48.6459,168,40.0,20.0,SENSOR_NOISE,Synthetic / Demonstration Dataset
C1628,LOT_2026_06,MOSFET_IRFZ44N,TEST_LOT_2026_06_0H,2026-08-13 08:00:00,25.0,60.0984,500.1003,8.6986,49.1173,0,40.0,20.0,NORMAL,Synthetic / Demonstration Dataset
C1628,LOT_2026_06,MOSFET_IRFZ44N,TEST_LOT_2026_06_24H,2026-08-14 08:00:00,125.0,59.5008,500.0744,10.819,50.6923,24,40.0,20.0,NORMAL,Synthetic / Demonstration Dataset
C1628,LOT_2026_06,MOSFET_IRFZ44N,TEST_LOT_2026_06_96H,2026-08-17 08:00:00,125.0,59.2334,500.1881,10.9269,50.1221,96,40.0,20.0,NORMAL,Synthetic / Demonstration Dataset
C1628,LOT_2026_06,MOSFET_IRFZ44N,TEST_LOT_2026_06_168H,2026-08-20 08:00:00,85.0,61.0481,499.9983,10.1311,49.2977,168,40.0,20.0,NORMAL,Synthetic / Demonstration Dataset
C1629,LOT_2026_06,MOSFET_IRFZ44N,TEST_LOT_2026_06_0H,2026-08-11 08:00:00,25.0,58.5129,499.9809,8.3081,49.6828,0,40.0,20.0,NORMAL,Synthetic / Demonstration Dataset
C1629,LOT_2026_06,MOSFET_IRFZ44N,TEST_LOT_2026_06_24H,2026-08-12 08:00:00,125.0,61.3177,500.0494,10.1115,49.9124,24,40.0,20.0,NORMAL,Synthetic / Demonstration Dataset
C1629,LOT_2026_06,MOSFET_IRFZ44N,TEST_LOT_2026_06_96H,2026-08-15 08:00:00,125.0,60.2829,500.0925,10.5243,49.9703,96,40.0,20.0,NORMAL,Synthetic / Demonstration Dataset
C1629,LOT_2026_06,MOSFET_IRFZ44N,TEST_LOT_2026_06_168H,2026-08-18 08:00:00,85.0,60.8261,500.1367,9.8567,49.6437,168,40.0,20.0,NORMAL,Synthetic / Demonstration Dataset
C1630,LOT_2026_06,MOSFET_IRFZ44N,TEST_LOT_2026_06_0H,2026-08-03 08:00:00,25.0,59.4049,500.086,12.0661,50.4599,0,40.0,20.0,LOT_ANOMALY,Synthetic / Demonstration Dataset
C1630,LOT_2026_06,MOSFET_IRFZ44N,TEST_LOT_2026_06_24H,2026-08-04 08:00:00,125.0,60.4883,500.1478,15.1324,53.3401,24,40.0,20.0,LOT_ANOMALY,Synthetic / Demonstration Dataset
C1630,LOT_2026_06,MOSFET_IRFZ44N,TEST_LOT_2026_06_96H,2026-08-07 08:00:00,125.0,60.1846,500.2004,16.5315,52.8606,96,40.0,20.0,LOT_ANOMALY,Synthetic / Demonstration Dataset
C1630,LOT_2026_06,MOSFET_IRFZ44N,TEST_LOT_2026_06_168H,2026-08-10 08:00:00,85.0,60.7634,500.121,14.992,53.1653,168,40.0,20.0,LOT_ANOMALY,Synthetic / Demonstration Dataset
C1631,LOT_2026_06,MOSFET_IRFZ44N,TEST_LOT_2026_06_0H,2026-08-14 08:00:00,25.0,60.451,500.0312,8.9787,49.3489,0,40.0,20.0,NORMAL,Synthetic / Demonstration Dataset
C1631,LOT_2026_06,MOSFET_IRFZ44N,TEST_LOT_2026_06_24H,2026-08-15 08:00:00,125.0,59.4086,500.1022,11.169,50.923,24,40.0,20.0,NORMAL,Synthetic / Demonstration Dataset
C1631,LOT_2026_06,MOSFET_IRFZ44N,TEST_LOT_2026_06_96H,2026-08-18 08:00:00,125.0,59.4921,500.0193,10.9299,50.291,96,40.0,20.0,NORMAL,Synthetic / Demonstration Dataset
C1631,LOT_2026_06,MOSFET_IRFZ44N,TEST_LOT_2026_06_168H,2026-08-21 08:00:00,85.0,59.4763,500.1094,10.8505,50.3244,168,40.0,20.0,NORMAL,Synthetic / Demonstration Dataset
C1632,LOT_2026_06,MOSFET_IRFZ44N,TEST_LOT_2026_06_0H,2026-08-01 08:00:00,25.0,60.5026,500.1541,7.1995,49.0517,0,40.0,20.0,NORMAL,Synthetic / Demonstration Dataset
C1632,LOT_2026_06,MOSFET_IRFZ44N,TEST_LOT_2026_06_24H,2026-08-02 08:00:00,125.0,61.1954,500.1372,8.7124,49.1504,24,40.0,20.0,NORMAL,Synthetic / Demonstration Dataset
C1632,LOT_2026_06,MOSFET_IRFZ44N,TEST_LOT_2026_06_96H,2026-08-05 08:00:00,125.0,60.6726,500.0959,8.7203,48.9773,96,40.0,20.0,NORMAL,Synthetic / Demonstration Dataset
C1632,LOT_2026_06,MOSFET_IRFZ44N,TEST_LOT_2026_06_168H,2026-08-08 08:00:00,85.0,59.7557,500.0432,8.4451,49.6791,168,40.0,20.0,NORMAL,Synthetic / Demonstration Dataset
C1633,LOT_2026_06,MOSFET_IRFZ44N,TEST_LOT_2026_06_0H,2026-08-06 08:00:00,25.0,60.5031,500.1277,8.6478,48.9117,0,40.0,20.0,NORMAL,Synthetic / Demonstration Dataset
C1633,LOT_2026_06,MOSFET_IRFZ44N,TEST_LOT_2026_06_24H,2026-08-07 08:00:00,125.0,60.8752,500.1101,10.4725,49.5746,24,40.0,20.0,NORMAL,Synthetic / Demonstration Dataset
C1633,LOT_2026_06,MOSFET_IRFZ44N,TEST_LOT_2026_06_96H,2026-08-10 08:00:00,125.0,60.3929,500.1344,10.8155,49.9857,96,40.0,20.0,NORMAL,Synthetic / Demonstration Dataset
C1633,LOT_2026_06,MOSFET_IRFZ44N,TEST_LOT_2026_06_168H,2026-08-13 08:00:00,85.0,59.0996,500.1153,10.9788,51.2709,168,40.0,20.0,NORMAL,Synthetic / Demonstration Dataset
C1634,LOT_2026_06,MOSFET_IRFZ44N,TEST_LOT_2026_06_0H,2026-08-11 08:00:00,25.0,60.5017,500.0319,8.4578,49.3851,0,40.0,20.0,SENSOR_NOISE,Synthetic / Demonstration Dataset
C1634,LOT_2026_06,MOSFET_IRFZ44N,TEST_LOT_2026_06_24H,2026-08-12 08:00:00,125.0,59.322,500.1471,10.3805,49.8215,24,40.0,20.0,SENSOR_NOISE,Synthetic / Demonstration Dataset
C1634,LOT_2026_06,MOSFET_IRFZ44N,TEST_LOT_2026_06_96H,2026-08-15 08:00:00,125.0,60.2595,500.0954,,50.2047,96,40.0,20.0,SENSOR_NOISE,Synthetic / Demonstration Dataset
C1634,LOT_2026_06,MOSFET_IRFZ44N,TEST_LOT_2026_06_168H,2026-08-18 08:00:00,85.0,60.8478,500.052,9.8291,49.7054,168,40.0,20.0,SENSOR_NOISE,Synthetic / Demonstration Dataset
C1635,LOT_2026_06,MOSFET_IRFZ44N,TEST_LOT_2026_06_0H,2026-08-05 08:00:00,25.0,59.4072,500.0319,8.3473,49.2356,0,40.0,20.0,NORMAL,Synthetic / Demonstration Dataset
C1635,LOT_2026_06,MOSFET_IRFZ44N,TEST_LOT_2026_06_24H,2026-08-06 08:00:00,125.0,60.5987,500.1092,10.4649,49.93,24,40.0,20.0,NORMAL,Synthetic / Demonstration Dataset
C1635,LOT_2026_06,MOSFET_IRFZ44N,TEST_LOT_2026_06_96H,2026-08-09 08:00:00,125.0,60.3397,500.1179,10.476,50.7934,96,40.0,20.0,NORMAL,Synthetic / Demonstration Dataset
C1635,LOT_2026_06,MOSFET_IRFZ44N,TEST_LOT_2026_06_168H,2026-08-12 08:00:00,85.0,59.5818,500.1482,9.3426,49.0085,168,40.0,20.0,NORMAL,Synthetic / Demonstration Dataset
C1636,LOT_2026_06,MOSFET_IRFZ44N,TEST_LOT_2026_06_0H,2026-08-10 08:00:00,25.0,59.5611,499.9951,7.3267,48.5791,0,40.0,20.0,NORMAL,Synthetic / Demonstration Dataset
C1636,LOT_2026_06,MOSFET_IRFZ44N,TEST_LOT_2026_06_24H,2026-08-11 08:00:00,125.0,60.0938,500.1321,9.2112,50.142,24,40.0,20.0,NORMAL,Synthetic / Demonstration Dataset
C1636,LOT_2026_06,MOSFET_IRFZ44N,TEST_LOT_2026_06_96H,2026-08-14 08:00:00,125.0,61.5881,500.0729,9.0133,49.411,96,40.0,20.0,NORMAL,Synthetic / Demonstration Dataset
C1636,LOT_2026_06,MOSFET_IRFZ44N,TEST_LOT_2026_06_168H,2026-08-17 08:00:00,85.0,60.3272,500.0688,8.3369,49.133,168,40.0,20.0,NORMAL,Synthetic / Demonstration Dataset
C1637,LOT_2026_06,MOSFET_IRFZ44N,TEST_LOT_2026_06_0H,2026-08-04 08:00:00,25.0,59.8633,500.0845,7.6609,48.6279,0,40.0,20.0,GRADUAL_DEGRADE,Synthetic / Demonstration Dataset
C1637,LOT_2026_06,MOSFET_IRFZ44N,TEST_LOT_2026_06_24H,2026-08-05 08:00:00,125.0,60.5507,500.1102,12.5706,50.9897,24,40.0,20.0,GRADUAL_DEGRADE,Synthetic / Demonstration Dataset
C1637,LOT_2026_06,MOSFET_IRFZ44N,TEST_LOT_2026_06_96H,2026-08-08 08:00:00,125.0,59.353,500.091,15.2632,53.4661,96,40.0,20.0,GRADUAL_DEGRADE,Synthetic / Demonstration Dataset
C1637,LOT_2026_06,MOSFET_IRFZ44N,TEST_LOT_2026_06_168H,2026-08-11 08:00:00,85.0,60.1642,500.3264,24.8022,57.6707,168,40.0,20.0,GRADUAL_DEGRADE,Synthetic / Demonstration Dataset
C1638,LOT_2026_06,MOSFET_IRFZ44N,TEST_LOT_2026_06_0H,2026-08-02 08:00:00,25.0,59.4189,500.0113,8.0418,49.3674,0,40.0,20.0,NORMAL,Synthetic / Demonstration Dataset
C1638,LOT_2026_06,MOSFET_IRFZ44N,TEST_LOT_2026_06_24H,2026-08-03 08:00:00,125.0,59.7367,500.0456,10.2516,49.0196,24,40.0,20.0,NORMAL,Synthetic / Demonstration Dataset
C1638,LOT_2026_06,MOSFET_IRFZ44N,TEST_LOT_2026_06_96H,2026-08-06 08:00:00,125.0,59.9318,500.1765,9.6571,50.1314,96,40.0,20.0,NORMAL,Synthetic / Demonstration Dataset
C1638,LOT_2026_06,MOSFET_IRFZ44N,TEST_LOT_2026_06_168H,2026-08-09 08:00:00,85.0,59.7599,500.0668,9.5915,50.4283,168,40.0,20.0,NORMAL,Synthetic / Demonstration Dataset
C1639,LOT_2026_06,MOSFET_IRFZ44N,TEST_LOT_2026_06_0H,2026-08-05 08:00:00,25.0,58.7384,500.047,8.0669,48.6472,0,40.0,20.0,NORMAL,Synthetic / Demonstration Dataset
C1639,LOT_2026_06,MOSFET_IRFZ44N,TEST_LOT_2026_06_24H,2026-08-06 08:00:00,125.0,60.3377,500.0925,9.7891,49.86,24,40.0,20.0,NORMAL,Synthetic / Demonstration Dataset
C1639,LOT_2026_06,MOSFET_IRFZ44N,TEST_LOT_2026_06_96H,2026-08-09 08:00:00,125.0,59.5821,500.1983,10.5131,49.9545,96,40.0,20.0,NORMAL,Synthetic / Demonstration Dataset
C1639,LOT_2026_06,MOSFET_IRFZ44N,TEST_LOT_2026_06_168H,2026-08-12 08:00:00,85.0,59.8313,500.1014,9.5228,49.9615,168,40.0,20.0,NORMAL,Synthetic / Demonstration Dataset
C1640,LOT_2026_06,MOSFET_IRFZ44N,TEST_LOT_2026_06_0H,2026-08-05 08:00:00,25.0,59.5481,500.0269,8.3,50.2764,0,40.0,20.0,NORMAL,Synthetic / Demonstration Dataset
C1640,LOT_2026_06,MOSFET_IRFZ44N,TEST_LOT_2026_06_24H,2026-08-06 08:00:00,125.0,60.4195,500.0205,10.0838,49.9161,24,40.0,20.0,NORMAL,Synthetic / Demonstration Dataset
C1640,LOT_2026_06,MOSFET_IRFZ44N,TEST_LOT_2026_06_96H,2026-08-09 08:00:00,125.0,60.2837,499.9666,10.2742,50.2118,96,40.0,20.0,NORMAL,Synthetic / Demonstration Dataset
C1640,LOT_2026_06,MOSFET_IRFZ44N,TEST_LOT_2026_06_168H,2026-08-12 08:00:00,85.0,60.1946,500.0405,9.2289,49.2295,168,40.0,20.0,NORMAL,Synthetic / Demonstration Dataset
C1641,LOT_2026_06,MOSFET_IRFZ44N,TEST_LOT_2026_06_0H,2026-08-06 08:00:00,25.0,59.3686,500.0521,7.5925,48.2592,0,40.0,20.0,NORMAL,Synthetic / Demonstration Dataset
C1641,LOT_2026_06,MOSFET_IRFZ44N,TEST_LOT_2026_06_24H,2026-08-07 08:00:00,125.0,60.6108,500.0243,8.911,49.3751,24,40.0,20.0,NORMAL,Synthetic / Demonstration Dataset
C1641,LOT_2026_06,MOSFET_IRFZ44N,TEST_LOT_2026_06_96H,2026-08-10 08:00:00,125.0,59.631,500.0562,9.742,49.9728,96,40.0,20.0,NORMAL,Synthetic / Demonstration Dataset
C1641,LOT_2026_06,MOSFET_IRFZ44N,TEST_LOT_2026_06_168H,2026-08-13 08:00:00,85.0,59.2984,500.087,9.4524,48.9466,168,40.0,20.0,NORMAL,Synthetic / Demonstration Dataset
C1642,LOT_2026_06,MOSFET_IRFZ44N,TEST_LOT_2026_06_0H,2026-08-02 08:00:00,25.0,60.0205,500.032,7.4729,48.5308,0,40.0,20.0,NORMAL,Synthetic / Demonstration Dataset
C1642,LOT_2026_06,MOSFET_IRFZ44N,TEST_LOT_2026_06_24H,2026-08-03 08:00:00,125.0,60.0462,500.1415,8.8695,48.941,24,40.0,20.0,NORMAL,Synthetic / Demonstration Dataset
C1642,LOT_2026_06,MOSFET_IRFZ44N,TEST_LOT_2026_06_96H,2026-08-06 08:00:00,125.0,60.3015,500.1516,9.1033,48.8797,96,40.0,20.0,NORMAL,Synthetic / Demonstration Dataset
C1642,LOT_2026_06,MOSFET_IRFZ44N,TEST_LOT_2026_06_168H,2026-08-09 08:00:00,85.0,60.1699,500.0823,8.7421,48.2565,168,40.0,20.0,NORMAL,Synthetic / Demonstration Dataset
C1643,LOT_2026_06,MOSFET_IRFZ44N,TEST_LOT_2026_06_0H,2026-08-08 08:00:00,25.0,60.9116,500.0895,8.3672,48.7196,0,40.0,20.0,NORMAL,Synthetic / Demonstration Dataset
C1643,LOT_2026_06,MOSFET_IRFZ44N,TEST_LOT_2026_06_24H,2026-08-09 08:00:00,125.0,61.0619,500.1471,10.1575,50.3668,24,40.0,20.0,NORMAL,Synthetic / Demonstration Dataset
C1643,LOT_2026_06,MOSFET_IRFZ44N,TEST_LOT_2026_06_96H,2026-08-12 08:00:00,125.0,59.6033,500.0953,10.529,50.2294,96,40.0,20.0,NORMAL,Synthetic / Demonstration Dataset
C1643,LOT_2026_06,MOSFET_IRFZ44N,TEST_LOT_2026_06_168H,2026-08-15 08:00:00,85.0,60.9054,500.1566,10.0655,49.394,168,40.0,20.0,NORMAL,Synthetic / Demonstration Dataset
C1644,LOT_2026_06,MOSFET_IRFZ44N,TEST_LOT_2026_06_0H,2026-08-10 08:00:00,25.0,60.4421,500.1118,8.0901,48.7619,0,40.0,20.0,SENSOR_NOISE,Synthetic / Demonstration Dataset
C1644,LOT_2026_06,MOSFET_IRFZ44N,TEST_LOT_2026_06_24H,2026-08-11 08:00:00,125.0,59.2337,500.0523,10.6475,50.4289,24,40.0,20.0,SENSOR_NOISE,Synthetic / Demonstration Dataset
C1644,LOT_2026_06,MOSFET_IRFZ44N,TEST_LOT_2026_06_96H,2026-08-14 08:00:00,125.0,59.4983,500.095,10.8302,50.8999,96,40.0,20.0,SENSOR_NOISE,Synthetic / Demonstration Dataset
C1644,LOT_2026_06,MOSFET_IRFZ44N,TEST_LOT_2026_06_168H,2026-08-17 08:00:00,85.0,59.7992,500.1233,9.5009,49.8731,168,40.0,20.0,SENSOR_NOISE,Synthetic / Demonstration Dataset
C1645,LOT_2026_06,MOSFET_IRFZ44N,TEST_LOT_2026_06_0H,2026-08-08 08:00:00,25.0,60.7749,500.1043,8.8966,49.5796,0,40.0,20.0,NORMAL,Synthetic / Demonstration Dataset
C1645,LOT_2026_06,MOSFET_IRFZ44N,TEST_LOT_2026_06_24H,2026-08-09 08:00:00,125.0,60.2935,500.1124,10.9673,50.4834,24,40.0,20.0,NORMAL,Synthetic / Demonstration Dataset
C1645,LOT_2026_06,MOSFET_IRFZ44N,TEST_LOT_2026_06_96H,2026-08-12 08:00:00,125.0,60.9097,500.0393,11.4667,50.7378,96,40.0,20.0,NORMAL,Synthetic / Demonstration Dataset
C1645,LOT_2026_06,MOSFET_IRFZ44N,TEST_LOT_2026_06_168H,2026-08-15 08:00:00,85.0,59.8134,500.1212,10.1036,50.3531,168,40.0,20.0,NORMAL,Synthetic / Demonstration Dataset
C1646,LOT_2026_06,MOSFET_IRFZ44N,TEST_LOT_2026_06_0H,2026-08-16 08:00:00,25.0,58.852,500.0293,7.754,49.2804,0,40.0,20.0,NORMAL,Synthetic / Demonstration Dataset
C1646,LOT_2026_06,MOSFET_IRFZ44N,TEST_LOT_2026_06_24H,2026-08-17 08:00:00,125.0,60.7125,500.1149,8.8871,50.0358,24,40.0,20.0,NORMAL,Synthetic / Demonstration Dataset
C1646,LOT_2026_06,MOSFET_IRFZ44N,TEST_LOT_2026_06_96H,2026-08-20 08:00:00,125.0,58.7632,500.1175,9.5933,50.3702,96,40.0,20.0,NORMAL,Synthetic / Demonstration Dataset
C1646,LOT_2026_06,MOSFET_IRFZ44N,TEST_LOT_2026_06_168H,2026-08-23 08:00:00,85.0,59.6024,500.0998,9.5467,49.5336,168,40.0,20.0,NORMAL,Synthetic / Demonstration Dataset
C1647,LOT_2026_06,MOSFET_IRFZ44N,TEST_LOT_2026_06_0H,2026-08-07 08:00:00,25.0,60.5732,500.0106,7.0469,48.1212,0,40.0,20.0,SUDDEN_DEGRADE,Synthetic / Demonstration Dataset
C1647,LOT_2026_06,MOSFET_IRFZ44N,TEST_LOT_2026_06_24H,2026-08-08 08:00:00,125.0,59.3376,500.1103,9.3254,49.5494,24,40.0,20.0,SUDDEN_DEGRADE,Synthetic / Demonstration Dataset
C1647,LOT_2026_06,MOSFET_IRFZ44N,TEST_LOT_2026_06_96H,2026-08-11 08:00:00,125.0,60.6969,500.2115,22.079,55.3619,96,40.0,20.0,SUDDEN_DEGRADE,Synthetic / Demonstration Dataset
C1647,LOT_2026_06,MOSFET_IRFZ44N,TEST_LOT_2026_06_168H,2026-08-14 08:00:00,85.0,60.504,500.3898,40.4974,65.589,168,40.0,20.0,SUDDEN_DEGRADE,Synthetic / Demonstration Dataset
C1648,LOT_2026_06,MOSFET_IRFZ44N,TEST_LOT_2026_06_0H,2026-08-15 08:00:00,25.0,59.1015,500.1126,7.4451,49.3595,0,40.0,20.0,NORMAL,Synthetic / Demonstration Dataset
C1648,LOT_2026_06,MOSFET_IRFZ44N,TEST_LOT_2026_06_24H,2026-08-16 08:00:00,125.0,59.0365,500.0759,9.1789,49.6576,24,40.0,20.0,NORMAL,Synthetic / Demonstration Dataset
C1648,LOT_2026_06,MOSFET_IRFZ44N,TEST_LOT_2026_06_96H,2026-08-19 08:00:00,125.0,60.35,500.0447,9.0026,49.5128,96,40.0,20.0,NORMAL,Synthetic / Demonstration Dataset
C1648,LOT_2026_06,MOSFET_IRFZ44N,TEST_LOT_2026_06_168H,2026-08-22 08:00:00,85.0,60.3695,500.0861,8.6842,49.2537,168,40.0,20.0,NORMAL,Synthetic / Demonstration Dataset
C1649,LOT_2026_06,MOSFET_IRFZ44N,TEST_LOT_2026_06_0H,2026-08-10 08:00:00,25.0,60.0209,500.0576,7.0633,48.1399,0,40.0,20.0,NORMAL,Synthetic / Demonstration Dataset
C1649,LOT_2026_06,MOSFET_IRFZ44N,TEST_LOT_2026_06_24H,2026-08-11 08:00:00,125.0,60.2184,500.0706,8.7542,49.7963,24,40.0,20.0,NORMAL,Synthetic / Demonstration Dataset
C1649,LOT_2026_06,MOSFET_IRFZ44N,TEST_LOT_2026_06_96H,2026-08-14 08:00:00,125.0,59.2297,500.1562,8.9309,49.8106,96,40.0,20.0,NORMAL,Synthetic / Demonstration Dataset
C1649,LOT_2026_06,MOSFET_IRFZ44N,TEST_LOT_2026_06_168H,2026-08-17 08:00:00,85.0,60.2403,499.9712,8.8077,49.8955,168,40.0,20.0,NORMAL,Synthetic / Demonstration Dataset
C1650,LOT_2026_06,MOSFET_IRFZ44N,TEST_LOT_2026_06_0H,2026-08-14 08:00:00,25.0,60.2119,500.1063,7.9269,49.8348,0,40.0,20.0,NORMAL,Synthetic / Demonstration Dataset
C1650,LOT_2026_06,MOSFET_IRFZ44N,TEST_LOT_2026_06_24H,2026-08-15 08:00:00,125.0,59.6878,500.0537,9.6212,49.3291,24,40.0,20.0,NORMAL,Synthetic / Demonstration Dataset
C1650,LOT_2026_06,MOSFET_IRFZ44N,TEST_LOT_2026_06_96H,2026-08-18 08:00:00,125.0,58.8889,500.1163,9.4937,50.6414,96,40.0,20.0,NORMAL,Synthetic / Demonstration Dataset
C1650,LOT_2026_06,MOSFET_IRFZ44N,TEST_LOT_2026_06_168H,2026-08-21 08:00:00,85.0,59.4886,500.0888,10.2452,50.6776,168,40.0,20.0,NORMAL,Synthetic / Demonstration Dataset
C1651,LOT_2026_06,MOSFET_IRFZ44N,TEST_LOT_2026_06_0H,2026-08-07 08:00:00,25.0,60.0807,500.0701,8.2985,49.6795,0,40.0,20.0,SENSOR_NOISE,Synthetic / Demonstration Dataset
C1651,LOT_2026_06,MOSFET_IRFZ44N,TEST_LOT_2026_06_24H,2026-08-08 08:00:00,125.0,60.2885,500.1167,9.9406,49.9898,24,40.0,20.0,SENSOR_NOISE,Synthetic / Demonstration Dataset
C1651,LOT_2026_06,MOSFET_IRFZ44N,TEST_LOT_2026_06_96H,2026-08-11 08:00:00,125.0,60.0202,500.0793,,50.3425,96,40.0,20.0,SENSOR_NOISE,Synthetic / Demonstration Dataset
C1651,LOT_2026_06,MOSFET_IRFZ44N,TEST_LOT_2026_06_168H,2026-08-14 08:00:00,85.0,60.3676,500.1337,9.029,49.219,168,40.0,20.0,SENSOR_NOISE,Synthetic / Demonstration Dataset
C1652,LOT_2026_06,MOSFET_IRFZ44N,TEST_LOT_2026_06_0H,2026-08-16 08:00:00,25.0,59.6281,500.0666,6.9716,48.583,0,40.0,20.0,NORMAL,Synthetic / Demonstration Dataset
C1652,LOT_2026_06,MOSFET_IRFZ44N,TEST_LOT_2026_06_24H,2026-08-17 08:00:00,125.0,60.8935,500.1315,8.9936,49.5514,24,40.0,20.0,NORMAL,Synthetic / Demonstration Dataset
C1652,LOT_2026_06,MOSFET_IRFZ44N,TEST_LOT_2026_06_96H,2026-08-20 08:00:00,125.0,61.0078,500.0715,8.3922,49.3227,96,40.0,20.0,NORMAL,Synthetic / Demonstration Dataset
C1652,LOT_2026_06,MOSFET_IRFZ44N,TEST_LOT_2026_06_168H,2026-08-23 08:00:00,85.0,60.037,500.1429,8.5373,49.4736,168,40.0,20.0,NORMAL,Synthetic / Demonstration Dataset
C1653,LOT_2026_06,MOSFET_IRFZ44N,TEST_LOT_2026_06_0H,2026-08-04 08:00:00,25.0,60.2684,500.0867,8.8548,49.4608,0,40.0,20.0,GRADUAL_DEGRADE,Synthetic / Demonstration Dataset
C1653,LOT_2026_06,MOSFET_IRFZ44N,TEST_LOT_2026_06_24H,2026-08-05 08:00:00,125.0,61.1373,500.1236,13.1114,51.6457,24,40.0,20.0,GRADUAL_DEGRADE,Synthetic / Demonstration Dataset
C1653,LOT_2026_06,MOSFET_IRFZ44N,TEST_LOT_2026_06_96H,2026-08-08 08:00:00,125.0,59.9598,500.1366,19.9549,54.7956,96,40.0,20.0,GRADUAL_DEGRADE,Synthetic / Demonstration Dataset
C1653,LOT_2026_06,MOSFET_IRFZ44N,TEST_LOT_2026_06_168H,2026-08-11 08:00:00,85.0,59.7296,500.1662,26.6267,58.0203,168,40.0,20.0,GRADUAL_DEGRADE,Synthetic / Demonstration Dataset
C1654,LOT_2026_06,MOSFET_IRFZ44N,TEST_LOT_2026_06_0H,2026-08-04 08:00:00,25.0,60.3705,500.0353,6.898,48.8485,0,40.0,20.0,NORMAL,Synthetic / Demonstration Dataset
C1654,LOT_2026_06,MOSFET_IRFZ44N,TEST_LOT_2026_06_24H,2026-08-05 08:00:00,125.0,60.4687,500.0778,8.8532,49.4901,24,40.0,20.0,NORMAL,Synthetic / Demonstration Dataset
C1654,LOT_2026_06,MOSFET_IRFZ44N,TEST_LOT_2026_06_96H,2026-08-08 08:00:00,125.0,59.9197,500.0379,8.0886,49.3567,96,40.0,20.0,NORMAL,Synthetic / Demonstration Dataset
C1654,LOT_2026_06,MOSFET_IRFZ44N,TEST_LOT_2026_06_168H,2026-08-11 08:00:00,85.0,60.2999,499.9937,9.3263,49.5006,168,40.0,20.0,NORMAL,Synthetic / Demonstration Dataset
C1655,LOT_2026_06,MOSFET_IRFZ44N,TEST_LOT_2026_06_0H,2026-08-06 08:00:00,25.0,60.0524,500.0433,7.9886,49.1047,0,40.0,20.0,NORMAL,Synthetic / Demonstration Dataset
C1655,LOT_2026_06,MOSFET_IRFZ44N,TEST_LOT_2026_06_24H,2026-08-07 08:00:00,125.0,59.4331,500.1276,9.5281,49.307,24,40.0,20.0,NORMAL,Synthetic / Demonstration Dataset
C1655,LOT_2026_06,MOSFET_IRFZ44N,TEST_LOT_2026_06_96H,2026-08-10 08:00:00,125.0,59.1783,500.1896,10.1401,49.7216,96,40.0,20.0,NORMAL,Synthetic / Demonstration Dataset
C1655,LOT_2026_06,MOSFET_IRFZ44N,TEST_LOT_2026_06_168H,2026-08-13 08:00:00,85.0,60.1984,500.0647,9.295,49.7121,168,40.0,20.0,NORMAL,Synthetic / Demonstration Dataset
C1656,LOT_2026_06,MOSFET_IRFZ44N,TEST_LOT_2026_06_0H,2026-08-05 08:00:00,25.0,60.5764,500.124,8.4415,49.1434,0,40.0,20.0,NORMAL,Synthetic / Demonstration Dataset
C1656,LOT_2026_06,MOSFET_IRFZ44N,TEST_LOT_2026_06_24H,2026-08-06 08:00:00,125.0,61.4095,500.1508,10.3346,49.7525,24,40.0,20.0,NORMAL,Synthetic / Demonstration Dataset
C1656,LOT_2026_06,MOSFET_IRFZ44N,TEST_LOT_2026_06_96H,2026-08-09 08:00:00,125.0,59.7989,500.0985,10.5258,49.7096,96,40.0,20.0,NORMAL,Synthetic / Demonstration Dataset
C1656,LOT_2026_06,MOSFET_IRFZ44N,TEST_LOT_2026_06_168H,2026-08-12 08:00:00,85.0,61.0869,500.1261,9.7179,48.7379,168,40.0,20.0,NORMAL,Synthetic / Demonstration Dataset
C1657,LOT_2026_06,MOSFET_IRFZ44N,TEST_LOT_2026_06_0H,2026-08-03 08:00:00,25.0,60.73,500.1751,12.0661,50.8714,0,40.0,20.0,LOT_ANOMALY,Synthetic / Demonstration Dataset
C1657,LOT_2026_06,MOSFET_IRFZ44N,TEST_LOT_2026_06_24H,2026-08-04 08:00:00,125.0,59.4844,500.1299,15.3376,53.3431,24,40.0,20.0,LOT_ANOMALY,Synthetic / Demonstration Dataset
C1657,LOT_2026_06,MOSFET_IRFZ44N,TEST_LOT_2026_06_96H,2026-08-07 08:00:00,125.0,58.8782,500.1523,15.5489,52.7391,96,40.0,20.0,LOT_ANOMALY,Synthetic / Demonstration Dataset
C1657,LOT_2026_06,MOSFET_IRFZ44N,TEST_LOT_2026_06_168H,2026-08-10 08:00:00,85.0,60.0086,500.1376,15.8651,53.4028,168,40.0,20.0,LOT_ANOMALY,Synthetic / Demonstration Dataset
C1658,LOT_2026_06,MOSFET_IRFZ44N,TEST_LOT_2026_06_0H,2026-08-08 08:00:00,25.0,59.55,500.1376,7.9869,49.0806,0,40.0,20.0,SENSOR_NOISE,Synthetic / Demonstration Dataset
C1658,LOT_2026_06,MOSFET_IRFZ44N,TEST_LOT_2026_06_24H,2026-08-09 08:00:00,125.0,60.1067,500.0447,9.825,49.6751,24,40.0,20.0,SENSOR_NOISE,Synthetic / Demonstration Dataset
C1658,LOT_2026_06,MOSFET_IRFZ44N,TEST_LOT_2026_06_96H,2026-08-12 08:00:00,125.0,59.8832,500.1631,9.9456,50.0706,96,40.0,20.0,SENSOR_NOISE,Synthetic / Demonstration Dataset
C1658,LOT_2026_06,MOSFET_IRFZ44N,TEST_LOT_2026_06_168H,2026-08-15 08:00:00,85.0,60.0056,500.1506,9.7763,50.0671,168,40.0,20.0,SENSOR_NOISE,Synthetic / Demonstration Dataset
C1659,LOT_2026_06,MOSFET_IRFZ44N,TEST_LOT_2026_06_0H,2026-08-14 08:00:00,25.0,59.992,500.0311,7.8795,49.1679,0,40.0,20.0,SUDDEN_DEGRADE,Synthetic / Demonstration Dataset
C1659,LOT_2026_06,MOSFET_IRFZ44N,TEST_LOT_2026_06_24H,2026-08-15 08:00:00,125.0,58.8435,500.0817,10.1076,50.4827,24,40.0,20.0,SUDDEN_DEGRADE,Synthetic / Demonstration Dataset
C1659,LOT_2026_06,MOSFET_IRFZ44N,TEST_LOT_2026_06_96H,2026-08-18 08:00:00,125.0,60.2779,500.2965,28.0684,59.0127,96,40.0,20.0,SUDDEN_DEGRADE,Synthetic / Demonstration Dataset
C1659,LOT_2026_06,MOSFET_IRFZ44N,TEST_LOT_2026_06_168H,2026-08-21 08:00:00,85.0,59.9145,500.5471,50.0901,69.8295,168,40.0,20.0,SUDDEN_DEGRADE,Synthetic / Demonstration Dataset
C1660,LOT_2026_06,MOSFET_IRFZ44N,TEST_LOT_2026_06_0H,2026-08-12 08:00:00,25.0,59.6463,500.0805,6.4212,48.7697,0,40.0,20.0,NORMAL,Synthetic / Demonstration Dataset
C1660,LOT_2026_06,MOSFET_IRFZ44N,TEST_LOT_2026_06_24H,2026-08-13 08:00:00,125.0,60.6329,500.126,7.8838,48.4124,24,40.0,20.0,NORMAL,Synthetic / Demonstration Dataset
C1660,LOT_2026_06,MOSFET_IRFZ44N,TEST_LOT_2026_06_96H,2026-08-16 08:00:00,125.0,60.1771,500.0248,8.5157,50.0502,96,40.0,20.0,NORMAL,Synthetic / Demonstration Dataset
C1660,LOT_2026_06,MOSFET_IRFZ44N,TEST_LOT_2026_06_168H,2026-08-19 08:00:00,85.0,58.8339,500.0405,7.5835,48.3631,168,40.0,20.0,NORMAL,Synthetic / Demonstration Dataset
C1661,LOT_2026_06,MOSFET_IRFZ44N,TEST_LOT_2026_06_0H,2026-08-03 08:00:00,25.0,59.7329,500.059,7.1844,48.4594,0,40.0,20.0,NORMAL,Synthetic / Demonstration Dataset
C1661,LOT_2026_06,MOSFET_IRFZ44N,TEST_LOT_2026_06_24H,2026-08-04 08:00:00,125.0,60.3524,500.0511,8.8379,49.9504,24,40.0,20.0,NORMAL,Synthetic / Demonstration Dataset
C1661,LOT_2026_06,MOSFET_IRFZ44N,TEST_LOT_2026_06_96H,2026-08-07 08:00:00,125.0,60.3691,500.1676,8.5402,49.1903,96,40.0,20.0,NORMAL,Synthetic / Demonstration Dataset
C1661,LOT_2026_06,MOSFET_IRFZ44N,TEST_LOT_2026_06_168H,2026-08-10 08:00:00,85.0,59.4192,500.0602,8.5812,49.996,168,40.0,20.0,NORMAL,Synthetic / Demonstration Dataset
C1662,LOT_2026_06,MOSFET_IRFZ44N,TEST_LOT_2026_06_0H,2026-08-01 08:00:00,25.0,60.2511,499.9892,8.6146,48.9849,0,40.0,20.0,NORMAL,Synthetic / Demonstration Dataset
C1662,LOT_2026_06,MOSFET_IRFZ44N,TEST_LOT_2026_06_24H,2026-08-02 08:00:00,125.0,60.2465,500.1367,10.9949,50.5742,24,40.0,20.0,NORMAL,Synthetic / Demonstration Dataset
C1662,LOT_2026_06,MOSFET_IRFZ44N,TEST_LOT_2026_06_96H,2026-08-05 08:00:00,125.0,60.1995,500.0283,10.4768,49.516,96,40.0,20.0,NORMAL,Synthetic / Demonstration Dataset
C1662,LOT_2026_06,MOSFET_IRFZ44N,TEST_LOT_2026_06_168H,2026-08-08 08:00:00,85.0,60.1153,500.0192,9.7669,49.9406,168,40.0,20.0,NORMAL,Synthetic / Demonstration Dataset
C1663,LOT_2026_06,MOSFET_IRFZ44N,TEST_LOT_2026_06_0H,2026-08-04 08:00:00,25.0,59.4841,500.1337,6.8716,48.4526,0,40.0,20.0,NORMAL,Synthetic / Demonstration Dataset
C1663,LOT_2026_06,MOSFET_IRFZ44N,TEST_LOT_2026_06_24H,2026-08-05 08:00:00,125.0,60.1121,500.0092,8.269,49.3065,24,40.0,20.0,NORMAL,Synthetic / Demonstration Dataset
C1663,LOT_2026_06,MOSFET_IRFZ44N,TEST_LOT_2026_06_96H,2026-08-08 08:00:00,125.0,60.397,500.1979,9.0045,48.63,96,40.0,20.0,NORMAL,Synthetic / Demonstration Dataset
C1663,LOT_2026_06,MOSFET_IRFZ44N,TEST_LOT_2026_06_168H,2026-08-11 08:00:00,85.0,59.1939,500.0733,8.201,49.1012,168,40.0,20.0,NORMAL,Synthetic / Demonstration Dataset
C1664,LOT_2026_06,MOSFET_IRFZ44N,TEST_LOT_2026_06_0H,2026-08-11 08:00:00,25.0,61.3679,500.1177,12.0661,50.9978,0,40.0,20.0,LOT_ANOMALY,Synthetic / Demonstration Dataset
C1664,LOT_2026_06,MOSFET_IRFZ44N,TEST_LOT_2026_06_24H,2026-08-12 08:00:00,125.0,59.9683,500.246,15.4412,53.022,24,40.0,20.0,LOT_ANOMALY,Synthetic / Demonstration Dataset
C1664,LOT_2026_06,MOSFET_IRFZ44N,TEST_LOT_2026_06_96H,2026-08-15 08:00:00,125.0,58.8795,500.26,16.077,52.7431,96,40.0,20.0,LOT_ANOMALY,Synthetic / Demonstration Dataset
C1664,LOT_2026_06,MOSFET_IRFZ44N,TEST_LOT_2026_06_168H,2026-08-18 08:00:00,85.0,59.6084,500.1007,15.1886,52.0533,168,40.0,20.0,LOT_ANOMALY,Synthetic / Demonstration Dataset
C1665,LOT_2026_06,MOSFET_IRFZ44N,TEST_LOT_2026_06_0H,2026-08-05 08:00:00,25.0,60.0619,500.0222,12.0661,50.9238,0,40.0,20.0,LOT_ANOMALY,Synthetic / Demonstration Dataset
C1665,LOT_2026_06,MOSFET_IRFZ44N,TEST_LOT_2026_06_24H,2026-08-06 08:00:00,125.0,60.3792,500.1762,15.4601,52.3271,24,40.0,20.0,LOT_ANOMALY,Synthetic / Demonstration Dataset
C1665,LOT_2026_06,MOSFET_IRFZ44N,TEST_LOT_2026_06_96H,2026-08-09 08:00:00,125.0,60.6251,500.1267,14.918,52.4216,96,40.0,20.0,LOT_ANOMALY,Synthetic / Demonstration Dataset
C1665,LOT_2026_06,MOSFET_IRFZ44N,TEST_LOT_2026_06_168H,2026-08-12 08:00:00,85.0,60.4034,500.243,15.0834,53.1998,168,40.0,20.0,LOT_ANOMALY,Synthetic / Demonstration Dataset
C1666,LOT_2026_06,MOSFET_IRFZ44N,TEST_LOT_2026_06_0H,2026-08-16 08:00:00,25.0,59.8149,499.988,5.5339,48.1892,0,40.0,20.0,NORMAL,Synthetic / Demonstration Dataset
C1666,LOT_2026_06,MOSFET_IRFZ44N,TEST_LOT_2026_06_24H,2026-08-17 08:00:00,125.0,60.3637,500.0491,6.8816,47.9731,24,40.0,20.0,NORMAL,Synthetic / Demonstration Dataset
C1666,LOT_2026_06,MOSFET_IRFZ44N,TEST_LOT_2026_06_96H,2026-08-20 08:00:00,125.0,59.0802,500.0037,6.6881,47.6806,96,40.0,20.0,NORMAL,Synthetic / Demonstration Dataset
C1666,LOT_2026_06,MOSFET_IRFZ44N,TEST_LOT_2026_06_168H,2026-08-23 08:00:00,85.0,59.3446,500.0815,6.1819,48.2507,168,40.0,20.0,NORMAL,Synthetic / Demonstration Dataset
C1667,LOT_2026_06,MOSFET_IRFZ44N,TEST_LOT_2026_06_0H,2026-08-05 08:00:00,25.0,60.705,500.0787,8.2591,48.7782,0,40.0,20.0,NORMAL,Synthetic / Demonstration Dataset
C1667,LOT_2026_06,MOSFET_IRFZ44N,TEST_LOT_2026_06_24H,2026-08-06 08:00:00,125.0,60.5434,500.1144,10.6817,50.3781,24,40.0,20.0,NORMAL,Synthetic / Demonstration Dataset
C1667,LOT_2026_06,MOSFET_IRFZ44N,TEST_LOT_2026_06_96H,2026-08-09 08:00:00,125.0,59.8787,500.1102,10.3752,50.4123,96,40.0,20.0,NORMAL,Synthetic / Demonstration Dataset
C1667,LOT_2026_06,MOSFET_IRFZ44N,TEST_LOT_2026_06_168H,2026-08-12 08:00:00,85.0,59.0195,499.9899,9.3727,50.0859,168,40.0,20.0,NORMAL,Synthetic / Demonstration Dataset
C1668,LOT_2026_06,MOSFET_IRFZ44N,TEST_LOT_2026_06_0H,2026-08-16 08:00:00,25.0,60.2792,500.0051,6.2832,47.6294,0,40.0,20.0,NORMAL,Synthetic / Demonstration Dataset
C1668,LOT_2026_06,MOSFET_IRFZ44N,TEST_LOT_2026_06_24H,2026-08-17 08:00:00,125.0,60.1165,500.0116,7.6075,48.5261,24,40.0,20.0,NORMAL,Synthetic / Demonstration Dataset
C1668,LOT_2026_06,MOSFET_IRFZ44N,TEST_LOT_2026_06_96H,2026-08-20 08:00:00,125.0,59.2738,500.1503,7.8906,48.1701,96,40.0,20.0,NORMAL,Synthetic / Demonstration Dataset
C1668,LOT_2026_06,MOSFET_IRFZ44N,TEST_LOT_2026_06_168H,2026-08-23 08:00:00,85.0,60.7635,500.0077,7.3874,48.6444,168,40.0,20.0,NORMAL,Synthetic / Demonstration Dataset
C1669,LOT_2026_06,MOSFET_IRFZ44N,TEST_LOT_2026_06_0H,2026-08-01 08:00:00,25.0,59.5159,500.0761,7.999,49.2521,0,40.0,20.0,NORMAL,Synthetic / Demonstration Dataset
C1669,LOT_2026_06,MOSFET_IRFZ44N,TEST_LOT_2026_06_24H,2026-08-02 08:00:00,125.0,60.4586,500.1169,9.7267,49.601,24,40.0,20.0,NORMAL,Synthetic / Demonstration Dataset
C1669,LOT_2026_06,MOSFET_IRFZ44N,TEST_LOT_2026_06_96H,2026-08-05 08:00:00,125.0,59.5554,500.1464,10.3647,49.857,96,40.0,20.0,NORMAL,Synthetic / Demonstration Dataset
C1669,LOT_2026_06,MOSFET_IRFZ44N,TEST_LOT_2026_06_168H,2026-08-08 08:00:00,85.0,59.9024,500.1096,9.2653,48.5466,168,40.0,20.0,NORMAL,Synthetic / Demonstration Dataset
C1670,LOT_2026_06,MOSFET_IRFZ44N,TEST_LOT_2026_06_0H,2026-08-01 08:00:00,25.0,59.9385,500.0975,8.3241,49.3882,0,40.0,20.0,SUDDEN_DEGRADE,Synthetic / Demonstration Dataset
C1670,LOT_2026_06,MOSFET_IRFZ44N,TEST_LOT_2026_06_24H,2026-08-02 08:00:00,125.0,60.2363,500.1784,10.9235,50.1557,24,40.0,20.0,SUDDEN_DEGRADE,Synthetic / Demonstration Dataset
C1670,LOT_2026_06,MOSFET_IRFZ44N,TEST_LOT_2026_06_96H,2026-08-05 08:00:00,125.0,59.5263,500.4052,36.8269,63.2981,96,40.0,20.0,SUDDEN_DEGRADE,Synthetic / Demonstration Dataset
C1670,LOT_2026_06,MOSFET_IRFZ44N,TEST_LOT_2026_06_168H,2026-08-08 08:00:00,85.0,60.5314,500.4791,50.0119,70.2075,168,40.0,20.0,SUDDEN_DEGRADE,Synthetic / Demonstration Dataset
C1671,LOT_2026_06,MOSFET_IRFZ44N,TEST_LOT_2026_06_0H,2026-08-05 08:00:00,25.0,60.8117,500.1431,8.3233,49.0332,0,40.0,20.0,NORMAL,Synthetic / Demonstration Dataset
C1671,LOT_2026_06,MOSFET_IRFZ44N,TEST_LOT_2026_06_24H,2026-08-06 08:00:00,125.0,59.5716,500.1519,10.54,51.0847,24,40.0,20.0,NORMAL,Synthetic / Demonstration Dataset
C1671,LOT_2026_06,MOSFET_IRFZ44N,TEST_LOT_2026_06_96H,2026-08-09 08:00:00,125.0,60.0635,500.0913,10.7854,49.7048,96,40.0,20.0,NORMAL,Synthetic / Demonstration Dataset
C1671,LOT_2026_06,MOSFET_IRFZ44N,TEST_LOT_2026_06_168H,2026-08-12 08:00:00,85.0,59.3309,500.0594,9.9093,49.4188,168,40.0,20.0,NORMAL,Synthetic / Demonstration Dataset
C1672,LOT_2026_06,MOSFET_IRFZ44N,TEST_LOT_2026_06_0H,2026-08-14 08:00:00,25.0,59.9832,500.0877,7.4057,48.4326,0,40.0,20.0,NORMAL,Synthetic / Demonstration Dataset
C1672,LOT_2026_06,MOSFET_IRFZ44N,TEST_LOT_2026_06_24H,2026-08-15 08:00:00,125.0,59.8751,500.0544,9.3835,49.7936,24,40.0,20.0,NORMAL,Synthetic / Demonstration Dataset
C1672,LOT_2026_06,MOSFET_IRFZ44N,TEST_LOT_2026_06_96H,2026-08-18 08:00:00,125.0,60.2011,500.0814,9.9537,49.2895,96,40.0,20.0,NORMAL,Synthetic / Demonstration Dataset
C1672,LOT_2026_06,MOSFET_IRFZ44N,TEST_LOT_2026_06_168H,2026-08-21 08:00:00,85.0,60.141,500.0671,8.6441,48.5726,168,40.0,20.0,NORMAL,Synthetic / Demonstration Dataset
C1673,LOT_2026_06,MOSFET_IRFZ44N,TEST_LOT_2026_06_0H,2026-08-10 08:00:00,25.0,60.8727,500.1419,7.0156,48.1088,0,40.0,20.0,NORMAL,Synthetic / Demonstration Dataset
C1673,LOT_2026_06,MOSFET_IRFZ44N,TEST_LOT_2026_06_24H,2026-08-11 08:00:00,125.0,59.2929,500.1584,8.8201,49.5204,24,40.0,20.0,NORMAL,Synthetic / Demonstration Dataset
C1673,LOT_2026_06,MOSFET_IRFZ44N,TEST_LOT_2026_06_96H,2026-08-14 08:00:00,125.0,58.9709,500.1251,9.1205,49.5568,96,40.0,20.0,NORMAL,Synthetic / Demonstration Dataset
C1673,LOT_2026_06,MOSFET_IRFZ44N,TEST_LOT_2026_06_168H,2026-08-17 08:00:00,85.0,60.5489,500.0902,8.6871,49.0732,168,40.0,20.0,NORMAL,Synthetic / Demonstration Dataset
C1674,LOT_2026_06,MOSFET_IRFZ44N,TEST_LOT_2026_06_0H,2026-08-04 08:00:00,25.0,59.9639,500.0428,8.6458,48.9088,0,40.0,20.0,NORMAL,Synthetic / Demonstration Dataset
C1674,LOT_2026_06,MOSFET_IRFZ44N,TEST_LOT_2026_06_24H,2026-08-05 08:00:00,125.0,59.6938,500.1577,10.2605,50.2103,24,40.0,20.0,NORMAL,Synthetic / Demonstration Dataset
C1674,LOT_2026_06,MOSFET_IRFZ44N,TEST_LOT_2026_06_96H,2026-08-08 08:00:00,125.0,60.4829,500.0638,10.5443,50.315,96,40.0,20.0,NORMAL,Synthetic / Demonstration Dataset
C1674,LOT_2026_06,MOSFET_IRFZ44N,TEST_LOT_2026_06_168H,2026-08-11 08:00:00,85.0,60.4675,500.0216,10.0508,49.6428,168,40.0,20.0,NORMAL,Synthetic / Demonstration Dataset
C1675,LOT_2026_06,MOSFET_IRFZ44N,TEST_LOT_2026_06_0H,2026-08-14 08:00:00,25.0,59.8442,500.1229,6.2279,47.8865,0,40.0,20.0,NORMAL,Synthetic / Demonstration Dataset
C1675,LOT_2026_06,MOSFET_IRFZ44N,TEST_LOT_2026_06_24H,2026-08-15 08:00:00,125.0,60.523,500.1293,7.5909,48.7556,24,40.0,20.0,NORMAL,Synthetic / Demonstration Dataset
C1675,LOT_2026_06,MOSFET_IRFZ44N,TEST_LOT_2026_06_96H,2026-08-18 08:00:00,125.0,59.3538,500.1497,8.0799,50.0069,96,40.0,20.0,NORMAL,Synthetic / Demonstration Dataset
C1675,LOT_2026_06,MOSFET_IRFZ44N,TEST_LOT_2026_06_168H,2026-08-21 08:00:00,85.0,58.7494,500.0487,7.6567,49.1041,168,40.0,20.0,NORMAL,Synthetic / Demonstration Dataset
C1676,LOT_2026_06,MOSFET_IRFZ44N,TEST_LOT_2026_06_0H,2026-08-15 08:00:00,25.0,60.7633,500.1039,7.4446,48.4044,0,40.0,20.0,NORMAL,Synthetic / Demonstration Dataset
C1676,LOT_2026_06,MOSFET_IRFZ44N,TEST_LOT_2026_06_24H,2026-08-16 08:00:00,125.0,59.4637,500.0827,9.1813,49.3411,24,40.0,20.0,NORMAL,Synthetic / Demonstration Dataset
C1676,LOT_2026_06,MOSFET_IRFZ44N,TEST_LOT_2026_06_96H,2026-08-19 08:00:00,125.0,61.2696,500.0256,9.7165,48.9928,96,40.0,20.0,NORMAL,Synthetic / Demonstration Dataset
C1676,LOT_2026_06,MOSFET_IRFZ44N,TEST_LOT_2026_06_168H,2026-08-22 08:00:00,85.0,59.089,500.0891,8.6762,49.6751,168,40.0,20.0,NORMAL,Synthetic / Demonstration Dataset
C1677,LOT_2026_06,MOSFET_IRFZ44N,TEST_LOT_2026_06_0H,2026-08-16 08:00:00,25.0,60.1208,500.0839,9.3603,48.7899,0,40.0,20.0,NORMAL,Synthetic / Demonstration Dataset
C1677,LOT_2026_06,MOSFET_IRFZ44N,TEST_LOT_2026_06_24H,2026-08-17 08:00:00,125.0,60.0428,500.1467,11.4786,50.4205,24,40.0,20.0,NORMAL,Synthetic / Demonstration Dataset
C1677,LOT_2026_06,MOSFET_IRFZ44N,TEST_LOT_2026_06_96H,2026-08-20 08:00:00,125.0,59.1132,499.9998,11.4357,50.219,96,40.0,20.0,NORMAL,Synthetic / Demonstration Dataset
C1677,LOT_2026_06,MOSFET_IRFZ44N,TEST_LOT_2026_06_168H,2026-08-23 08:00:00,85.0,60.202,500.0764,10.228,49.8718,168,40.0,20.0,NORMAL,Synthetic / Demonstration Dataset
C1678,LOT_2026_06,MOSFET_IRFZ44N,TEST_LOT_2026_06_0H,2026-08-01 08:00:00,25.0,58.0605,500.1442,6.8817,47.9907,0,40.0,20.0,NORMAL,Synthetic / Demonstration Dataset
C1678,LOT_2026_06,MOSFET_IRFZ44N,TEST_LOT_2026_06_24H,2026-08-02 08:00:00,125.0,59.1271,500.1326,8.3991,49.2641,24,40.0,20.0,NORMAL,Synthetic / Demonstration Dataset
C1678,LOT_2026_06,MOSFET_IRFZ44N,TEST_LOT_2026_06_96H,2026-08-05 08:00:00,125.0,59.7647,500.1671,8.3206,49.1274,96,40.0,20.0,NORMAL,Synthetic / Demonstration Dataset
C1678,LOT_2026_06,MOSFET_IRFZ44N,TEST_LOT_2026_06_168H,2026-08-08 08:00:00,85.0,59.4352,499.986,8.0741,48.965,168,40.0,20.0,NORMAL,Synthetic / Demonstration Dataset
C1679,LOT_2026_06,MOSFET_IRFZ44N,TEST_LOT_2026_06_0H,2026-08-08 08:00:00,25.0,60.6598,499.9695,8.1916,48.5895,0,40.0,20.0,NORMAL,Synthetic / Demonstration Dataset
C1679,LOT_2026_06,MOSFET_IRFZ44N,TEST_LOT_2026_06_24H,2026-08-09 08:00:00,125.0,59.9979,500.0921,9.9305,49.9105,24,40.0,20.0,NORMAL,Synthetic / Demonstration Dataset
C1679,LOT_2026_06,MOSFET_IRFZ44N,TEST_LOT_2026_06_96H,2026-08-12 08:00:00,125.0,59.458,500.1501,10.3368,50.3635,96,40.0,20.0,NORMAL,Synthetic / Demonstration Dataset
C1679,LOT_2026_06,MOSFET_IRFZ44N,TEST_LOT_2026_06_168H,2026-08-15 08:00:00,85.0,60.9605,500.1726,9.4793,50.1595,168,40.0,20.0,NORMAL,Synthetic / Demonstration Dataset
C1680,LOT_2026_06,MOSFET_IRFZ44N,TEST_LOT_2026_06_0H,2026-08-10 08:00:00,25.0,60.9474,500.0882,4.8476,48.3267,0,40.0,20.0,NORMAL,Synthetic / Demonstration Dataset
C1680,LOT_2026_06,MOSFET_IRFZ44N,TEST_LOT_2026_06_24H,2026-08-11 08:00:00,125.0,60.947,500.1075,6.3541,48.7839,24,40.0,20.0,NORMAL,Synthetic / Demonstration Dataset
C1680,LOT_2026_06,MOSFET_IRFZ44N,TEST_LOT_2026_06_96H,2026-08-14 08:00:00,125.0,60.1299,499.9903,6.895,48.3091,96,40.0,20.0,NORMAL,Synthetic / Demonstration Dataset
C1680,LOT_2026_06,MOSFET_IRFZ44N,TEST_LOT_2026_06_168H,2026-08-17 08:00:00,85.0,60.0449,499.9982,6.052,47.292,168,40.0,20.0,NORMAL,Synthetic / Demonstration Dataset
C1681,LOT_2026_06,MOSFET_IRFZ44N,TEST_LOT_2026_06_0H,2026-08-12 08:00:00,25.0,60.4846,500.1503,7.125,48.9749,0,40.0,20.0,NORMAL,Synthetic / Demonstration Dataset
C1681,LOT_2026_06,MOSFET_IRFZ44N,TEST_LOT_2026_06_24H,2026-08-13 08:00:00,125.0,59.9515,500.0033,9.0437,49.317,24,40.0,20.0,NORMAL,Synthetic / Demonstration Dataset
C1681,LOT_2026_06,MOSFET_IRFZ44N,TEST_LOT_2026_06_96H,2026-08-16 08:00:00,125.0,59.7018,500.0909,8.8168,49.607,96,40.0,20.0,NORMAL,Synthetic / Demonstration Dataset
C1681,LOT_2026_06,MOSFET_IRFZ44N,TEST_LOT_2026_06_168H,2026-08-19 08:00:00,85.0,59.8331,499.9929,8.8101,49.1878,168,40.0,20.0,NORMAL,Synthetic / Demonstration Dataset
C1682,LOT_2026_06,MOSFET_IRFZ44N,TEST_LOT_2026_06_0H,2026-08-14 08:00:00,25.0,60.7337,500.0507,7.9098,49.1856,0,40.0,20.0,NORMAL,Synthetic / Demonstration Dataset
C1682,LOT_2026_06,MOSFET_IRFZ44N,TEST_LOT_2026_06_24H,2026-08-15 08:00:00,125.0,60.0263,500.1445,9.8014,49.6033,24,40.0,20.0,NORMAL,Synthetic / Demonstration Dataset
C1682,LOT_2026_06,MOSFET_IRFZ44N,TEST_LOT_2026_06_96H,2026-08-18 08:00:00,125.0,59.9929,500.0644,9.6447,50.051,96,40.0,20.0,NORMAL,Synthetic / Demonstration Dataset
C1682,LOT_2026_06,MOSFET_IRFZ44N,TEST_LOT_2026_06_168H,2026-08-21 08:00:00,85.0,60.1358,500.0849,8.9875,49.5905,168,40.0,20.0,NORMAL,Synthetic / Demonstration Dataset
C1683,LOT_2026_06,MOSFET_IRFZ44N,TEST_LOT_2026_06_0H,2026-08-03 08:00:00,25.0,59.7965,500.0789,7.4064,48.7941,0,40.0,20.0,NORMAL,Synthetic / Demonstration Dataset
C1683,LOT_2026_06,MOSFET_IRFZ44N,TEST_LOT_2026_06_24H,2026-08-04 08:00:00,125.0,61.0232,500.0417,9.1266,49.5344,24,40.0,20.0,NORMAL,Synthetic / Demonstration Dataset
C1683,LOT_2026_06,MOSFET_IRFZ44N,TEST_LOT_2026_06_96H,2026-08-07 08:00:00,125.0,60.2232,500.031,8.6811,49.2153,96,40.0,20.0,NORMAL,Synthetic / Demonstration Dataset
C1683,LOT_2026_06,MOSFET_IRFZ44N,TEST_LOT_2026_06_168H,2026-08-10 08:00:00,85.0,60.1685,500.0581,8.5765,49.0203,168,40.0,20.0,NORMAL,Synthetic / Demonstration Dataset
C1684,LOT_2026_06,MOSFET_IRFZ44N,TEST_LOT_2026_06_0H,2026-08-12 08:00:00,25.0,60.1707,500.065,9.302,49.5381,0,40.0,20.0,NORMAL,Synthetic / Demonstration Dataset
C1684,LOT_2026_06,MOSFET_IRFZ44N,TEST_LOT_2026_06_24H,2026-08-13 08:00:00,125.0,59.8589,500.0835,11.7973,50.5904,24,40.0,20.0,NORMAL,Synthetic / Demonstration Dataset
C1684,LOT_2026_06,MOSFET_IRFZ44N,TEST_LOT_2026_06_96H,2026-08-16 08:00:00,125.0,59.6433,500.0493,11.3247,50.1565,96,40.0,20.0,NORMAL,Synthetic / Demonstration Dataset
C1684,LOT_2026_06,MOSFET_IRFZ44N,TEST_LOT_2026_06_168H,2026-08-19 08:00:00,85.0,60.3549,500.0859,10.4947,50.1541,168,40.0,20.0,NORMAL,Synthetic / Demonstration Dataset
C1685,LOT_2026_06,MOSFET_IRFZ44N,TEST_LOT_2026_06_0H,2026-08-01 08:00:00,25.0,60.777,500.0773,9.1362,49.2842,0,40.0,20.0,NORMAL,Synthetic / Demonstration Dataset
C1685,LOT_2026_06,MOSFET_IRFZ44N,TEST_LOT_2026_06_24H,2026-08-02 08:00:00,125.0,60.4157,500.0997,10.996,50.3241,24,40.0,20.0,NORMAL,Synthetic / Demonstration Dataset
C1685,LOT_2026_06,MOSFET_IRFZ44N,TEST_LOT_2026_06_96H,2026-08-05 08:00:00,125.0,59.5382,500.1263,11.0305,49.9233,96,40.0,20.0,NORMAL,Synthetic / Demonstration Dataset
C1685,LOT_2026_06,MOSFET_IRFZ44N,TEST_LOT_2026_06_168H,2026-08-08 08:00:00,85.0,59.6797,500.1038,11.1263,49.9615,168,40.0,20.0,NORMAL,Synthetic / Demonstration Dataset
C1686,LOT_2026_06,MOSFET_IRFZ44N,TEST_LOT_2026_06_0H,2026-08-16 08:00:00,25.0,59.803,500.076,7.8538,49.5891,0,40.0,20.0,NORMAL,Synthetic / Demonstration Dataset
C1686,LOT_2026_06,MOSFET_IRFZ44N,TEST_LOT_2026_06_24H,2026-08-17 08:00:00,125.0,59.5232,500.0615,9.7071,50.1214,24,40.0,20.0,NORMAL,Synthetic / Demonstration Dataset
C1686,LOT_2026_06,MOSFET_IRFZ44N,TEST_LOT_2026_06_96H,2026-08-20 08:00:00,125.0,60.1692,500.137,10.252,50.4004,96,40.0,20.0,NORMAL,Synthetic / Demonstration Dataset
C1686,LOT_2026_06,MOSFET_IRFZ44N,TEST_LOT_2026_06_168H,2026-08-23 08:00:00,85.0,58.8302,500.1322,9.8799,50.3827,168,40.0,20.0,NORMAL,Synthetic / Demonstration Dataset
C1687,LOT_2026_06,MOSFET_IRFZ44N,TEST_LOT_2026_06_0H,2026-08-13 08:00:00,25.0,59.4686,500.0227,6.5274,47.9357,0,40.0,20.0,NORMAL,Synthetic / Demonstration Dataset
C1687,LOT_2026_06,MOSFET_IRFZ44N,TEST_LOT_2026_06_24H,2026-08-14 08:00:00,125.0,60.1456,500.1229,7.9573,49.4652,24,40.0,20.0,NORMAL,Synthetic / Demonstration Dataset
C1687,LOT_2026_06,MOSFET_IRFZ44N,TEST_LOT_2026_06_96H,2026-08-17 08:00:00,125.0,59.4932,500.1447,7.8913,49.2367,96,40.0,20.0,NORMAL,Synthetic / Demonstration Dataset
C1687,LOT_2026_06,MOSFET_IRFZ44N,TEST_LOT_2026_06_168H,2026-08-20 08:00:00,85.0,60.284,500.0765,7.7958,49.134,168,40.0,20.0,NORMAL,Synthetic / Demonstration Dataset
C1688,LOT_2026_06,MOSFET_IRFZ44N,TEST_LOT_2026_06_0H,2026-08-09 08:00:00,25.0,59.8367,500.419,46.7709,67.9652,0,40.0,20.0,SEVERE_FAILURE,Synthetic / Demonstration Dataset
C1688,LOT_2026_06,MOSFET_IRFZ44N,TEST_LOT_2026_06_24H,2026-08-10 08:00:00,125.0,59.3853,500.7405,72.9626,81.3602,24,40.0,20.0,SEVERE_FAILURE,Synthetic / Demonstration Dataset
C1688,LOT_2026_06,MOSFET_IRFZ44N,TEST_LOT_2026_06_96H,2026-08-13 08:00:00,125.0,60.1984,500.9498,101.0252,95.1275,96,40.0,20.0,SEVERE_FAILURE,Synthetic / Demonstration Dataset
C1688,LOT_2026_06,MOSFET_IRFZ44N,TEST_LOT_2026_06_168H,2026-08-16 08:00:00,85.0,59.4765,501.418,130.9586,110.4047,168,40.0,20.0,SEVERE_FAILURE,Synthetic / Demonstration Dataset
C1689,LOT_2026_06,MOSFET_IRFZ44N,TEST_LOT_2026_06_0H,2026-08-12 08:00:00,25.0,59.9535,500.1556,7.7998,48.1739,0,40.0,20.0,NORMAL,Synthetic / Demonstration Dataset
C1689,LOT_2026_06,MOSFET_IRFZ44N,TEST_LOT_2026_06_24H,2026-08-13 08:00:00,125.0,59.0264,499.9769,9.5853,49.4623,24,40.0,20.0,NORMAL,Synthetic / Demonstration Dataset
C1689,LOT_2026_06,MOSFET_IRFZ44N,TEST_LOT_2026_06_96H,2026-08-16 08:00:00,125.0,59.5213,500.1185,9.8681,49.982,96,40.0,20.0,NORMAL,Synthetic / Demonstration Dataset
C1689,LOT_2026_06,MOSFET_IRFZ44N,TEST_LOT_2026_06_168H,2026-08-19 08:00:00,85.0,60.759,500.0614,9.1214,49.732,168,40.0,20.0,NORMAL,Synthetic / Demonstration Dataset
C1690,LOT_2026_06,MOSFET_IRFZ44N,TEST_LOT_2026_06_0H,2026-08-12 08:00:00,25.0,58.9181,500.1256,12.0661,50.9173,0,40.0,20.0,LOT_ANOMALY,Synthetic / Demonstration Dataset
C1690,LOT_2026_06,MOSFET_IRFZ44N,TEST_LOT_2026_06_24H,2026-08-13 08:00:00,125.0,60.2391,500.1096,14.6537,53.1063,24,40.0,20.0,LOT_ANOMALY,Synthetic / Demonstration Dataset
C1690,LOT_2026_06,MOSFET_IRFZ44N,TEST_LOT_2026_06_96H,2026-08-16 08:00:00,125.0,60.149,500.1472,14.5111,52.1292,96,40.0,20.0,LOT_ANOMALY,Synthetic / Demonstration Dataset
C1690,LOT_2026_06,MOSFET_IRFZ44N,TEST_LOT_2026_06_168H,2026-08-19 08:00:00,85.0,60.0412,500.2021,14.8977,51.6964,168,40.0,20.0,LOT_ANOMALY,Synthetic / Demonstration Dataset
C1691,LOT_2026_06,MOSFET_IRFZ44N,TEST_LOT_2026_06_0H,2026-08-04 08:00:00,25.0,59.3698,500.0157,7.0601,48.6843,0,40.0,20.0,NORMAL,Synthetic / Demonstration Dataset
C1691,LOT_2026_06,MOSFET_IRFZ44N,TEST_LOT_2026_06_24H,2026-08-05 08:00:00,125.0,60.6391,500.1188,8.8536,49.7356,24,40.0,20.0,NORMAL,Synthetic / Demonstration Dataset
C1691,LOT_2026_06,MOSFET_IRFZ44N,TEST_LOT_2026_06_96H,2026-08-08 08:00:00,125.0,60.8901,500.0728,8.3239,49.6268,96,40.0,20.0,NORMAL,Synthetic / Demonstration Dataset
C1691,LOT_2026_06,MOSFET_IRFZ44N,TEST_LOT_2026_06_168H,2026-08-11 08:00:00,85.0,59.8551,500.1245,7.7388,48.882,168,40.0,20.0,NORMAL,Synthetic / Demonstration Dataset
C1692,LOT_2026_06,MOSFET_IRFZ44N,TEST_LOT_2026_06_0H,2026-08-11 08:00:00,25.0,60.7859,500.0126,7.1121,48.5469,0,40.0,20.0,NORMAL,Synthetic / Demonstration Dataset
C1692,LOT_2026_06,MOSFET_IRFZ44N,TEST_LOT_2026_06_24H,2026-08-12 08:00:00,125.0,61.2574,500.0664,8.9282,49.3397,24,40.0,20.0,NORMAL,Synthetic / Demonstration Dataset
C1692,LOT_2026_06,MOSFET_IRFZ44N,TEST_LOT_2026_06_96H,2026-08-15 08:00:00,125.0,60.1431,500.1167,8.7345,49.8592,96,40.0,20.0,NORMAL,Synthetic / Demonstration Dataset
C1692,LOT_2026_06,MOSFET_IRFZ44N,TEST_LOT_2026_06_168H,2026-08-18 08:00:00,85.0,59.7016,500.1282,8.7523,49.4174,168,40.0,20.0,NORMAL,Synthetic / Demonstration Dataset
C1693,LOT_2026_06,MOSFET_IRFZ44N,TEST_LOT_2026_06_0H,2026-08-12 08:00:00,25.0,60.4814,500.1676,8.6114,49.1461,0,40.0,20.0,NORMAL,Synthetic / Demonstration Dataset
C1693,LOT_2026_06,MOSFET_IRFZ44N,TEST_LOT_2026_06_24H,2026-08-13 08:00:00,125.0,60.2683,500.1636,10.4427,50.2475,24,40.0,20.0,NORMAL,Synthetic / Demonstration Dataset
C1693,LOT_2026_06,MOSFET_IRFZ44N,TEST_LOT_2026_06_96H,2026-08-16 08:00:00,125.0,60.414,500.1014,11.1428,50.8249,96,40.0,20.0,NORMAL,Synthetic / Demonstration Dataset
C1693,LOT_2026_06,MOSFET_IRFZ44N,TEST_LOT_2026_06_168H,2026-08-19 08:00:00,85.0,60.1432,500.0453,9.8979,49.9183,168,40.0,20.0,NORMAL,Synthetic / Demonstration Dataset
C1694,LOT_2026_06,MOSFET_IRFZ44N,TEST_LOT_2026_06_0H,2026-08-06 08:00:00,25.0,60.4603,500.1197,8.8658,49.5623,0,40.0,20.0,NORMAL,Synthetic / Demonstration Dataset
C1694,LOT_2026_06,MOSFET_IRFZ44N,TEST_LOT_2026_06_24H,2026-08-07 08:00:00,125.0,59.2398,500.0989,10.9173,50.5408,24,40.0,20.0,NORMAL,Synthetic / Demonstration Dataset
C1694,LOT_2026_06,MOSFET_IRFZ44N,TEST_LOT_2026_06_96H,2026-08-10 08:00:00,125.0,58.9489,500.1624,10.5942,50.32,96,40.0,20.0,NORMAL,Synthetic / Demonstration Dataset
C1694,LOT_2026_06,MOSFET_IRFZ44N,TEST_LOT_2026_06_168H,2026-08-13 08:00:00,85.0,60.3334,500.0556,10.4718,50.0543,168,40.0,20.0,NORMAL,Synthetic / Demonstration Dataset
C1695,LOT_2026_06,MOSFET_IRFZ44N,TEST_LOT_2026_06_0H,2026-08-15 08:00:00,25.0,60.9024,500.0962,12.0661,50.9134,0,40.0,20.0,LOT_ANOMALY,Synthetic / Demonstration Dataset
C1695,LOT_2026_06,MOSFET_IRFZ44N,TEST_LOT_2026_06_24H,2026-08-16 08:00:00,125.0,59.5555,500.2037,14.8383,51.3047,24,40.0,20.0,LOT_ANOMALY,Synthetic / Demonstration Dataset
C1695,LOT_2026_06,MOSFET_IRFZ44N,TEST_LOT_2026_06_96H,2026-08-19 08:00:00,125.0,60.1352,500.2394,15.46,52.2191,96,40.0,20.0,LOT_ANOMALY,Synthetic / Demonstration Dataset
C1695,LOT_2026_06,MOSFET_IRFZ44N,TEST_LOT_2026_06_168H,2026-08-22 08:00:00,85.0,59.4839,500.1797,14.4629,52.2878,168,40.0,20.0,LOT_ANOMALY,Synthetic / Demonstration Dataset
C1696,LOT_2026_06,MOSFET_IRFZ44N,TEST_LOT_2026_06_0H,2026-08-16 08:00:00,25.0,60.4579,500.3917,34.5597,62.3358,0,40.0,20.0,SEVERE_FAILURE,Synthetic / Demonstration Dataset
C1696,LOT_2026_06,MOSFET_IRFZ44N,TEST_LOT_2026_06_24H,2026-08-17 08:00:00,125.0,60.9589,500.55,53.9131,71.319,24,40.0,20.0,SEVERE_FAILURE,Synthetic / Demonstration Dataset
C1696,LOT_2026_06,MOSFET_IRFZ44N,TEST_LOT_2026_06_96H,2026-08-20 08:00:00,125.0,60.2191,500.7587,74.649,82.053,96,40.0,20.0,SEVERE_FAILURE,Synthetic / Demonstration Dataset
C1696,LOT_2026_06,MOSFET_IRFZ44N,TEST_LOT_2026_06_168H,2026-08-23 08:00:00,85.0,60.3441,500.8843,96.7672,93.8293,168,40.0,20.0,SEVERE_FAILURE,Synthetic / Demonstration Dataset
C1697,LOT_2026_06,MOSFET_IRFZ44N,TEST_LOT_2026_06_0H,2026-08-05 08:00:00,25.0,59.409,500.0642,6.988,48.6888,0,40.0,20.0,NORMAL,Synthetic / Demonstration Dataset
C1697,LOT_2026_06,MOSFET_IRFZ44N,TEST_LOT_2026_06_24H,2026-08-06 08:00:00,125.0,59.5544,500.0613,8.6649,48.8226,24,40.0,20.0,NORMAL,Synthetic / Demonstration Dataset
C1697,LOT_2026_06,MOSFET_IRFZ44N,TEST_LOT_2026_06_96H,2026-08-09 08:00:00,125.0,60.645,500.0864,8.6647,49.7191,96,40.0,20.0,NORMAL,Synthetic / Demonstration Dataset
C1697,LOT_2026_06,MOSFET_IRFZ44N,TEST_LOT_2026_06_168H,2026-08-12 08:00:00,85.0,59.6472,500.0799,8.9266,50.4403,168,40.0,20.0,NORMAL,Synthetic / Demonstration Dataset
C1698,LOT_2026_06,MOSFET_IRFZ44N,TEST_LOT_2026_06_0H,2026-08-15 08:00:00,25.0,58.9966,500.1125,9.3105,49.6555,0,40.0,20.0,NORMAL,Synthetic / Demonstration Dataset
C1698,LOT_2026_06,MOSFET_IRFZ44N,TEST_LOT_2026_06_24H,2026-08-16 08:00:00,125.0,59.553,500.0741,11.6109,50.5012,24,40.0,20.0,NORMAL,Synthetic / Demonstration Dataset
C1698,LOT_2026_06,MOSFET_IRFZ44N,TEST_LOT_2026_06_96H,2026-08-19 08:00:00,125.0,60.4892,500.0542,11.3267,50.3832,96,40.0,20.0,NORMAL,Synthetic / Demonstration Dataset
C1698,LOT_2026_06,MOSFET_IRFZ44N,TEST_LOT_2026_06_168H,2026-08-22 08:00:00,85.0,60.6043,500.1643,10.0742,49.8899,168,40.0,20.0,NORMAL,Synthetic / Demonstration Dataset
C1699,LOT_2026_06,MOSFET_IRFZ44N,TEST_LOT_2026_06_0H,2026-08-07 08:00:00,25.0,60.2719,500.1494,7.5682,48.968,0,40.0,20.0,NORMAL,Synthetic / Demonstration Dataset
C1699,LOT_2026_06,MOSFET_IRFZ44N,TEST_LOT_2026_06_24H,2026-08-08 08:00:00,125.0,59.0287,500.0358,9.1544,49.6101,24,40.0,20.0,NORMAL,Synthetic / Demonstration Dataset
C1699,LOT_2026_06,MOSFET_IRFZ44N,TEST_LOT_2026_06_96H,2026-08-11 08:00:00,125.0,60.117,500.0644,9.2059,49.1268,96,40.0,20.0,NORMAL,Synthetic / Demonstration Dataset
C1699,LOT_2026_06,MOSFET_IRFZ44N,TEST_LOT_2026_06_168H,2026-08-14 08:00:00,85.0,60.9374,500.1284,8.397,49.9773,168,40.0,20.0,NORMAL,Synthetic / Demonstration Dataset
C1700,LOT_2026_06,MOSFET_IRFZ44N,TEST_LOT_2026_06_0H,2026-08-07 08:00:00,25.0,59.742,500.1502,8.4061,49.1882,0,40.0,20.0,NORMAL,Synthetic / Demonstration Dataset
C1700,LOT_2026_06,MOSFET_IRFZ44N,TEST_LOT_2026_06_24H,2026-08-08 08:00:00,125.0,59.9743,499.9565,10.3803,50.9123,24,40.0,20.0,NORMAL,Synthetic / Demonstration Dataset
C1700,LOT_2026_06,MOSFET_IRFZ44N,TEST_LOT_2026_06_96H,2026-08-11 08:00:00,125.0,60.1979,500.1032,10.624,50.3856,96,40.0,20.0,NORMAL,Synthetic / Demonstration Dataset
C1700,LOT_2026_06,MOSFET_IRFZ44N,TEST_LOT_2026_06_168H,2026-08-14 08:00:00,85.0,60.3699,500.0306,9.5952,49.8813,168,40.0,20.0,NORMAL,Synthetic / Demonstration Dataset
C1701,LOT_2026_06,MOSFET_IRFZ44N,TEST_LOT_2026_06_0H,2026-08-11 08:00:00,25.0,59.8808,500.1028,8.4277,48.7677,0,40.0,20.0,GRADUAL_DEGRADE,Synthetic / Demonstration Dataset
C1701,LOT_2026_06,MOSFET_IRFZ44N,TEST_LOT_2026_06_24H,2026-08-12 08:00:00,125.0,59.7872,500.0947,13.3352,51.0763,24,40.0,20.0,GRADUAL_DEGRADE,Synthetic / Demonstration Dataset
C1701,LOT_2026_06,MOSFET_IRFZ44N,TEST_LOT_2026_06_96H,2026-08-15 08:00:00,125.0,60.1587,500.1846,19.4199,54.1072,96,40.0,20.0,GRADUAL_DEGRADE,Synthetic / Demonstration Dataset
C1701,LOT_2026_06,MOSFET_IRFZ44N,TEST_LOT_2026_06_168H,2026-08-18 08:00:00,85.0,60.352,500.2856,28.3002,58.5402,168,40.0,20.0,GRADUAL_DEGRADE,Synthetic / Demonstration Dataset
C1702,LOT_2026_06,MOSFET_IRFZ44N,TEST_LOT_2026_06_0H,2026-08-13 08:00:00,25.0,60.2925,500.1454,6.0212,48.1524,0,40.0,20.0,SUDDEN_DEGRADE,Synthetic / Demonstration Dataset
C1702,LOT_2026_06,MOSFET_IRFZ44N,TEST_LOT_2026_06_24H,2026-08-14 08:00:00,125.0,60.3745,500.0303,8.1179,48.5703,24,40.0,20.0,SUDDEN_DEGRADE,Synthetic / Demonstration Dataset
C1702,LOT_2026_06,MOSFET_IRFZ44N,TEST_LOT_2026_06_96H,2026-08-17 08:00:00,125.0,60.3272,500.1659,25.4184,58.035,96,40.0,20.0,SUDDEN_DEGRADE,Synthetic / Demonstration Dataset
C1702,LOT_2026_06,MOSFET_IRFZ44N,TEST_LOT_2026_06_168H,2026-08-20 08:00:00,85.0,59.6565,500.3328,31.4648,61.2556,168,40.0,20.0,SUDDEN_DEGRADE,Synthetic / Demonstration Dataset
C1703,LOT_2026_06,MOSFET_IRFZ44N,TEST_LOT_2026_06_0H,2026-08-16 08:00:00,25.0,58.937,500.387,36.9906,62.9858,0,40.0,20.0,SEVERE_FAILURE,Synthetic / Demonstration Dataset
C1703,LOT_2026_06,MOSFET_IRFZ44N,TEST_LOT_2026_06_24H,2026-08-17 08:00:00,125.0,59.1922,500.58,57.7053,73.775,24,40.0,20.0,SEVERE_FAILURE,Synthetic / Demonstration Dataset
C1703,LOT_2026_06,MOSFET_IRFZ44N,TEST_LOT_2026_06_96H,2026-08-20 08:00:00,125.0,60.8741,500.7348,79.8996,85.5686,96,40.0,20.0,SEVERE_FAILURE,Synthetic / Demonstration Dataset
C1703,LOT_2026_06,MOSFET_IRFZ44N,TEST_LOT_2026_06_168H,2026-08-23 08:00:00,85.0,59.3174,501.0817,103.5735,97.2845,168,40.0,20.0,SEVERE_FAILURE,Synthetic / Demonstration Dataset
C1704,LOT_2026_06,MOSFET_IRFZ44N,TEST_LOT_2026_06_0H,2026-08-07 08:00:00,25.0,59.5254,500.0057,8.1876,48.2155,0,40.0,20.0,NORMAL,Synthetic / Demonstration Dataset
C1704,LOT_2026_06,MOSFET_IRFZ44N,TEST_LOT_2026_06_24H,2026-08-08 08:00:00,125.0,59.8219,500.0499,10.5096,49.7404,24,40.0,20.0,NORMAL,Synthetic / Demonstration Dataset
C1704,LOT_2026_06,MOSFET_IRFZ44N,TEST_LOT_2026_06_96H,2026-08-11 08:00:00,125.0,59.7631,500.0065,10.2455,50.5118,96,40.0,20.0,NORMAL,Synthetic / Demonstration Dataset
C1704,LOT_2026_06,MOSFET_IRFZ44N,TEST_LOT_2026_06_168H,2026-08-14 08:00:00,85.0,61.1039,500.1547,9.7682,48.4899,168,40.0,20.0,NORMAL,Synthetic / Demonstration Dataset
C1705,LOT_2026_06,MOSFET_IRFZ44N,TEST_LOT_2026_06_0H,2026-08-02 08:00:00,25.0,60.7245,500.056,9.2831,49.4469,0,40.0,20.0,NORMAL,Synthetic / Demonstration Dataset
C1705,LOT_2026_06,MOSFET_IRFZ44N,TEST_LOT_2026_06_24H,2026-08-03 08:00:00,125.0,59.3915,500.1026,11.4785,51.1893,24,40.0,20.0,NORMAL,Synthetic / Demonstration Dataset
C1705,LOT_2026_06,MOSFET_IRFZ44N,TEST_LOT_2026_06_96H,2026-08-06 08:00:00,125.0,59.5999,500.168,11.6861,50.9793,96,40.0,20.0,NORMAL,Synthetic / Demonstration Dataset
C1705,LOT_2026_06,MOSFET_IRFZ44N,TEST_LOT_2026_06_168H,2026-08-09 08:00:00,85.0,59.691,500.1093,10.9654,50.1344,168,40.0,20.0,NORMAL,Synthetic / Demonstration Dataset
C1706,LOT_2026_06,MOSFET_IRFZ44N,TEST_LOT_2026_06_0H,2026-08-11 08:00:00,25.0,59.8321,500.0531,5.9256,48.0246,0,40.0,20.0,GRADUAL_DEGRADE,Synthetic / Demonstration Dataset
C1706,LOT_2026_06,MOSFET_IRFZ44N,TEST_LOT_2026_06_24H,2026-08-12 08:00:00,125.0,60.602,500.1178,9.0341,49.8885,24,40.0,20.0,GRADUAL_DEGRADE,Synthetic / Demonstration Dataset
C1706,LOT_2026_06,MOSFET_IRFZ44N,TEST_LOT_2026_06_96H,2026-08-15 08:00:00,125.0,58.9643,500.0956,11.5969,50.6888,96,40.0,20.0,GRADUAL_DEGRADE,Synthetic / Demonstration Dataset
C1706,LOT_2026_06,MOSFET_IRFZ44N,TEST_LOT_2026_06_168H,2026-08-18 08:00:00,85.0,59.7923,500.2185,17.6013,52.9399,168,40.0,20.0,GRADUAL_DEGRADE,Synthetic / Demonstration Dataset
C1707,LOT_2026_06,MOSFET_IRFZ44N,TEST_LOT_2026_06_0H,2026-08-12 08:00:00,25.0,60.2903,500.0943,9.6434,50.2298,0,40.0,20.0,NORMAL,Synthetic / Demonstration Dataset
C1707,LOT_2026_06,MOSFET_IRFZ44N,TEST_LOT_2026_06_24H,2026-08-13 08:00:00,125.0,59.6012,500.1086,11.4637,51.3463,24,40.0,20.0,NORMAL,Synthetic / Demonstration Dataset
C1707,LOT_2026_06,MOSFET_IRFZ44N,TEST_LOT_2026_06_96H,2026-08-16 08:00:00,125.0,60.27,500.0897,11.9154,51.1768,96,40.0,20.0,NORMAL,Synthetic / Demonstration Dataset
C1707,LOT_2026_06,MOSFET_IRFZ44N,TEST_LOT_2026_06_168H,2026-08-19 08:00:00,85.0,60.5973,500.1159,12.0,51.304,168,40.0,20.0,NORMAL,Synthetic / Demonstration Dataset
C1708,LOT_2026_06,MOSFET_IRFZ44N,TEST_LOT_2026_06_0H,2026-08-13 08:00:00,25.0,60.304,500.14,8.4436,49.7188,0,40.0,20.0,NORMAL,Synthetic / Demonstration Dataset
C1708,LOT_2026_06,MOSFET_IRFZ44N,TEST_LOT_2026_06_24H,2026-08-14 08:00:00,125.0,60.3851,500.0843,10.3418,49.7555,24,40.0,20.0,NORMAL,Synthetic / Demonstration Dataset
C1708,LOT_2026_06,MOSFET_IRFZ44N,TEST_LOT_2026_06_96H,2026-08-17 08:00:00,125.0,59.9542,500.0209,10.3953,50.5848,96,40.0,20.0,NORMAL,Synthetic / Demonstration Dataset
C1708,LOT_2026_06,MOSFET_IRFZ44N,TEST_LOT_2026_06_168H,2026-08-20 08:00:00,85.0,61.6289,500.1617,8.6651,49.2151,168,40.0,20.0,NORMAL,Synthetic / Demonstration Dataset
C1709,LOT_2026_06,MOSFET_IRFZ44N,TEST_LOT_2026_06_0H,2026-08-13 08:00:00,25.0,60.1818,500.0493,7.8755,49.0245,0,40.0,20.0,NORMAL,Synthetic / Demonstration Dataset
C1709,LOT_2026_06,MOSFET_IRFZ44N,TEST_LOT_2026_06_24H,2026-08-14 08:00:00,125.0,59.9434,500.1056,9.6561,49.237,24,40.0,20.0,NORMAL,Synthetic / Demonstration Dataset
C1709,LOT_2026_06,MOSFET_IRFZ44N,TEST_LOT_2026_06_96H,2026-08-17 08:00:00,125.0,60.0981,500.1047,9.8249,49.8153,96,40.0,20.0,NORMAL,Synthetic / Demonstration Dataset
C1709,LOT_2026_06,MOSFET_IRFZ44N,TEST_LOT_2026_06_168H,2026-08-20 08:00:00,85.0,59.7878,500.1091,9.7784,50.473,168,40.0,20.0,NORMAL,Synthetic / Demonstration Dataset
C1710,LOT_2026_06,MOSFET_IRFZ44N,TEST_LOT_2026_06_0H,2026-08-06 08:00:00,25.0,60.1287,500.073,7.7867,49.4502,0,40.0,20.0,NORMAL,Synthetic / Demonstration Dataset
C1710,LOT_2026_06,MOSFET_IRFZ44N,TEST_LOT_2026_06_24H,2026-08-07 08:00:00,125.0,60.77,500.09,9.5222,49.3744,24,40.0,20.0,NORMAL,Synthetic / Demonstration Dataset
C1710,LOT_2026_06,MOSFET_IRFZ44N,TEST_LOT_2026_06_96H,2026-08-10 08:00:00,125.0,59.8172,500.1305,9.9487,48.7461,96,40.0,20.0,NORMAL,Synthetic / Demonstration Dataset
C1710,LOT_2026_06,MOSFET_IRFZ44N,TEST_LOT_2026_06_168H,2026-08-13 08:00:00,85.0,59.7242,500.0386,9.1715,49.3368,168,40.0,20.0,NORMAL,Synthetic / Demonstration Dataset
C1711,LOT_2026_06,MOSFET_IRFZ44N,TEST_LOT_2026_06_0H,2026-08-16 08:00:00,25.0,59.9712,500.0046,7.2924,48.7885,0,40.0,20.0,NORMAL,Synthetic / Demonstration Dataset
C1711,LOT_2026_06,MOSFET_IRFZ44N,TEST_LOT_2026_06_24H,2026-08-17 08:00:00,125.0,60.1686,500.1336,9.3188,50.1519,24,40.0,20.0,NORMAL,Synthetic / Demonstration Dataset
C1711,LOT_2026_06,MOSFET_IRFZ44N,TEST_LOT_2026_06_96H,2026-08-20 08:00:00,125.0,61.1221,500.0706,9.556,49.4547,96,40.0,20.0,NORMAL,Synthetic / Demonstration Dataset
C1711,LOT_2026_06,MOSFET_IRFZ44N,TEST_LOT_2026_06_168H,2026-08-23 08:00:00,85.0,60.425,500.1284,8.9665,50.3334,168,40.0,20.0,NORMAL,Synthetic / Demonstration Dataset
C1712,LOT_2026_06,MOSFET_IRFZ44N,TEST_LOT_2026_06_0H,2026-08-09 08:00:00,25.0,60.2557,500.0298,7.8775,49.8996,0,40.0,20.0,NORMAL,Synthetic / Demonstration Dataset
C1712,LOT_2026_06,MOSFET_IRFZ44N,TEST_LOT_2026_06_24H,2026-08-10 08:00:00,125.0,59.8151,500.0788,9.6122,49.5159,24,40.0,20.0,NORMAL,Synthetic / Demonstration Dataset
C1712,LOT_2026_06,MOSFET_IRFZ44N,TEST_LOT_2026_06_96H,2026-08-13 08:00:00,125.0,59.6858,500.0272,9.5504,49.4218,96,40.0,20.0,NORMAL,Synthetic / Demonstration Dataset
C1712,LOT_2026_06,MOSFET_IRFZ44N,TEST_LOT_2026_06_168H,2026-08-16 08:00:00,85.0,60.4414,500.1477,10.1439,50.6017,168,40.0,20.0,NORMAL,Synthetic / Demonstration Dataset
C1713,LOT_2026_06,MOSFET_IRFZ44N,TEST_LOT_2026_06_0H,2026-08-14 08:00:00,25.0,61.1005,500.0321,12.0661,50.4796,0,40.0,20.0,LOT_ANOMALY,Synthetic / Demonstration Dataset
C1713,LOT_2026_06,MOSFET_IRFZ44N,TEST_LOT_2026_06_24H,2026-08-15 08:00:00,125.0,59.7182,500.1329,14.79,52.1939,24,40.0,20.0,LOT_ANOMALY,Synthetic / Demonstration Dataset
C1713,LOT_2026_06,MOSFET_IRFZ44N,TEST_LOT_2026_06_96H,2026-08-18 08:00:00,125.0,60.0212,500.1217,15.7846,51.9133,96,40.0,20.0,LOT_ANOMALY,Synthetic / Demonstration Dataset
C1713,LOT_2026_06,MOSFET_IRFZ44N,TEST_LOT_2026_06_168H,2026-08-21 08:00:00,85.0,59.6705,500.134,14.638,51.8107,168,40.0,20.0,LOT_ANOMALY,Synthetic / Demonstration Dataset
C1714,LOT_2026_06,MOSFET_IRFZ44N,TEST_LOT_2026_06_0H,2026-08-06 08:00:00,25.0,59.3214,500.0675,7.3753,48.2048,0,40.0,20.0,NORMAL,Synthetic / Demonstration Dataset
C1714,LOT_2026_06,MOSFET_IRFZ44N,TEST_LOT_2026_06_24H,2026-08-07 08:00:00,125.0,59.2148,500.0812,8.8866,49.0534,24,40.0,20.0,NORMAL,Synthetic / Demonstration Dataset
C1714,LOT_2026_06,MOSFET_IRFZ44N,TEST_LOT_2026_06_96H,2026-08-10 08:00:00,125.0,60.2435,500.0919,9.5368,49.4095,96,40.0,20.0,NORMAL,Synthetic / Demonstration Dataset
C1714,LOT_2026_06,MOSFET_IRFZ44N,TEST_LOT_2026_06_168H,2026-08-13 08:00:00,85.0,60.4144,500.0959,8.8788,50.1611,168,40.0,20.0,NORMAL,Synthetic / Demonstration Dataset
C1715,LOT_2026_06,MOSFET_IRFZ44N,TEST_LOT_2026_06_0H,2026-08-11 08:00:00,25.0,60.5482,500.0899,8.3258,49.4669,0,40.0,20.0,NORMAL,Synthetic / Demonstration Dataset
C1715,LOT_2026_06,MOSFET_IRFZ44N,TEST_LOT_2026_06_24H,2026-08-12 08:00:00,125.0,59.725,500.1179,10.0397,50.1738,24,40.0,20.0,NORMAL,Synthetic / Demonstration Dataset
C1715,LOT_2026_06,MOSFET_IRFZ44N,TEST_LOT_2026_06_96H,2026-08-15 08:00:00,125.0,60.6602,500.0341,10.5336,49.8283,96,40.0,20.0,NORMAL,Synthetic / Demonstration Dataset
C1715,LOT_2026_06,MOSFET_IRFZ44N,TEST_LOT_2026_06_168H,2026-08-18 08:00:00,85.0,59.5654,500.2676,9.8757,50.1699,168,40.0,20.0,NORMAL,Synthetic / Demonstration Dataset
C1716,LOT_2026_06,MOSFET_IRFZ44N,TEST_LOT_2026_06_0H,2026-08-11 08:00:00,25.0,59.6907,500.0539,7.7878,48.9075,0,40.0,20.0,NORMAL,Synthetic / Demonstration Dataset
C1716,LOT_2026_06,MOSFET_IRFZ44N,TEST_LOT_2026_06_24H,2026-08-12 08:00:00,125.0,59.726,500.0825,9.6122,50.411,24,40.0,20.0,NORMAL,Synthetic / Demonstration Dataset
C1716,LOT_2026_06,MOSFET_IRFZ44N,TEST_LOT_2026_06_96H,2026-08-15 08:00:00,125.0,60.1512,500.035,10.2038,50.3442,96,40.0,20.0,NORMAL,Synthetic / Demonstration Dataset
C1716,LOT_2026_06,MOSFET_IRFZ44N,TEST_LOT_2026_06_168H,2026-08-18 08:00:00,85.0,60.8219,500.1354,9.8666,50.5734,168,40.0,20.0,NORMAL,Synthetic / Demonstration Dataset
C1717,LOT_2026_06,MOSFET_IRFZ44N,TEST_LOT_2026_06_0H,2026-08-10 08:00:00,25.0,60.3769,500.0452,7.9195,49.0913,0,40.0,20.0,NORMAL,Synthetic / Demonstration Dataset
C1717,LOT_2026_06,MOSFET_IRFZ44N,TEST_LOT_2026_06_24H,2026-08-11 08:00:00,125.0,59.6463,500.0576,10.0625,50.0751,24,40.0,20.0,NORMAL,Synthetic / Demonstration Dataset
C1717,LOT_2026_06,MOSFET_IRFZ44N,TEST_LOT_2026_06_96H,2026-08-14 08:00:00,125.0,60.3895,500.0752,9.7818,50.6642,96,40.0,20.0,NORMAL,Synthetic / Demonstration Dataset
C1717,LOT_2026_06,MOSFET_IRFZ44N,TEST_LOT_2026_06_168H,2026-08-17 08:00:00,85.0,60.7522,500.0492,8.7401,48.5618,168,40.0,20.0,NORMAL,Synthetic / Demonstration Dataset
C1718,LOT_2026_06,MOSFET_IRFZ44N,TEST_LOT_2026_06_0H,2026-08-14 08:00:00,25.0,59.8472,500.0256,8.104,48.2954,0,40.0,20.0,NORMAL,Synthetic / Demonstration Dataset
C1718,LOT_2026_06,MOSFET_IRFZ44N,TEST_LOT_2026_06_24H,2026-08-15 08:00:00,125.0,60.5855,500.1289,9.9628,50.0069,24,40.0,20.0,NORMAL,Synthetic / Demonstration Dataset
C1718,LOT_2026_06,MOSFET_IRFZ44N,TEST_LOT_2026_06_96H,2026-08-18 08:00:00,125.0,59.9837,500.0311,10.2572,49.4892,96,40.0,20.0,NORMAL,Synthetic / Demonstration Dataset
C1718,LOT_2026_06,MOSFET_IRFZ44N,TEST_LOT_2026_06_168H,2026-08-21 08:00:00,85.0,59.9036,500.1369,9.4335,50.0575,168,40.0,20.0,NORMAL,Synthetic / Demonstration Dataset
C1719,LOT_2026_06,MOSFET_IRFZ44N,TEST_LOT_2026_06_0H,2026-08-15 08:00:00,25.0,59.8318,500.0157,8.4713,49.4211,0,40.0,20.0,NORMAL,Synthetic / Demonstration Dataset
C1719,LOT_2026_06,MOSFET_IRFZ44N,TEST_LOT_2026_06_24H,2026-08-16 08:00:00,125.0,58.5669,500.0636,10.5315,49.9548,24,40.0,20.0,NORMAL,Synthetic / Demonstration Dataset
C1719,LOT_2026_06,MOSFET_IRFZ44N,TEST_LOT_2026_06_96H,2026-08-19 08:00:00,125.0,59.518,500.1038,10.5681,50.1893,96,40.0,20.0,NORMAL,Synthetic / Demonstration Dataset
C1719,LOT_2026_06,MOSFET_IRFZ44N,TEST_LOT_2026_06_168H,2026-08-22 08:00:00,85.0,59.5702,500.0667,9.8645,49.4461,168,40.0,20.0,NORMAL,Synthetic / Demonstration Dataset
C1720,LOT_2026_06,MOSFET_IRFZ44N,TEST_LOT_2026_06_0H,2026-08-02 08:00:00,25.0,60.3427,500.0439,8.2462,49.8074,0,40.0,20.0,NORMAL,Synthetic / Demonstration Dataset
C1720,LOT_2026_06,MOSFET_IRFZ44N,TEST_LOT_2026_06_24H,2026-08-03 08:00:00,125.0,60.9181,500.0685,10.0599,49.118,24,40.0,20.0,NORMAL,Synthetic / Demonstration Dataset
C1720,LOT_2026_06,MOSFET_IRFZ44N,TEST_LOT_2026_06_96H,2026-08-06 08:00:00,125.0,60.1491,500.1057,10.4002,49.9111,96,40.0,20.0,NORMAL,Synthetic / Demonstration Dataset
C1720,LOT_2026_06,MOSFET_IRFZ44N,TEST_LOT_2026_06_168H,2026-08-09 08:00:00,85.0,59.6932,500.0816,9.6682,50.2129,168,40.0,20.0,NORMAL,Synthetic / Demonstration Dataset
